Status,Facility,Facility_ward,Facility_constituency,Facility_subcounty,Facility_county,Name,Code,Date_established
Fully-functional,Nadanya Dispensary,Lyaduywa/Izava,Sabatia,Sabatia,Vihiga,Mukingi Community Unit,703403,41792
Fully-functional,Kegondi Health Centre,West Sabatia,Sabatia,Sabatia,Vihiga,Hamuyundi Community Unit,703415,41074
Fully-functional,Kegondi Health Centre,West Sabatia,Sabatia,Sabatia,Vihiga,Solongo Community Unit,703416,41974
Fully-functional,Givudimbuli Health Centre,Wodanga,Sabatia,Sabatia,Vihiga,Gaigedi Community Unit,703417,41703
Fully-functional,Givudimbuli Health Centre,Wodanga,Sabatia,Sabatia,Vihiga,Gaigedi,703418,41703
Fully-functional,KAKUTHA DISPENSARY,Mbitini,Makueni,Makueni,Makueni,Kakutha Community Health Unit,703401,43878
Fully-functional,Ivinga Nzia Dispensary,Mavindini,Makueni,Makueni,Makueni,Ivinga Nzia Community Health Unit,703400,43889
Fully-functional,Didewaride Dispensary,Witu,Lamu West,Lamu West,Lamu,Didewaride Community Unit,703395,43529
non-functinoal,Kianjuri Dispensary,Ntima West,North Imenti,Imenti North,Meru,Kirugua Community Health Unit,703399,43850
semi-functional,Karii Dispensary,Akithii,Tigania West,Tigania West,Meru,Karii Comunity Health Unit,703398,43836
Fully-functional,Sinambio Disp,Hongwe,Lamu West,Lamu West,Lamu,Bomani Community Unit,703393,42618
Fully-functional,Hongwe Catholic Dispensary,Hongwe,Lamu West,Lamu West,Lamu,Hongwe Community Unit,703394,41519
Fully-functional,Nyachogochogo Dispensary,Bassi Bogetaorio,Bobasi,Bobasi,Kisii,Rogongo Community Health Unit,703381,41701
Fully-functional,Rusinga Dispensary,Bobasi/Boitangare,Bobasi,Bobasi,Kisii,Rusinga Community Health Unit(Bobasi/Boitangare),703382,41701
Fully-functional,Rusinga Dispensary,Bobasi/Boitangare,Bobasi,Bobasi,Kisii,Riobara Community Health Unit,703383,41701
Fully-functional,Omosaria Dispensary,Masige West,Bobasi,Bobasi,Kisii,Orogare Community Health Unit,703384,41701
Fully-functional,Nyacheki Sub County Hospital,Nyacheki,Bobasi,Bobasi,Kisii,Getai Community Health Unit,703385,41701
Fully-functional,Gionsaria Health Centre (Nyamache),Bassi Bogetaorio,Bobasi,Bobasi,Kisii,Riontweka Community Health Unit,703388,41701
Fully-functional,Nyacheki Sub County Hospital,Nyacheki,Bobasi,Bobasi,Kisii,Keera Community Health Unit,703389,41701
Fully-functional,Sugubo Dispensary,Nyacheki,Bobasi,Bobasi,Kisii,Riosugo Community Health Unit,703390,41701
Fully-functional,Rusinga Dispensary,Bobasi/Boitangare,Bobasi,Bobasi,Kisii,Nyamagwa Community Health Unit,703392,41701
Fully-functional,Motonto Health Centre,Bobasi Chache,Bobasi,Bobasi,Kisii,Getenga Community Health Unit,703386,41701
Fully-functional,Nyansakia Health Centre,Sameta/Mokwerero,Bobasi,Bobasi,Kisii,Nyagancha Community Health Unit,703391,41701
Fully-functional,Nyamokenye Health Centre(Sameta),Sameta/Mokwerero,Bobasi,Bobasi,Kisii,Rigo Community Health Unit,703387,41701
Fully-functional,Emusire Sub County Hospital,Central Bunyore,Emuhaya,Emuhaya,Vihiga,Emanyinya Community Health Unit,703414,42335
Fully-functional,Likindu Dispensary,Tambua,Hamisi,Hamisi,Vihiga,Ivola Community Unit,703404,42010
Fully-functional,Shiru Health Centre,Shiru,Hamisi,Hamisi,Vihiga,Shiru Community Unit,703405,41276
Fully-functional,Serem Health Centre,Shamakhokho,Hamisi,Hamisi,Vihiga,Kisasi Community Unit,703406,42737
Fully-functional,Kaptech Dispensary,Muhudu,Hamisi,Hamisi,Vihiga,Mulundu Community Unit,703408,42767
Fully-functional,Kaptech Dispensary,Muhudu,Hamisi,Hamisi,Vihiga,Muhudu Community Unit,703407,42767
Fully-functional,Givole Dispensary,Jepkoyai,Hamisi,Hamisi,Vihiga,Givole Community Unit,703409,42738
Fully-functional,Kimogoi Dispensary,Gisambai,Hamisi,Hamisi,Vihiga,Gamoi Community Unit,703410,42737
Fully-functional,Hamisi Sub County Hospital,Gisambai,Hamisi,Hamisi,Vihiga,Senende Community Unit,703411,42737
Fully-functional,Hamisi Sub County Hospital,Gisambai,Hamisi,Hamisi,Vihiga,Gavudunyi Community Unit,703412,42737
Fully-functional,Banja Health Centre,Banja,Hamisi,Hamisi,Vihiga,Givigo Community Unit,703413,42737
Fully-functional,Ebusiratsi Health Centre,North East Bunyore,Emuhaya,Emuhaya,Vihiga,Ekaita B Community Health Unit,703338,42853
Fully-functional,Essaba Dispensary,Central Bunyore,Emuhaya,Emuhaya,Vihiga,Essaba B community Health Unit,703340,42385
Fully-functional,Emusire Sub County Hospital,Central Bunyore,Emuhaya,Emuhaya,Vihiga,Ebusubi Community Health Unit,703341,42522
Fully-functional,Ipali Health Centre,West Bunyore,Emuhaya,Emuhaya,Vihiga,Itumbu B Community Health Unit,703342,42325
Fully-functional,Ipali Health Centre,West Bunyore,Emuhaya,Emuhaya,Vihiga,Esibakala Community Health Unit,703343,42324
Fully-functional,Ipali Health Centre,West Bunyore,Emuhaya,Emuhaya,Vihiga,Itumbu A Community Health Unit,703344,42326
Fully-functional,Ebukanga Dispensary,West Bunyore,Emuhaya,Emuhaya,Vihiga,Esikhuyu Community Health Unit,703345,42383
Fully-functional,Ebusiratsi Health Centre,North East Bunyore,Emuhaya,Emuhaya,Vihiga,Esibuye Community Health Unit,703346,42438
Fully-functional,Ematsuli Dispensary,North East Bunyore,Emuhaya,Emuhaya,Vihiga,Ebukhunza Community Health Unit,703347,41801
Fully-functional,Esiarambatsi Health Centre,North East Bunyore,Emuhaya,Emuhaya,Vihiga,Emurembe Communty Health Unit,703350,41442
Fully-functional,Ematsuli Dispensary,North East Bunyore,Emuhaya,Emuhaya,Vihiga,Ematsuli Community Health Unit,703351,41702
Fully-functional,Ebukhaya Dispensary,Central Bunyore,Emuhaya,Emuhaya,Vihiga,Ebukhaya Community Health Unit,703352,42313
Fully-functional,Ebusiratsi Health Centre,North East Bunyore,Emuhaya,Emuhaya,Vihiga,Emuhondo Community Health Unit,703353,42403
Fully-functional,Ebukanga Dispensary,West Bunyore,Emuhaya,Emuhaya,Vihiga,Emmabwi Community Health Unit,703354,42285
Fully-functional,Ebukanga Dispensary,West Bunyore,Emuhaya,Emuhaya,Vihiga,Mulunyenya Community Health Unit,703356,41400
Fully-functional,Esiarambatsi Health Centre,North East Bunyore,Emuhaya,Emuhaya,Vihiga,Ebusiloli Community Health Unit,703358,42052
Fully-functional,Essaba Dispensary,Central Bunyore,Emuhaya,Emuhaya,Vihiga,Essaba A Community Health Unit,703359,42430
Fully-functional,Ematsuli Dispensary,North East Bunyore,Emuhaya,Emuhaya,Vihiga,Emusutswi Community Health Unit,703360,42376
Fully-functional,Esirulo Dispensary,Central Bunyore,Emuhaya,Emuhaya,Vihiga,Esirulo Health Community Unit,703362,42552
semi-functional,Mandingo Dispensary,Kipini West,Garsen,Garsen,Tana River,Mandingo Community Health Unit,703376,42888
semi-functional,Idsowe Dispensary,Garsen South,Garsen,Garsen,Tana River,Danisa Community Health Unit,703377,43831
Fully-functional,Ebukoolo Dispensary,West Bunyore,Emuhaya,Emuhaya,Vihiga,Emukolla Community Health Unit,703363,41820
Fully-functional,Ebukoolo Dispensary,West Bunyore,Emuhaya,Emuhaya,Vihiga,Embali Community Health Unit,703364,42941
Fully-functional,Emusire Sub County Hospital,Central Bunyore,Emuhaya,Emuhaya,Vihiga,Essunza Community Health Unit,703365,42374
Fully-functional,Emusire Sub County Hospital,Central Bunyore,Emuhaya,Emuhaya,Vihiga,Essunza,703367,42374
semi-functional,Muhamarani Dispensary,Mkunumbi,Lamu West,Lamu West,Lamu,Muhamarani Community Unit,703336,41742
Fully-functional,Inyali Dispensary,North Maragoli,Sabatia,Sabatia,Vihiga,Kivagala community unit,703368,43572
Fully-functional,Inyali Dispensary,North Maragoli,Sabatia,Sabatia,Vihiga,Kivagala Community Unit,703369,43572
Fully-functional,Nadanya Dispensary,Lyaduywa/Izava,Sabatia,Sabatia,Vihiga,Viyalo Community Unit,703370,43558
Fully-functional,Munoywa Dispensary,Lyaduywa/Izava,Sabatia,Sabatia,Vihiga,Evojo comunity unit,703371,43558
Fully-functional,Munoywa Dispensary,Lyaduywa/Izava,Sabatia,Sabatia,Vihiga,Evojo,703372,43558
Fully-functional,Ogando Dispensary,Lambwe,Mbita,Mbita,Homa Bay,Ogongo B,703379,43833
semi-functional,Bargoni Nys Dispensary,Hindi,Lamu West,Lamu West,Lamu,Bargoni Community Unit,703335,43405
semi-functional,Jirwani Dispensary,Shamakhokho,Hamisi,Hamisi,Vihiga,Kalwani Community Unit,703374,43801
Fully-functional,Tigoi Health Centre,Jepkoyai,Hamisi,Hamisi,Vihiga,Tigoi community unit,703375,43801
semi-functional,Kathiranga Dispensary,Abothuguchi West,Central Imenti,Imenti Central,Meru,Kathiranga Community Unit,703322,43831
semi-functional,Mwanika dispensary,Abothuguchi West,Central Imenti,Imenti Central,Meru,Mwanika Community Unit,703323,43831
semi-functional,Katheri Health Centre,Abothuguchi West,Central Imenti,Imenti Central,Meru,Kinjo Community Unit,703324,43831
semi-functional,Gitauga Dispensary,Abothuguchi Central,Central Imenti,Imenti Central,Meru,Gitauga Community Unit,703325,43831
semi-functional,Kaguma Dispensary,Mwangathia,Central Imenti,Imenti Central,Meru,Kaguma Community Unit,703329,43831
semi-functional,Gatimbi Health Centre,Abothuguchi Central,Central Imenti,Imenti Central,Meru,Gatimbi Community Unit,703328,43831
semi-functional,Makandune Dispensary,Kiagu,Central Imenti,Imenti Central,Meru,Makandune Community Unit,703330,43831
semi-functional,Kiija Dispensary,Kiagu,Central Imenti,Imenti Central,Meru,Kiija Community Unit,703331,43831
semi-functional,Njuthine Dispensary,Mwangathia,Central Imenti,Imenti Central,Meru,Njuthine Community Unit,703333,43831
semi-functional,Igane Health Centre,Kiagu,Central Imenti,Imenti Central,Meru,Igane Community unit,703334,43831
semi-functional,Runywene dispensary,Mwangathia,Central Imenti,Imenti Central,Meru,Runywene community unit,703312,43831
semi-functional,Kagoji Dispensary,Abothuguchi West,Central Imenti,Imenti Central,Meru,Kagoji,703302,43739
Fully-functional,Gitugi Dispensary (Nyeri South),Mahiga,Nyeri South,Nyeri South,Nyeri,Gitugi community unit,703297,43101
Fully-functional,Tudor District Hospital (Mombasa),Tudor,Mvita,Mvita,Mombasa,Kaa Chonjo Community Unit,703293,42370
Fully-functional,Bubisa Dispensary,Turbi,North Horr,North Horr,Marsabit,BUBISA COMMUNITY UNIT 2,703292,43801
Fully-functional,Kajiado County Referral Hospital,Ildamat,Kajiado Central,Kajiado Central,Kajiado,Olkiloriti Community Health Unit,703313,42919
Fully-functional,Emotoroki Dispensary,Matapato North,Kajiado Central,Kajiado Central,Kajiado,Olchoro Oibor Community Health Unit,703314,43790
Fully-functional,Ngatataek Health Centre,Matapato North,Kajiado Central,Kajiado Central,Kajiado,Ilpartimaro Community Health Unit,703315,43710
Fully-functional,Namanga Health Centre,Matapato South,Kajiado Central,Kajiado Central,Kajiado,Karero Community Unit,703316,43739
Fully-functional,Mailwa Dispensary,Matapato South,Kajiado Central,Kajiado Central,Kajiado,Sere Community Health Unit,703317,43770
Fully-functional,Portland dispensary,Matapato North,Kajiado Central,Kajiado Central,Kajiado,Lenkishon Community Health Unit,703318,43801
Fully-functional,Maparasha Dispensary,Matapato North,Kajiado Central,Kajiado Central,Kajiado,Maparasha Community Health Unit,703319,43770
Fully-functional,Kumpa CMF Dispensary,Matapato South,Kajiado Central,Kajiado Central,Kajiado,Inkiito Community Health Unit,703320,43770
Fully-functional,Ningaini Dispensary,Mukurwe-ini West,Mukurweini,Mukurweini,Nyeri,Gatura,703300,41934
Fully-functional,Ningaini Dispensary,Mukurwe-ini West,Mukurweini,Mukurweini,Nyeri,Muyu,703301,41934
Fully-functional,Kumpa CMF Dispensary,Matapato South,Kajiado Central,Kajiado Central,Kajiado,Lindi Community Health Unit,703321,43601
non-functinoal,Mbuni Dispensary,Matungulu West,Matungulu,Matungulu,Machakos,Nzambani Community Health Unit,703284,43795
semi-functional,Mbuni Dispensary,Matungulu West,Matungulu,Matungulu,Machakos,Kwale Community Health Unit,703283,43795
semi-functional,Kiaragana Dispensary,Mukure,Ndia,Kirinyaga West,Kirinyaga,Kanyokora Community Health Unit,703286,42446
semi-functional,Imulama Dispensary,Idakho North,Ikolomani,Ikolomani,Kakamega,Imbale Community Health Unit,703281,43374
Fully-functional,Tabaita Dispensary,Kaplelartet,Sigowet/Soin,Sigowet/Soin,Kericho,Tabaita Community Unit,703280,43649
Fully-functional,Kapsomboch Dispensary,Kaplelartet,Sigowet/Soin,Sigowet/Soin,Kericho,Kapsomboch Community Health Unit,703279,43682
Fully-functional,Wargadud Medical Centre,Wargudud,Mandera South,Mandera South,Mandera,Wargadud Community Test Unit,703278,43739
non-functinoal,Biliqo Marara Dispensary,Chari,Isiolo North,Merti,Isiolo,Biliqo Marara Community Health Unit,703275,43608
non-functinoal,Duse Dispensary,Kinna,Isiolo South,Garbatulla,Isiolo,Duse Community Health Unit,703256,42167
semi-functional,Garbatulla District Hospital,Garba Tulla,Isiolo South,Garbatulla,Isiolo,Garbatulla South Community Health Unit,703255,41044
Fully-functional,Isiolo District Hospital,Wabera,Isiolo North,Isiolo,Isiolo,Tuluroba Community Health Unit,703254,41379
non-functinoal,Boji Dispensary,Garba Tulla,Isiolo South,Garbatulla,Isiolo,Boji Community Health Unit,703253,41105
semi-functional,Sengani Dispensary,Tala,Matungulu,Matungulu,Machakos,Kyaume Community Health Unit,703242,43483
semi-functional,Chepkemel Dispensary,Ngenyilel,Turbo,Turbo,Uasin Gishu,Chepkemel Community Health Unit,703213,37482
semi-functional,GK Prison Dispensary (Meru),Municipality,North Imenti,Imenti North,Meru,Mjini Health Community Health Unit,703200,43578
Fully-functional,Lukolis Model Health Centre,Amukura West,Teso South,Teso South,Busia,Akites Community Health Unit,703199,42584
Fully-functional,Ngelechom Community Dispensary,Chakol North,Teso South,Teso South,Busia,Aciit Community Health Unit,703198,42226
Fully-functional,Alupe Sub County Referral Hospital,Ang'orom,Teso South,Teso South,Busia,Agolot Community Health Unit,703197,42592
Fully-functional,Alupe Sub County Referral Hospital,Ang'orom,Teso South,Teso South,Busia,Amerikwai Community Health Unit,703196,42585
Fully-functional,Obekai Dispensary,Amukura Central,Teso South,Teso South,Busia,Kaliwa Community Health Unit,703195,42431
Fully-functional,Awach Health Centre,Kabondo West,Kabondo Kasipul,Kabondo Kasipul,Homa Bay,Koloo Community Health Unit,703189,42922
Fully-functional,Odino Health Centre,Kabondo West,Kabondo Kasipul,Kabondo Kasipul,Homa Bay,Lower Kakangutu West Community Health Unit,703188,42571
Fully-functional,Kauma Health Centre (Rachuonyo),Kabondo West,Kabondo Kasipul,Kabondo Kasipul,Homa Bay,Upper Kakangutu West Community Health Unit,703187,42557
Fully-functional,Othoro Health Centre (Rachuonyo),Kabondo East,Kabondo Kasipul,Kabondo Kasipul,Homa Bay,Othoro Community Health Unit,703186,42564
Fully-functional,Holy Family Oriang Mission Dispensary,Kabondo East,Kabondo Kasipul,Kabondo Kasipul,Homa Bay,Kodhoch East B Community Health Unit,703185,42565
Fully-functional,Got Kamondi Dispensary,Kabondo East,Kabondo Kasipul,Kabondo Kasipul,Homa Bay,Miriu B Community Health Unit,703184,42188
Fully-functional,Othoro Health Centre (Rachuonyo),Kabondo East,Kabondo Kasipul,Kabondo Kasipul,Homa Bay,Pala Community Health Unit,703183,42195
Fully-functional,Atela Health Centre,Kabondo East,Kabondo Kasipul,Kabondo Kasipul,Homa Bay,Kodumo East Community Health Unit,703182,41823
Fully-functional,Omiro Dispensary,Kokwanyo/Kakelo,Kabondo Kasipul,Kabondo Kasipul,Homa Bay,Kakello Kamroth B Community Health Unit,703181,42187
Fully-functional,Godber Health Centre,Kokwanyo/Kakelo,Kabondo Kasipul,Kabondo Kasipul,Homa Bay,Kakello Dudi B Community Health Unit,703180,43286
Fully-functional,Tala Health Centre,Kokwanyo/Kakelo,Kabondo Kasipul,Kabondo Kasipul,Homa Bay,Kokwanyo East Community Health Unit,703179,41822
Fully-functional,Kokwanyo Health Centre,Kokwanyo/Kakelo,Kabondo Kasipul,Kabondo Kasipul,Homa Bay,Kokwanyo West Community Health Unit,703178,41821
Fully-functional,Harambee Health Centre,Kojwach,Kabondo Kasipul,Kabondo Kasipul,Homa Bay,Kawere Community Health Unit,703177,41828
Fully-functional,Kimonge Health Centre,Kojwach,Kabondo Kasipul,Kabondo Kasipul,Homa Bay,Kojwach East Community Health Unit,703176,41673
Fully-functional,Ngolo Dispensary,North Karachuonyo,Karachuonyo,Karachuonyo,Homa Bay,Kokidi Community Health Unit,703175,40371
Fully-functional,Nyaoga Community Dispensary,North Karachuonyo,Karachuonyo,Karachuonyo,Homa Bay,Kokoth B West Community Health Unit,703174,40373
Fully-functional,Homa Hills Health Centre,West Karachuonyo,Karachuonyo,Karachuonyo,Homa Bay,Rabuor Community Health Unit,703173,40737
Fully-functional,Homa Hills Health Centre,West Karachuonyo,Karachuonyo,Karachuonyo,Homa Bay,Kanyango Community Health Unit,703172,40877
Fully-functional,Homa Lime Health Centre,West Karachuonyo,Karachuonyo,Karachuonyo,Homa Bay,Koguta Community Health Unit,703171,40877
Fully-functional,Ndere Dispensary,West Karachuonyo,Karachuonyo,Karachuonyo,Homa Bay,Kanyadenda Community Health Unit,703170,40877
Fully-functional,Ndere Dispensary,West Karachuonyo,Karachuonyo,Karachuonyo,Homa Bay,Kowuor Community Health Unit,703169,40877
Fully-functional,Okiki Amayo Health Centre,West Karachuonyo,Karachuonyo,Karachuonyo,Homa Bay,Kayoo East Community Health Unit,703167,40576
Fully-functional,Okiki Amayo Health Centre,West Karachuonyo,Karachuonyo,Karachuonyo,Homa Bay,Kayoo Central Community Health Unit,703166,40575
Fully-functional,Alum Beach Dispensary,West Karachuonyo,Karachuonyo,Karachuonyo,Homa Bay,Kayoo West Community Health Unit,703165,40709
Fully-functional,Alum Beach Dispensary,West Karachuonyo,Karachuonyo,Karachuonyo,Homa Bay,Kalwal Community Health Unit,703164,40739
Fully-functional,Kodula Dispensary,West Karachuonyo,Karachuonyo,Karachuonyo,Homa Bay,Kawiti Community Health Unit,703163,40739
Fully-functional,Kodula Dispensary,West Karachuonyo,Karachuonyo,Karachuonyo,Homa Bay,Kamuga Community Health Unit,703162,40739
Fully-functional,Oriwo Dispensary,Kibiri,Karachuonyo,Karachuonyo,Homa Bay,Kodero Community Health Unit,703161,40700
Fully-functional,Wikondiek Dispensary,Kanyaluo,Karachuonyo,Karachuonyo,Homa Bay,Kamenya South Community Health Unit,703160,41075
Fully-functional,Chuthber Dispensary,Wang'chieng,Karachuonyo,Karachuonyo,Homa Bay,Karabondi B Community Health Unit,703159,39644
Fully-functional,Rakwaro Dispensary,Wang'chieng,Karachuonyo,Karachuonyo,Homa Bay,Rakwaro Community Health Unit,703158,41927
Fully-functional,Miriu Health Centre,Wang'chieng,Karachuonyo,Karachuonyo,Homa Bay,Kamwala Community Health Unit,703157,40709
Fully-functional,Miriu Health Centre,Wang'chieng,Karachuonyo,Karachuonyo,Homa Bay,Weta Kamwala Community Health Unit,703156,40009
Fully-functional,Obanga Health Centre,Gwassi North,Suba,Suba South,Homa Bay,Kitawa Community Health Unit,703155,39938
Fully-functional,Seka Health Centre,Gwassi South,Suba,Suba South,Homa Bay,Lwala Upper Community Health Unit,703154,42557
Fully-functional,Nyametaburo Health Centre,Mokerero,Kuria West,Kuria West,Migori,Nyang'ti Community Health Unit,703153,42263
Fully-functional,Isibania Mission Health Centre,Nyanmosense/Komosoko,Kuria West,Kuria West,Migori,Isibania Community Health Unit,703152,42019
Fully-functional,Nyasese Dispensary,Mokerero,Kuria West,Kuria West,Migori,Nyases Community Health Unit,703151,42170
Fully-functional,Isibania Sub-District Hospital,Isibania,Kuria West,Kuria West,Migori,Nyamaharaga Community Health Unit,703150,41440
Fully-functional,Iraha Dispensary,Nyanmosense/Komosoko,Kuria West,Kuria West,Migori,Iraha Community Health Unit,703149,41805
Fully-functional,Nyabokarange Dispensary,Bukira Central/Ikerege,Kuria West,Kuria West,Migori,Kiomakebe Community Health Unit,703148,39979
Fully-functional,Nyamekongoroto Health Centre,Masaba,Kuria West,Kuria West,Migori,Nyanchabo Community Health Unit,703147,41846
Fully-functional,Muchebe Dispensary,Tagare,Kuria West,Kuria West,Migori,Muchebe Community Health Unit,703146,42784
Fully-functional,Motemorabu Dispensary,Nyanmosense/Komosoko,Kuria West,Kuria West,Migori,Motemorabu Community Health Unit,703145,42019
Fully-functional,Ngisiru Dispensary,Tagare,Kuria West,Kuria West,Migori,Moseta Community Health Unit,703144,41075
Fully-functional,KDH,Bukira East,Kuria West,Kuria West,Migori,"Kehancha ""B"" Community Health Unit",703143,42536
Fully-functional,KDH,Bukira East,Kuria West,Kuria West,Migori,"Kehancha ""A"" Community Health Unit",703142,39979
Fully-functional,Nyamekongoroto Health Centre,Masaba,Kuria West,Kuria West,Migori,Getong'anya Community Health Unit,703141,42262
Fully-functional,Masaba Health Centre,Masaba,Kuria West,Kuria West,Migori,Masaba Community Health Unit,703140,42159
Fully-functional,Kohanga Dispensary,Masaba,Kuria West,Kuria West,Migori,Nyamagagana Community Health Unit,703139,41075
Fully-functional,Ong'amo Dispensary,West Kasipul,Kasipul,Rachuonyo South,Homa Bay,Kamyawa B Community Health Unit,703138,41092
Fully-functional,Dol Kodera Health Centre,West Kasipul,Kasipul,Rachuonyo South,Homa Bay,Kamyawa A Community Health Unit,703137,43291
Fully-functional,Koywech Dispensary,Central Kasipul,Kasipul,Rachuonyo South,Homa Bay,Kawere East Community Health Unit,703136,41092
Fully-functional,Simbiri Nanbell Health Centre,Central Kasipul,Kasipul,Rachuonyo South,Homa Bay,Kawere West Community Health Unit,703135,41061
Fully-functional,Rachuonyo District Hospital,West Kamagak,Kasipul,Rachuonyo South,Homa Bay,Kokal Community Health Unit,703134,41092
Fully-functional,Rachuonyo District Hospital,West Kamagak,Kasipul,Rachuonyo South,Homa Bay,Kanyango Community Health Unit,703133,42555
Fully-functional,Rachuonyo District Hospital,West Kamagak,Kasipul,Rachuonyo South,Homa Bay,Kasimba Community Health Unit,703132,42919
Fully-functional,Kijebi Dispensary,Gwassi North,Suba,Suba South,Homa Bay,Nyandiwa Upper Community Health Unit,703131,41318
Fully-functional,Kiembe Dispensary,Gwassi North,Suba,Suba South,Homa Bay,Tonga Upper Community Health Unit,703130,42103
Fully-functional,Msare Health Centre,Kaksingiri West,Suba,Suba South,Homa Bay,Rangwa Central Community Health Unit,703129,41495
Fully-functional,Kiwa Island Dispensary,Gwassi North,Suba,Suba South,Homa Bay,Kiwa Community Health Unit,703128,41866
Fully-functional,Mashuru Health Centre,Imaroro,Kajiado East,Kajiado East,Kajiado,Entepesi Community Health Unit,703127,43255
Fully-functional,Mashuru Health Centre,Imaroro,Kajiado East,Kajiado East,Kajiado,Mashuuru Community Health Unit,703126,43255
Fully-functional,Ngatu CDF,Imaroro,Kajiado East,Kajiado East,Kajiado,Ngatu Community Health Unit,703125,43255
Fully-functional,Simba Health Centre,Kenyawa-poka,Kajiado East,Kajiado East,Kajiado,Nkama Community Health Unit,703124,43255
Fully-functional,Simba Health Centre,Kenyawa-poka,Kajiado East,Kajiado East,Kajiado,Sultan Hamud Community Health Unit,703123,43255
Fully-functional,Simba Health Centre,Kenyawa-poka,Kajiado East,Kajiado East,Kajiado,Sunde Community Health Unit,703122,43255
Fully-functional,Emaroro Dispensary,Imaroro,Kajiado East,Kajiado East,Kajiado,Emarti Community Health Unit,703121,43255
Fully-functional,Simba Health Centre,Kenyawa-poka,Kajiado East,Kajiado East,Kajiado,Masimba Community Health Unit,703120,43255
Fully-functional,Osarai Dispensary,Imaroro,Kajiado East,Kajiado East,Kajiado,Osarai Community Health Unit,703119,43255
Fully-functional,Simba Health Centre,Kenyawa-poka,Kajiado East,Kajiado East,Kajiado,Imbuko Community Health Unit,703118,43255
Fully-functional,Osarai Dispensary,Imaroro,Kajiado East,Kajiado East,Kajiado,Ilmamen Community Health Unit,703117,43255
Fully-functional,Simba Health Centre,Kenyawa-poka,Kajiado East,Kajiado East,Kajiado,Kuncu Community Health Unit,703116,43255
Fully-functional,Osarai Dispensary,Imaroro,Kajiado East,Kajiado East,Kajiado,Erankau Community Health Unit,703115,43255
Fully-functional,Simba Health Centre,Kenyawa-poka,Kajiado East,Kajiado East,Kajiado,Kiboko Community Health Unit,703114,43255
Fully-functional,Simba Health Centre,Kenyawa-poka,Kajiado East,Kajiado East,Kajiado,Imbilin Community Health Unit,703113,43255
Fully-functional,Merueshi Village Community Health Centre,Kenyawa-poka,Kajiado East,Kajiado East,Kajiado,Merrueshi Community Health Unit,703112,43255
Fully-functional,Simba Health Centre,Kenyawa-poka,Kajiado East,Kajiado East,Kajiado,Emali Community Health Unit,703111,43255
Fully-functional,Kitengela sub-county hospital,Oloosirkon/Sholinke,Kajiado East,Kajiado East,Kajiado,Oloika Community Health Unit,703110,43255
Fully-functional,Oloosirkon Dispensary,Oloosirkon/Sholinke,Kajiado East,Kajiado East,Kajiado,Emakoko Community Health Unit,703109,43255
Fully-functional,Oloosirkon Dispensary,Oloosirkon/Sholinke,Kajiado East,Kajiado East,Kajiado,Olootepes Community Health Unit,703108,43255
Fully-functional,Oloosirkon Dispensary,Oloosirkon/Sholinke,Kajiado East,Kajiado East,Kajiado,Oloosirkon Community Health Unit,703107,43255
Fully-functional,Kitengela sub-county hospital,Oloosirkon/Sholinke,Kajiado East,Kajiado East,Kajiado,Nompopong Community Health Unit,703106,43255
Fully-functional,Kitengela sub-county hospital,Oloosirkon/Sholinke,Kajiado East,Kajiado East,Kajiado,Sholinke Community Health Unit,703105,43255
Fully-functional,Kitengela sub-county hospital,Oloosirkon/Sholinke,Kajiado East,Kajiado East,Kajiado,Nookopir Community Health Unit,703104,43255
Fully-functional,Kitengela sub-county hospital,Oloosirkon/Sholinke,Kajiado East,Kajiado East,Kajiado,Olootikosh Community Health Unit,703103,43255
Fully-functional,Kitengela sub-county hospital,Oloosirkon/Sholinke,Kajiado East,Kajiado East,Kajiado,Enkare Community Health Unit,703102,43255
Fully-functional,Kitengela sub-county hospital,Oloosirkon/Sholinke,Kajiado East,Kajiado East,Kajiado,Namelok Community Health Unit,703101,43255
Fully-functional,Kitengela sub-county hospital,Oloosirkon/Sholinke,Kajiado East,Kajiado East,Kajiado,Ilkeeklemedungi Community Health Unit,703100,43255
Fully-functional,Ilpolosat Dispensary,Kaputiei North,Kajiado East,Kajiado East,Kajiado,Ilpolosat Community Health Unit,703099,43255
Fully-functional,Olturoto Dispensary,Kaputiei North,Kajiado East,Kajiado East,Kajiado,Olturoto Community Health Unit,703098,43255
Fully-functional,Isinya Health Centre,Kaputiei North,Kajiado East,Kajiado East,Kajiado,Oloosidan Community Health Unit,703097,43255
Fully-functional,Isinya Health Centre,Kaputiei North,Kajiado East,Kajiado East,Kajiado,Kisaju Community Health Unit,703096,43255
Fully-functional,Isinya Health Centre,Kaputiei North,Kajiado East,Kajiado East,Kajiado,Korompoi Community Health Unit,703095,43255
Fully-functional,Isinya Health Centre,Kaputiei North,Kajiado East,Kajiado East,Kajiado,Embolioi Community Health Unit,703094,43255
Fully-functional,Isinya Health Centre,Kaputiei North,Kajiado East,Kajiado East,Kajiado,Enkirgir Community Health Unit,703093,43255
Fully-functional,Kisesini Dispensary,Katangi,Yatta,Yatta,Machakos,Kisesini Community Health Unit,703092,43434
Fully-functional,Makila Dispensary Yatta,Katangi,Yatta,Yatta,Machakos,Syokisinga Community Health Unit,703091,43434
Fully-functional,Makila Dispensary Yatta,Katangi,Yatta,Yatta,Machakos,Makila Community Health Unit,703090,43434
Fully-functional,Ngumbulu Dispensary,Katangi,Yatta,Yatta,Machakos,Mekilingi Community Health Unit,703089,43434
Fully-functional,Masaani Dispensary,Katangi,Yatta,Yatta,Machakos,Kyua Community Health Unit,703088,43434
Fully-functional,Katangi Health Centre,Katangi,Yatta,Yatta,Machakos,Kaliani Community Health Unit,703087,43434
Fully-functional,Kikesa Dispensary,Ikombe,Yatta,Yatta,Machakos,Makutano Community Health Unit,703086,43434
semi-functional,Kimoloi Dispensary,Soy South,Keiyo South,Keiyo South,Elgeyo Marakwet,Kimoloi Community Health Unit,703085,42552
Fully-functional,Ogande Dispensary,Homa Bay East,Homa Bay Town,Homa Bay Town,Homa Bay,Central Kothidha Community Health Unit,703084,40240
Fully-functional,Miniambo Dispensary,Homa Bay Arujo,Homa Bay Town,Homa Bay Town,Homa Bay,Upper Katuma Community Health Unit,703083,42432
Fully-functional,Miniambo Dispensary,Homa Bay Arujo,Homa Bay Town,Homa Bay Town,Homa Bay,Lower Katuma Community Health Unit,703082,42432
Fully-functional,Koduogo Dispensary,Homa Bay West,Homa Bay Town,Homa Bay Town,Homa Bay,Central North Kanyabala Community Health Unit,703081,42432
Fully-functional,Marindi Sub County Referral Hospital,Homa Bay East,Homa Bay Town,Homa Bay Town,Homa Bay,Upper Kanyach Kachar Community Health Unit,703080,42432
Fully-functional,Orego Health Centre,Homa Bay East,Homa Bay Town,Homa Bay Town,Homa Bay,Komolo Community Health Unit,703079,42432
semi-functional,Munyu Health Centre,Gatuanyaga,Thika Town,Thika Town,Kiambu,Munyu Community Health Unit,703078,43348
semi-functional,Kinoo Dispensary,Kinoo,Kikuyu,Kikuyu,Kiambu,Kwa Reuben Community Health Unit,703077,43510
semi-functional,Kinoo Dispensary,Kinoo,Kikuyu,Kikuyu,Kiambu,Gaitumbi Community Health Unit,703076,43510
semi-functional,Kinoo Dispensary,Kinoo,Kikuyu,Kikuyu,Kiambu,Gitiga Community Health Unit,703075,43510
semi-functional,Kinoo Dispensary,Kinoo,Kikuyu,Kikuyu,Kiambu,Magana Community Health Unit,703074,43516
semi-functional,Kinoo Dispensary,Kinoo,Kikuyu,Kikuyu,Kiambu,Muthiga East Community Health Unit,703073,43516
semi-functional,Kinoo Dispensary,Kinoo,Kikuyu,Kikuyu,Kiambu,Kiaheho Community Health Unit,703072,43516
semi-functional,Kinoo Dispensary,Kinoo,Kikuyu,Kikuyu,Kiambu,Shauri Community Health Unit,703071,43516
semi-functional,Gikambura Health Centre,Karai,Kikuyu,Kikuyu,Kiambu,Thogoto Community Health Unit,703070,43516
semi-functional,Gikambura Health Centre,Karai,Kikuyu,Kikuyu,Kiambu,Kidfarmaco Community Health Unit,703069,43533
semi-functional,Gikambura Health Centre,Karai,Kikuyu,Kikuyu,Kiambu,Baraniki Community Health Unit,703068,43516
semi-functional,Gikambura Health Centre,Karai,Kikuyu,Kikuyu,Kiambu,Dagoretti Community Health Unit,703067,43516
semi-functional,Gikambura Health Centre,Karai,Kikuyu,Kikuyu,Kiambu,Ondiri Community Health Unit,703066,43605
semi-functional,Kerwa Dispensary,Sigona,Kikuyu,Kikuyu,Kiambu,Thamanda Community Health Unit,703065,43517
semi-functional,Kerwa Dispensary,Sigona,Kikuyu,Kikuyu,Kiambu,Kerwa Community Health Unit,703064,43517
semi-functional,Kerwa Dispensary,Sigona,Kikuyu,Kikuyu,Kiambu,Kwa-mindo Community Health Unit,703063,43517
semi-functional,Kari Health Clinic,Sigona,Kikuyu,Kikuyu,Kiambu,Kari Community Health Unit,703062,43540
semi-functional,Nachu Dispensary,Nachu,Kikuyu,Kikuyu,Kiambu,Gatune Community Health Unit,703061,43544
semi-functional,Mundoro Community Dispensary,Kiganjo,Gatundu South,Gatundu South,Kiambu,Mundoro Community Health Unit,703060,43347
semi-functional,Lussigetti Health Centre,Nachu,Kikuyu,Kikuyu,Kiambu,Kinjuki Community Health Unit,703059,43539
semi-functional,Gitare Health Centre (Gatundu),Kiganjo,Gatundu South,Gatundu South,Kiambu,Gatitu Community Health Unit,703058,43133
semi-functional,Lussigetti Health Centre,Nachu,Kikuyu,Kikuyu,Kiambu,Renguti Community Health Unit,703057,43537
semi-functional,Lussigetti Health Centre,Nachu,Kikuyu,Kikuyu,Kiambu,Kamangu Community Health Unit,703056,43537
semi-functional,Karai Muslim Dispensary,Karai,Kikuyu,Kikuyu,Kiambu,Karai Muslim Community Health Unit,703055,43559
Fully-functional,Gachika Dispensary,Kiganjo,Gatundu South,Gatundu South,Kiambu,Gachika Community Health Unit,703054,40303
Fully-functional,Kiganjo Dispensary,Kiganjo,Gatundu South,Gatundu South,Kiambu,Kiganjo Community Health Unit,703052,41408
semi-functional,Gikambura Health Centre,Karai,Kikuyu,Kikuyu,Kiambu,Ndemuka Community Health Unit,703051,43553
semi-functional,Mutati Dispensary,Kiamwangi,Gatundu South,Gatundu South,Kiambu,Kigaa Community Health Unit,703050,43382
semi-functional,Mutati Dispensary,Kiamwangi,Gatundu South,Gatundu South,Kiambu,Nembu Community Health Unit,703049,43362
Fully-functional,Mutati Dispensary,Kiamwangi,Gatundu South,Gatundu South,Kiambu,Mutate Community Health Unit,703048,42837
Fully-functional,Ngenda Health Centre,Kiamwangi,Gatundu South,Gatundu South,Kiambu,Gathage Community Health Unit,703047,41459
semi-functional,Karatu Health Centre,Ndarugu,Gatundu South,Gatundu South,Kiambu,Gitwe Community Health Unit,703046,43460
semi-functional,Gikambura Health Centre,Karai,Kikuyu,Kikuyu,Kiambu,Karinde Community Health Unit,703045,43519
semi-functional,Karatu Health Centre,Ndarugu,Gatundu South,Gatundu South,Kiambu,Karatu Community Health Unit,703044,43455
semi-functional,Gikambura Health Centre,Karai,Kikuyu,Kikuyu,Kiambu,Kikuyu Town Community Health Unit,703043,43543
Fully-functional,Munyu-Ini Dispensary,Ndarugu,Gatundu South,Gatundu South,Kiambu,Roi Community Health Unit,703042,43011
Fully-functional,Gatundu District Hospital,Ngenda,Gatundu South,Gatundu South,Kiambu,Kirangari Community Health Unit,703041,42920
semi-functional,Kinoo Dispensary,Kinoo,Kikuyu,Kikuyu,Kiambu,Kinoo Central Community Health Unit,703040,43510
Fully-functional,Kinoo Dispensary,Kinoo,Kikuyu,Kikuyu,Kiambu,Muthiga North Community Health Unit,703039,43516
Fully-functional,Gatundu District Hospital,Ngenda,Gatundu South,Gatundu South,Kiambu,Githunguchu Community Health Unit,703038,42920
Fully-functional,Kinoo Dispensary,Kinoo,Kikuyu,Kikuyu,Kiambu,Karindu Community Health Unit,703037,43510
Fully-functional,Gatundu District Hospital,Ngenda,Gatundu South,Gatundu South,Kiambu,Kahuguini Community Health Unit,703036,43474
Fully-functional,Gatundu District Hospital,Ngenda,Gatundu South,Gatundu South,Kiambu,Handege Community Health Unit,703035,43228
Fully-functional,Muchatha Dispensary,Muchatha,Kiambaa,Kiambaa,Kiambu,Muchatha Community Health Unit,703034,41845
Fully-functional,Ndenderu Dispensary,Ndenderu,Kiambaa,Kiambaa,Kiambu,Karura Community Health Unit,703033,42216
Fully-functional,Karuri Level 4 Hospital,Karuri,Kiambaa,Kiambaa,Kiambu,Karia Community Health Unit,703032,42139
Fully-functional,Kihara Sub County Hospital,Kihara,Kiambaa,Kiambaa,Kiambu,Mahindi Community Health Unit,703031,42261
Fully-functional,Kihara Sub County Hospital,Kihara,Kiambaa,Kiambaa,Kiambu,Gachie Community Health Unit,703029,43479
Fully-functional,Chemelil Sugar Health Centre,Chemelil,Muhoroni,Muhoroni,Kisumu,Chemelil Community Health Unit,703028,40737
Fully-functional,Nyang'oma Sub county Hospital,Masogo/Nyang'oma,Muhoroni,Muhoroni,Kisumu,Wangaya1 Community Health Unit,703027,40016
semi-functional,Nyangore Dispensary,Chemelil,Muhoroni,Muhoroni,Kisumu,Nyangore Community Health Unit,703026,40003
Fully-functional,Tamu Health Centre,Chemelil,Muhoroni,Muhoroni,Kisumu,Lower Tamu Community Health Unit,703025,40002
Fully-functional,Makindu Dispensary,Chemelil,Muhoroni,Muhoroni,Kisumu,Makindu Community Health Unit,703024,39996
Fully-functional,Kasongo Dispensary,Miwani,Muhoroni,Muhoroni,Kisumu,Kore Community Health Unit,703023,40372
Fully-functional,Obumba Dispensary,Ombeyi,Muhoroni,Muhoroni,Kisumu,Kango Community Health Unit,703022,40374
Fully-functional,Kasongo Dispensary,Miwani,Muhoroni,Muhoroni,Kisumu,Kabar West Community Health Unit,703021,40003
Fully-functional,Ogen Dispensary,Chemelil,Muhoroni,Muhoroni,Kisumu,East Songoh Community Health Unit,703020,40365
Fully-functional,Ramula Dispensary,Ombeyi,Muhoroni,Muhoroni,Kisumu,Ramula Community Health Unit,703019,40000
Fully-functional,Kandege Dispensary,Muhoroni Koru,Muhoroni,Muhoroni,Kisumu,Kandege Community Health Unit,703018,40373
Fully-functional,Koru Mission Health Centre,Muhoroni Koru,Muhoroni,Muhoroni,Kisumu,Koru Central Community Health Unit,703017,40003
Fully-functional,Kandege Dispensary,Muhoroni Koru,Muhoroni,Muhoroni,Kisumu,Nyando Community Health Unit,703016,40007
Fully-functional,Mbau-Ini Dispensary,Kijabe,Lari,Lari,Kiambu,Kijabe Community Health Unit,703015,42289
semi-functional,Kagaa Health Centre,Kamburu,Lari,Lari,Kiambu,Kamburu Community Health Unit,703014,42472
Fully-functional,Jaber Dispensary,Muhoroni Koru,Muhoroni,Muhoroni,Kisumu,Tonde Community Health Unit,703013,39968
semi-functional,Lari Hospital,Lari/Kirenga,Lari,Lari,Kiambu,Kirenga Community Health Unit,703012,41064
Fully-functional,Muhoroni County Hospital,Muhoroni Koru,Muhoroni,Muhoroni,Kisumu,Owaga Community Health Unit,703011,39875
Fully-functional,Gitithia Dispensary,Lari/Kirenga,Lari,Lari,Kiambu,Gitithia Community Health Unit,703010,42860
semi-functional,Gituamba Mathore Dispensary,Lari/Kirenga,Lari,Lari,Kiambu,Gituamba Mathore Community Health Unit,703009,43171
semi-functional,Kagaa Health Centre,Kamburu,Lari,Lari,Kiambu,Kagaa Community Health Unit,703008,41068
Fully-functional,Kagwe Dispensary,Nyanduma,Lari,Lari,Kiambu,Kagwe Community Health Unit,703007,42863
Fully-functional,Karatina Model Health Centre,Nyanduma,Lari,Lari,Kiambu,Nyanduma Community Health Unit,703006,42863
Fully-functional,Wangige Sub County Hospital,Kabete,Kabete,Kabete,Kiambu,Bethsaida Community Health Unit,703005,43475
Fully-functional,Kahuho Community Dispensary,Muguga,Kabete,Kabete,Kiambu,Cura Community Health Unit,703004,43529
Fully-functional,Wangige Sub County Hospital,Kabete,Kabete,Kabete,Kiambu,Mwigakiwa Community Health Unit,703003,43502
Fully-functional,Uthiru Health Centre,Uthiru,Kabete,Kabete,Kiambu,Shandugi Community Health Unit,703002,40422
Fully-functional,Kahuho Community Dispensary,Muguga,Kabete,Kabete,Kiambu,Muguga In Action Community Health Unit,703001,41107
Fully-functional,Takawiri Dispensary,Mfangano Island,Mbita,Mbita,Homa Bay,Takawiri Community Health Unit,703000,43535
Fully-functional,Ringiti Dispensary,Mfangano Island,Mbita,Mbita,Homa Bay,Ringiti Community Health Unit,702999,43528
Fully-functional,Riabai Dispensary,Riabai,Kiambu,Kiambu Town,Kiambu,Kihingo Community Health Unit,702998,43357
Fully-functional,Kiambu County Referal Hospital,Township,Kiambu,Kiambu Town,Kiambu,Kanunga Community Health Unit,702997,43222
semi-functional,Kiambu County Referal Hospital,Township,Kiambu,Kiambu Town,Kiambu,Kiamumbi Community Health Unit,702996,43221
Fully-functional,Kamae Forest Dispensary,Kinale,Lari,Lari,Kiambu,Kamae Community Health Unit,702995,39539
Fully-functional,Mutonya Dispensary,Gatongora,Ruiru,Ruiru,Kiambu,Gatong'ora Community Health Unit,702994,43411
Fully-functional,Lang'ata Health Centre (Ruiru),Kiuu,Ruiru,Ruiru,Kiambu,Mwiki Community Health Unit,702993,43101
Fully-functional,Mutonya Dispensary,Gatongora,Ruiru,Ruiru,Kiambu,Mwanamukia Community Health Unit,702991,43348
Fully-functional,Githunguri Health Centre (Ruiru),Biashara,Ruiru,Ruiru,Kiambu,Githunguri B Community Health Unit,702990,43327
Fully-functional,Ruiru Sub-County Hospital,Biashara,Ruiru,Ruiru,Kiambu,Wataalam Community Health Unit,702989,43383
Fully-functional,Ruiru Sub-County Hospital,Biashara,Ruiru,Ruiru,Kiambu,Kihunguro Community Health Unit,702988,43252
Fully-functional,Lang'ata Health Centre (Ruiru),Kiuu,Ruiru,Ruiru,Kiambu,Kiuu Community Health Unit,702987,43264
Fully-functional,Rangwe Sub-District Hospital,West Gem,Rangwe,Rangwe,Homa Bay,Lower Koyolo Community Health Unit,702986,39965
Fully-functional,Rangwe Sub-District Hospital,West Gem,Rangwe,Rangwe,Homa Bay,Lower Kajulu Community Health Unit,702985,40708
Fully-functional,Rangwe Sub-District Hospital,West Gem,Rangwe,Rangwe,Homa Bay,Central Genga Community Health Unit,702984,41066
Fully-functional,Nyawawa Dispensary,West Gem,Rangwe,Rangwe,Homa Bay,Upper Genga Community Health Unit,702983,41444
semi-functional,Gachororo Health Centre,Juja,Juja,Juja,Kiambu,Mung'etho Community Health Unit,702982,43221
Fully-functional,Nduga Dispensary,West Gem,Gem,Gem,Siaya,Lower Genga Community Health Unit,702981,40702
semi-functional,Gachororo Health Centre,Juja,Juja,Juja,Kiambu,No 4 Community Health Unit,702980,43221
Fully-functional,Oneno Dispensary,Kochia,Rangwe,Rangwe,Homa Bay,Korayo Community Health Unit,702979,40709
Fully-functional,Kager Dispensary,Kochia,Rangwe,Rangwe,Homa Bay,Upper Kowili Community Health Unit,702978,41073
Fully-functional,Nyagoro Health Centre,Kochia,Rangwe,Rangwe,Homa Bay,Upper Kamenya Community Health Unit,702977,40332
Fully-functional,Nyagoro Health Centre,Kochia,Rangwe,Rangwe,Homa Bay,Lower Kamenya Community Health Unit,702976,39974
Fully-functional,Nyarut Health Centre,Kochia,Rangwe,Rangwe,Homa Bay,Lower Kowili Community Health Unit,702975,41073
Fully-functional,Obwanda Dispensary,Kagan,Rangwe,Rangwe,Homa Bay,Kanyarwanda Community Health Unit,702974,40696
Fully-functional,Nyawita Dispensary,Kagan,Rangwe,Rangwe,Homa Bay,Upper Gongo Community Health Unit,702973,41430
Fully-functional,Gongo Dispensary,Kagan,Rangwe,Rangwe,Homa Bay,Lower Gongo Community Health Unit,702972,41068
Fully-functional,Wikoteng Dispensary,East Gem,Rangwe,Rangwe,Homa Bay,Upper Kajulu Community Health Unit,702971,40696
Fully-functional,Wikoteng Dispensary,East Gem,Rangwe,Rangwe,Homa Bay,Central Kajulu Community Health Unit,702970,40337
Fully-functional,Rariw Dispensary,East Gem,Rangwe,Rangwe,Homa Bay,Upper Koyolo Community Health Unit,702969,40338
Fully-functional,Rariw Dispensary,East Gem,Rangwe,Rangwe,Homa Bay,Upper Kotieno Community Health Unit,702968,40702
Fully-functional,Nyambare Dispensary,East Gem,Rangwe,Rangwe,Homa Bay,Lower Kotieno Community Health Unit,702967,40611
Fully-functional,Nkutuk Elmuget Dispensary,Wamba West,Samburu East,Samburu East,Samburu,Nkutuk Emulget Community Health Unit,702965,43435
Fully-functional,Kiltamany Dispensary,Wamba West,Samburu East,Samburu East,Samburu,Kiltamany Community Health Unit,702963,43406
Fully-functional,Maralal District Hospital,Maralal,Samburu Central,Samburu Central,Samburu,Mlimani Community Health Unit,702962,43437
Fully-functional,Lpartuk Dispensary,Maralal,Samburu Central,Samburu Central,Samburu,Lpartuk Community Health Unit,702961,43466
Fully-functional,Kambusu Dispensary,Matungulu East,Matungulu,Matungulu,Machakos,Kambusu Community Health Unit,702960,43389
Fully-functional,Kambusu Dispensary,Matungulu East,Matungulu,Matungulu,Machakos,Mwatati Community Health Unit,702959,43383
Fully-functional,Mutonya Dispensary,Gatongora,Ruiru,Ruiru,Kiambu,Mamaland Community Health Unit,702958,43252
semi-functional,Muvuti Dispensary,Muvuti/Kiima-kimwe,Machakos Town,Machakos,Machakos,Muvuti Community Health Unit,702957,43447
semi-functional,Approved School Dispensary (Machakos),Muvuti/Kiima-kimwe,Machakos Town,Machakos,Machakos,Katoloni Community Health Unit,702956,43447
semi-functional,Iluvya Dispenasary,Muvuti/Kiima-kimwe,Machakos Town,Machakos,Machakos,Iluvya Community Health Unit,702955,43447
semi-functional,Ikulu Dispensary,Muvuti/Kiima-kimwe,Machakos Town,Machakos,Machakos,Mwanyani Community Health Unit,702954,43447
semi-functional,Makyau Dispensary,Mua,Machakos Town,Machakos,Machakos,Kyanda Community Health Unit,702953,43447
semi-functional,Mua Hills Dispensary,Mua,Machakos Town,Machakos,Machakos,Ngelani Community Health Unit,702952,43447
semi-functional,Apdk Dispensary (Machakos),Machakos Central,Machakos Town,Machakos,Machakos,Katelembo Community Health Unit,702951,43447
semi-functional,Machakos County Referral Hospital,Machakos Central,Machakos Town,Machakos,Machakos,Mjini Community Health Unit,702950,43447
semi-functional,Mutituni Health Centre,Mutituni,Machakos Town,Machakos,Machakos,Kivutini Community Health Unit,702949,43447
semi-functional,Athi River Health Centre,Athi River,Mavoko,Athi River,Machakos,Oleeshaiki Community Health Unit,702948,43468
semi-functional,Sikia dispensary,Kinanie,Mavoko,Athi River,Machakos,Mathatani Community Health Unit,702947,43468
semi-functional,Kola Health Centre,Kola,Machakos Town,Kalama,Machakos,Katanga Community Health Unit,702946,43252
semi-functional,Kola Health Centre,Kola,Machakos Town,Kalama,Machakos,Kola Community Health Unit,702945,43252
semi-functional,Mutuyu Dispensary,Kalama,Machakos Town,Kalama,Machakos,Nziuni Community Health Unit,702944,43252
semi-functional,Kiitini Dispensary,Kalama,Machakos Town,Kalama,Machakos,Kiitini Community Health Unit,702943,43252
semi-functional,Konza Dispensary,Kalama,Machakos Town,Kalama,Machakos,Konza Community Health Unit,702942,43252
semi-functional,Kalama Dispensary,Kalama,Machakos Town,Kalama,Machakos,Kyangala Community Health Unit,702941,43252
semi-functional,Nzaini Dispensary,Kola,Machakos Town,Kalama,Machakos,Iiyuni Community Health Unit,702940,43252
semi-functional,Ivutini Dispensary,Kalama,Machakos Town,Kalama,Machakos,Kinoi Community Health Unit,702939,43252
semi-functional,Kimutwa Dispensary,Kalama,Machakos Town,Kalama,Machakos,Kimutwa Community Health Unit,702938,43252
semi-functional,Kimutwa Dispensary,Kalama,Machakos Town,Kalama,Machakos,Kaathi Community Health Unit,702937,43252
Fully-functional,Mutuyu Dispensary,Kalama,Machakos Town,Kalama,Machakos,Kakayuni Community Health Unit,702936,43252
semi-functional,Kathaana Dispensary,Kangundo West,Kangundo,Kangundo,Machakos,Kithongoni Community Health Unit,702935,43466
semi-functional,Kangundo Sub county Hospital,Kangundo Central,Kangundo,Kangundo,Machakos,Maiuni Community Health Unit,702934,43466
semi-functional,Misyani Catholic Health Centre,Kangundo North,Kangundo,Kangundo,Machakos,Kiliku Community Health Unit,702933,43466
semi-functional,Kangundo Sub county Hospital,Kangundo Central,Kangundo,Kangundo,Machakos,Mulingana Community Health Unit,702932,43466
semi-functional,Kikalu Dispensary,Kangundo West,Kangundo,Kangundo,Machakos,Mbusyani Community Health Unit,702930,43466
semi-functional,Kathome Dispensary,Kangundo East,Kangundo,Kangundo,Machakos,Kavilinguni Community Health Unit,702929,43466
Fully-functional,School For The Deaf (Machakos),Machakos Central,Machakos Town,Machakos,Machakos,Kasinga Community Health Unit,702928,43447
semi-functional,Apdk Dispensary (Machakos),Machakos Central,Machakos Town,Machakos,Machakos,Upper Kiandani Community Health Unit,702927,43447
semi-functional,Kamuthanga Dispensary,Mutituni,Machakos Town,Machakos,Machakos,Kamuthanga Community Health Unit,702926,43447
semi-functional,Kamuthanga Dispensary,Mutituni,Machakos Town,Machakos,Machakos,Nzoweni Community Health Unit,702925,43447
semi-functional,Kangundo Sub county Hospital,Kangundo Central,Kangundo,Kangundo,Machakos,Matetani Community Health Unit,702924,43466
semi-functional,Kyevaluki Dispensary,Kangundo West,Kangundo,Kangundo,Machakos,Kyevaluki Community Health Unit,702923,43466
semi-functional,Kathaana Dispensary,Kangundo West,Kangundo,Kangundo,Machakos,Kathaana Community Health Unit,702922,43466
semi-functional,Ndunduni Dispensary,Kangundo North,Kangundo,Kangundo,Machakos,Kikambuani Community Health Unit,702921,43466
semi-functional,GK Prison Dispensary (Machakos),Machakos Central,Machakos Town,Machakos,Machakos,Mung'ala Community Health Unit,702920,43447
semi-functional,Mutituni Health Centre,Mutituni,Machakos Town,Machakos,Machakos,Nduu Community Health Unit,702919,43447
semi-functional,Kilonito Dispensary,Iloodokilani,Kajiado West,Kajiado West,Kajiado,Kilonito Community Health Unit,702918,42019
Fully-functional,Musenke Dispensary,Magadi,Kajiado West,Kajiado West,Kajiado,Musenke Community Health Unit,702917,40518
semi-functional,Kiwanza Dispensary Yatta,Ndalani,Yatta,Yatta,Machakos,Kiwanza Community Health Unit,702916,43374
semi-functional,Mwala Subcounty Hospital,Makutano/Mwala,Mwala,Mwala,Machakos,Myanyani Community Health Unit,702915,43451
semi-functional,Yathui Dispensary,Wamunyu,Mwala,Mwala,Machakos,Kyamatula Community Health Unit,702914,43451
semi-functional,Wamunyu Health Centre,Wamunyu,Mwala,Mwala,Machakos,Nyaani Community Health Unit,702913,43451
semi-functional,Wamunyu Health Centre,Wamunyu,Mwala,Mwala,Machakos,Kyangulumi Community Health Unit,702912,43451
semi-functional,Ikalaasa Dispensary,Kibauni,Mwala,Mwala,Machakos,Matulani Community Health Unit,702911,43451
semi-functional,Kalala Dispensary,Kibauni,Mwala,Mwala,Machakos,Kiundwani Community Health Unit,702910,43451
semi-functional,Kalala Dispensary,Kibauni,Mwala,Mwala,Machakos,Kilala Community Health Unit,702909,43451
semi-functional,Masii Health Centre,Masii,Mwala,Mwala,Machakos,Mithini Community Health Unit,702850,43444
semi-functional,Kathiani Sub County Hospital,Kathiani Central,Kathiani,Kathiani,Machakos,Miumbuni Community Health Unit,702848,43374
semi-functional,Katani Dispensary,Muthwani,Mavoko,Athi River,Machakos,Kamulu Community Health Unit,702847,43468
semi-functional,GK Prison Dispensary (Machakos),Machakos Central,Machakos Town,Machakos,Machakos,Muthini Community Health Unit,702846,43447
Fully-functional,Borangi Health Centre,Nyacheki,Bobasi,Bobasi,Kisii,Borangi Community Health Unit,702845,43466
Fully-functional,Gionsaria Health Centre (Nyamache),Bassi Bogetaorio,Bobasi,Bobasi,Kisii,Nyantira Community Health Unit,702844,43282
Fully-functional,Nyamache Sub County Referral Hospital,Basi Central,Bobasi,Bobasi,Kisii,Masisi Igoma Community Health Unit,702843,43282
Fully-functional,Kionyo Health Centre,Masige East,Bobasi,Bobasi,Kisii,Omokonge Community Health Unit,702842,43466
Fully-functional,Kenyoro Dispensary,Bobasi Chache,Bobasi,Bobasi,Kisii,Giasaiga Community Health Unit,702841,43466
Fully-functional,Kiobegi Dispensary (Nyamache),Masige East,Bobasi,Bobasi,Kisii,Kiobegi Community Health Unit,702840,43466
Fully-functional,Nyamokenye Health Centre(Sameta),Sameta/Mokwerero,Bobasi,Bobasi,Kisii,Rise Community Health Unit,702839,43466
Fully-functional,Omosaria Dispensary,Masige West,Bobasi,Bobasi,Kisii,Mosora Community Health Unit,702838,43466
Fully-functional,Omosaria Dispensary,Masige West,Bobasi,Bobasi,Kisii,Nyabisia Community Health Unit,702837,43466
Fully-functional,Itumbe Dispensary,Basi Central,Bobasi,Bobasi,Kisii,Emenwa Community Health Unit,702836,43466
Fully-functional,Kenyambi Health Centre,Basi Central,Bobasi,Bobasi,Kisii,Maji Mazuri Community Health Unit,702835,43466
Fully-functional,Nyamache Sub County Referral Hospital,Basi Central,Bobasi,Bobasi,Kisii,Gionseri Community Health Unit,702834,43466
Fully-functional,Sugubo Dispensary,Nyacheki,Bobasi,Bobasi,Kisii,Sugubo Community Health Unit,702833,43466
Fully-functional,Ebiosi Dispensary,Nyacheki,Bobasi,Bobasi,Kisii,Ebiosi Community Health Unit,702832,43466
semi-functional,Kwa Mwatu Dispensary,Matuu,Yatta,Yatta,Machakos,Kwamwatu Community Health Unit,702831,43374
semi-functional,Iimbani Dispensary,Upper Kaewa/Iveti,Kathiani,Kathiani,Machakos,Imbani Community Health Unit,702830,43374
semi-functional,Kikesa Dispensary,Ikombe,Yatta,Yatta,Machakos,Makutano Community Health Unit,702829,43374
semi-functional,Kyasioni Dispensary,Ikombe,Yatta,Yatta,Machakos,Mwambathaana Community Health Unit,702828,43374
semi-functional,Kitheuni Dispensary,Ikombe,Yatta,Yatta,Machakos,Kitheuni Community Health Unit,702827,43374
semi-functional,Mbembani Dispensary,Ndalani,Yatta,Yatta,Machakos,Mbembani Community Health Unit,702824,43374
semi-functional,Ndalani Dispensary,Ndalani,Yatta,Yatta,Machakos,Kituneni Community Health Unit,702823,43374
semi-functional,Ndalani Dispensary,Ndalani,Yatta,Yatta,Machakos,Ndalani Community Health Unit,702822,43374
semi-functional,Mamba Dispensary (Yatta),Ndalani,Yatta,Yatta,Machakos,Mamba Community Health Unit,702821,43374
semi-functional,Kalukuni Dispensary Yatta,Kithimani,Yatta,Yatta,Machakos,Kalukuni Community Health Unit,702820,43374
semi-functional,Kauthulini Dispensary,Kithimani,Yatta,Yatta,Machakos,Kauthulini Community Health Unit,702819,43374
semi-functional,Kauthulini Dispensary,Kithimani,Yatta,Yatta,Machakos,Sofia Community Health Unit,702818,43374
semi-functional,Matuu District Hospital,Matuu,Yatta,Yatta,Machakos,Plateau Community Health Unit,702817,43374
semi-functional,Matuu District Hospital,Matuu,Yatta,Yatta,Machakos,Matuu Community Health Unit,702816,43374
semi-functional,Kaluluini Dispensary Yatta,Matuu,Yatta,Yatta,Machakos,Kateki Community Health Unit,702815,43374
semi-functional,Kaluluini Dispensary Yatta,Matuu,Yatta,Yatta,Machakos,Kaluluini Community Health Unit,702814,43374
semi-functional,Matuu District Hospital,Matuu,Yatta,Yatta,Machakos,Kakumini Community Health Unit,702813,43374
semi-functional,Matuu District Hospital,Matuu,Yatta,Yatta,Machakos,Malikiti Community Health Unit,702812,43374
semi-functional,Milaani Dispensary,Muthesya,Masinga,Masinga,Machakos,Milaani Community Health Unit,702811,42858
semi-functional,Kikule Dispensary,Muthesya,Masinga,Masinga,Machakos,Kikule Community Health Unit,702810,43586
semi-functional,Muthesya Dispensary,Muthesya,Masinga,Masinga,Machakos,Muthesya Community Health Unit,702809,43586
semi-functional,Ndela Dispensary,Ndithini,Masinga,Masinga,Machakos,Kasuvilo Community Health Unit,702808,43586
semi-functional,Mananja Health Centre,Ndithini,Masinga,Masinga,Machakos,Mananja Community Health Unit,702807,43587
semi-functional,Kiatineni Dispensary,Ndithini,Masinga,Masinga,Machakos,Kiatineni Community Health Unit,702806,43587
semi-functional,Ndithini Level 4 Hospital,Ndithini,Masinga,Masinga,Machakos,Ndithini Community Health Unit,702805,43223
semi-functional,Mitaboni Health Centre,Mitamboni,Kathiani,Kathiani,Machakos,Kinyau Community Health Unit,702804,43374
semi-functional,Mitaboni Health Centre,Mitamboni,Kathiani,Kathiani,Machakos,Koma Community Health Unit,702803,43374
semi-functional,Nzukini Dispensary,Ekalakala,Masinga,Masinga,Machakos,Nzukini Community Health Unit,702802,42858
semi-functional,Mitaboni Health Centre,Mitamboni,Kathiani,Kathiani,Machakos,Mitaboni Community Health Unit,702801,43374
semi-functional,Ngiini Dispensary Kathiani,Mitamboni,Kathiani,Kathiani,Machakos,Mathunya Community Health Unit,702800,43374
semi-functional,Kangonde Health Centre,Masinga Central,Masinga,Masinga,Machakos,Kangonde Community Health Unit,702799,42859
semi-functional,Mikuyuni Disp,Masinga Central,Masinga,Masinga,Machakos,Mikuyuni Community Health Unit,702798,43586
semi-functional,Ngoleni Dispensary,Kathiani Central,Kathiani,Kathiani,Machakos,Ngoleni Community Health Unit,702797,43374
semi-functional,Ndelekeni Dispensary,Kivaa,Masinga,Masinga,Machakos,Thatha Community Health Unit,702796,43586
semi-functional,Kaani Dispensary,Lower Kaewa/Kaani,Kathiani,Kathiani,Machakos,Kaani Community Health Unit,702795,43374
semi-functional,Iuuma Dispensary,Kivaa,Masinga,Masinga,Machakos,Miangeni Community Health Unit,702794,43587
semi-functional,Kathiani Sub County Hospital,Kathiani Central,Kathiani,Kathiani,Machakos,Kathiani Community Health Unit,702793,43374
semi-functional,Iuuma Dispensary,Kivaa,Masinga,Masinga,Machakos,Iiani Community Health Unit,702792,43586
semi-functional,Kaviani Health Centre,Upper Kaewa/Iveti,Kathiani,Kathiani,Machakos,Kaliluni Community Health Unit,702791,43374
semi-functional,Kaewa Dispensary,Kivaa,Masinga,Masinga,Machakos,Kaewa Community Health Unit,702790,42860
semi-functional,Kithia Dispensary,Lower Kaewa/Kaani,Kathiani,Kathiani,Machakos,Kombu Community Health Unit,702789,43374
semi-functional,Musumaa Dispensary,Masinga Central,Masinga,Masinga,Machakos,Musumaa Community Health Unit,702788,42859
semi-functional,Katulye Dispensary,Masinga Central,Masinga,Masinga,Machakos,Katulye Community Health Unit,702787,43160
semi-functional,Kalunga Dispensary,Upper Kaewa/Iveti,Kathiani,Kathiani,Machakos,Kalunga Community Health Unit,702786,43374
semi-functional,Iimbani Dispensary,Upper Kaewa/Iveti,Kathiani,Kathiani,Machakos,Iveti Community Health Unit,702785,43374
semi-functional,Kitunduni Dispensary,Lower Kaewa/Kaani,Kathiani,Kathiani,Machakos,Kitunduni Community Health Unit,702784,43374
semi-functional,Kithia Dispensary,Lower Kaewa/Kaani,Kathiani,Kathiani,Machakos,Kithia Community Health Unit,702783,43374
semi-functional,Kathiani Sub County Hospital,Kathiani Central,Kathiani,Kathiani,Machakos,Kauti Community Health Unit,702782,43374
semi-functional,Kathiani Sub County Hospital,Kathiani Central,Kathiani,Kathiani,Machakos,Kaiani Community Health Unit,702781,43374
Fully-functional,Gede Health Centre,Dabaso,Kilifi North,Kilifi North,Kilifi,Mida Community Health Unit,702780,41792
Fully-functional,Kilifi County Hospital,Sokoni,Kilifi North,Kilifi North,Kilifi,Sokoni Community Health Unit,702779,41792
Fully-functional,Kiwandani Dispensary,Sokoni,Kilifi North,Kilifi North,Kilifi,Kiwandani Community Health Unit,702778,41760
Fully-functional,Kilifi County Hospital,Sokoni,Kilifi North,Kilifi North,Kilifi,Hospital Community Health Unit,702777,41821
semi-functional,Karumandi Health Centre,Karumandi,Gichugu,Kirinyaga East,Kirinyaga,Thumaita Health Community Health Unit,702773,43245
semi-functional,Kianyaga Sub-District Hospital,Baragwi,Gichugu,Kirinyaga East,Kirinyaga,Raimu Community Health Unit,702772,43245
semi-functional,Jesmond (ACK) Dispensary (Mburi),Njukiine,Gichugu,Kirinyaga East,Kirinyaga,Ngiriambu Community Health Unit,702771,43245
Fully-functional,Migosi Sub County Hospital,Migosi,Kisumu Central,Kisumu Central,Kisumu,Manyatta Area B Community Health Unit,702770,43221
Fully-functional,Migosi Sub County Hospital,Migosi,Kisumu Central,Kisumu Central,Kisumu,Manyatta Area A Community Health Unit,702769,43221
Fully-functional,Administration Police Dispensary (Kisumu),Railways,Kisumu Central,Kisumu Central,Kisumu,Juakali Mosque Community Health Unit,702768,40787
Fully-functional,Railways Dispensary (Kisumu),Market Milimani,Kisumu Central,Kisumu Central,Kisumu,Southern Community Health Unit,702767,40299
Fully-functional,Lumumba Sub County Hospital,Shauri Moyo Kaloleni,Kisumu Central,Kisumu Central,Kisumu,Kaloleni Shauri Moyo Community Health Unit,702766,40878
semi-functional,Ndanai,Ndanai/Abosi,Sotik,Sotik,Bomet,Cheplelwo Community Health Unit,702765,43374
Fully-functional,Kalimapus Dispensary,Kalokol,Turkana Central,Turkana Central,Turkana,Kalimapus Community Health Unit,702764,43580
Fully-functional,Kosikiria Dispensary,Kerio Delta,Turkana Central,Turkana Central,Turkana,Nakoret Community Health Unit,702763,43580
Fully-functional,Nakururum Dispensary,Lokichoggio,Turkana West,Turkana West,Turkana,Loteteleit Community Health Unit,702762,42475
non-functinoal,Letea Dispensary,Letea,Turkana West,Turkana West,Turkana,Lortit Community Health Unit,702761,42475
Fully-functional,Loreng Dispensary,Letea,Turkana West,Turkana West,Turkana,Namorkirionok Community Health Unit,702760,42576
non-functinoal,Kalobeyei Dispensary,Kalobeyei,Turkana West,Turkana West,Turkana,Lonyuduk Community Health Unit,702759,42475
non-functinoal,Lokipoto Dispensary,Letea,Turkana West,Turkana West,Turkana,Katelemot Community Health Unit,702758,42475
non-functinoal,Lochorangierengo Dispensary,Kakuma,Turkana West,Turkana West,Turkana,Nalapatui Community Health Unit,702756,42475
non-functinoal,Lochorangierengo Dispensary,Kakuma,Turkana West,Turkana West,Turkana,Tulabalany Community Health Unit,702755,42475
non-functinoal,Nasinyono Dispensary,Nanaam,Turkana West,Turkana West,Turkana,Lotikipi Community Health Unit,702754,42475
Fully-functional,Rukurini Dispensary,Nkondi,Tharaka,Tharaka South,Tharaka Nithi,Giekuri Community Health Unit,702752,43503
Fully-functional,Matagatani Dispensary,Chiakagira,Tharaka,Tharaka South,Tharaka Nithi,Matagatani Community Health Unit,702751,43531
Fully-functional,Tumbura Dispensary,Nkondi,Tharaka,Tharaka South,Tharaka Nithi,Mwanyani Community Health Unit,702750,43503
Fully-functional,EAPC Ruungu Dispensary,Marimanti,Tharaka,Tharaka South,Tharaka Nithi,Ruungu Community Health Unit,702749,43531
Fully-functional,Tharaka District Hospital,Marimanti,Tharaka,Tharaka South,Tharaka Nithi,Ibote Community Health Unit,702748,43503
Fully-functional,Gakirwe Dispensary,Chiakagira,Tharaka,Tharaka South,Tharaka Nithi,Gakirwe Community Health Unit,702747,43503
Fully-functional,Gaceraka Dispensary,Chiakagira,Tharaka,Tharaka South,Tharaka Nithi,Gaceraaka Community Health Unit,702746,43503
semi-functional,Getambwega Dispensary,Gokeharaka/Getambwega,Kuria East,Kuria East,Migori,Nyamotambe Community Health Unit,702745,42221
Fully-functional,Kanthuni Dispensary,Mavindini,Makueni,Makueni,Makueni,Kanthuni Community Health Unit,702744,43444
Fully-functional,Kamanyaki Health centre,Chiakagira,Tharaka,Tharaka South,Tharaka Nithi,Kamanyaki Community Health Unit,702743,43466
Fully-functional,Kamarandi Dispensary,Chiakagira,Tharaka,Tharaka South,Tharaka Nithi,Kamarandi Community Health Unit,702742,43466
Fully-functional,Kamacabi Dispensary,Mukothima,Tharaka,Tharaka North,Tharaka Nithi,Mauthini Community Health Unit,702741,43524
Fully-functional,Njoguni Dispensary,Mukothima,Tharaka,Tharaka North,Tharaka Nithi,Njoguni Community Health Unit,702740,43524
Fully-functional,Njoguni Dispensary,Mukothima,Tharaka,Tharaka North,Tharaka Nithi,Ntoroni Community Health Unit,702739,43524
Fully-functional,kirundi dispensary,Mukothima,Tharaka,Tharaka North,Tharaka Nithi,Kirundi Community Health Unit,702738,43524
Fully-functional,Mukothima Health Centre,Mukothima,Tharaka,Tharaka North,Tharaka Nithi,Thiiti Community Health Unit,702737,43524
Fully-functional,Mukothima Health Centre,Mukothima,Tharaka,Tharaka North,Tharaka Nithi,Mukothima Community Health Unit,702736,43524
Fully-functional,Kamacabi Dispensary,Mukothima,Tharaka,Tharaka North,Tharaka Nithi,Kanjoro Community Health Unit,702735,43524
Fully-functional,Kamaguna Dispensary,Gatunga,Tharaka,Tharaka North,Tharaka Nithi,Kamaguna Community Health Unit,702734,43524
Fully-functional,Kamwathu Dispensary,Gatunga,Tharaka,Tharaka North,Tharaka Nithi,Kamwathu Community Health Unit,702733,43496
Fully-functional,Mvindeni,Kinondo,Msambweni,Msambweni,Kwale,Diani Scheme Community Health Unit,702732,42961
Fully-functional,Kinondo Kwetu Community Clinic,Kinondo,Msambweni,Msambweni,Kwale,Kinondo Community Health Unit,702731,42961
Fully-functional,Muhaka Dispensary,Kinondo,Msambweni,Msambweni,Kwale,Mvumoni Community Health Unit,702730,43269
Fully-functional,Ganja La Simba,Kinondo,Msambweni,Msambweni,Kwale,Mwabungo Community Health Unit,702729,43004
Fully-functional,Ganja La Simba,Kinondo,Msambweni,Msambweni,Kwale,Biga Community Health Unit,702728,43269
Fully-functional,Gazi Dispensary,Kinondo,Msambweni,Msambweni,Kwale,Gazi Community Health Unit,702727,42464
Fully-functional,Msambweni County Referral Hospital,Ramisi,Msambweni,Msambweni,Kwale,Bomani Community Health Unit,702726,43269
Fully-functional,Shiraz Dispensary,Ramisi,Msambweni,Msambweni,Kwale,Bodo Community Health Unit,702725,43004
Fully-functional,Mvindeni,Kinondo,Msambweni,Msambweni,Kwale,Ukunda Scheme Community Health Unit,702724,43269
Fully-functional,Baragu Health Centre,Chogoria,Maara,Mwimbi,Tharaka Nithi,Munga Community Health Unit,702723,42975
Fully-functional,Kieni Model Health Centre,Mwimbi,Maara,Mwimbi,Tharaka Nithi,Ikuu Community Health Unit,702722,42975
Fully-functional,Kaare Dispensary,Mwimbi,Maara,Mwimbi,Tharaka Nithi,Kaare Community Health Unit,702721,42975
Fully-functional,Kiairugu Dispensary,Mwimbi,Maara,Mwimbi,Tharaka Nithi,Thigaa Community Health Unit,702720,42975
Fully-functional,Kieni Model Health Centre,Mwimbi,Maara,Mwimbi,Tharaka Nithi,Kiroo Community Health Unit,702719,42975
Fully-functional,Makengi Dispensary (Maara),Mwimbi,Maara,Mwimbi,Tharaka Nithi,Kathingithu Community Health Unit,702718,42975
Fully-functional,Ngeru Dispensary,Ganga,Maara,Mwimbi,Tharaka Nithi,Ndunguri Community Health Unit,702717,42975
Fully-functional,Mukui Health Centre,Ganga,Maara,Mwimbi,Tharaka Nithi,Kiriguni Community Health Unit,702716,42975
Fully-functional,Kirumi Dispensary,Ganga,Maara,Mwimbi,Tharaka Nithi,Kariakomo Community Health Unit,702715,42975
Fully-functional,Kirumi Dispensary,Ganga,Maara,Mwimbi,Tharaka Nithi,Kirumi Community Health Unit,702714,42975
Fully-functional,Ikumbo Dispensary,Ganga,Maara,Mwimbi,Tharaka Nithi,Ikumbo Community Health Unit,702713,42975
Fully-functional,Baragu Health Centre,Chogoria,Maara,Mwimbi,Tharaka Nithi,Kiriani Community Health Unit,702712,42975
Fully-functional,Kalewa Dispensary,Chogoria,Maara,Mwimbi,Tharaka Nithi,Gantaraki Community Health Unit,702711,42975
Fully-functional,KARAA DISPENSARY,Chogoria,Maara,Mwimbi,Tharaka Nithi,Kianjagi Community Health Unit,702710,42975
Fully-functional,Majira Dispensary,Chogoria,Maara,Mwimbi,Tharaka Nithi,Mukwego Community Health Unit,702709,42975
Fully-functional,Chogoria (PCEA) Hospital,Chogoria,Maara,Mwimbi,Tharaka Nithi,Chogoria Community Health Unit,702708,42975
Fully-functional,Kiamuchairu Health Centre,Chogoria,Maara,Mwimbi,Tharaka Nithi,Kiraro Community Health Unit,702707,42975
Fully-functional,Gianchuku Dispensary,Chogoria,Maara,Mwimbi,Tharaka Nithi,Giancuku Community Health Unit,702706,42975
Fully-functional,Karimba Dispensary,Mitheru,Maara,Muthambi,Tharaka Nithi,Karimba Community Health Unit,702705,42975
Fully-functional,Ndumbini Dispensary,Mitheru,Maara,Muthambi,Tharaka Nithi,Ndumbini Community Health Unit,702704,42975
Fully-functional,Kamwangu Dispensary,Muthambi,Maara,Muthambi,Tharaka Nithi,Kamwangu Community Health Unit,702703,42975
Fully-functional,Chamunga Dispensary,Muthambi,Maara,Muthambi,Tharaka Nithi,Chamunga Community Health Unit,702702,42975
Fully-functional,Iriga Dispensary,Muthambi,Maara,Muthambi,Tharaka Nithi,Iriga Community Health Unit,702701,42975
Fully-functional,Mumbuni Dispensary (Maara),Muthambi,Maara,Muthambi,Tharaka Nithi,Kandungu Community Health Unit,702700,42975
Fully-functional,Kiini Health Centre,Mitheru,Maara,Muthambi,Tharaka Nithi,Gatua Community Health Unit,702699,42975
Fully-functional,Kaanwa Dispensary,Mariani,Chuka/Igambang'ombe,Igambangombe,Tharaka Nithi,Kaanwa Community Health Unit,702698,43503
Fully-functional,Makanyanga Dispensary,Igambang'ombe,Chuka/Igambang'ombe,Igambangombe,Tharaka Nithi,Marembo Community Health Unit,702697,43503
Fully-functional,Weru Dispensary (Mariani),Mariani,Chuka/Igambang'ombe,Igambangombe,Tharaka Nithi,Weru Community Health Unit,702696,43503
Fully-functional,Kangutu Dispensary,Mariani,Chuka/Igambang'ombe,Igambangombe,Tharaka Nithi,Kangutu Community Health Unit,702695,43503
Fully-functional,Kamwimbi Dispensary,Igambang'ombe,Chuka/Igambang'ombe,Igambangombe,Tharaka Nithi,Kamwimbi Community Health Unit,702694,43503
Fully-functional,Igamatundu Dispensary,Igambang'ombe,Chuka/Igambang'ombe,Igambangombe,Tharaka Nithi,Igamatundu Community Health Unit,702693,43503
Fully-functional,Itugururu Dispensary,Igambang'ombe,Chuka/Igambang'ombe,Igambangombe,Tharaka Nithi,Itugururu Community Health Unit,702692,43503
Fully-functional,Kamonka Dispensary,Igambang'ombe,Chuka/Igambang'ombe,Igambangombe,Tharaka Nithi,Kamonka Community Health Unit,702691,43503
Fully-functional,Iriuko Ria Ng'ombe,Igambang'ombe,Chuka/Igambang'ombe,Igambangombe,Tharaka Nithi,Kanthanje Community Health Unit,702690,43503
Fully-functional,Kajiampau Dispensary,Igambang'ombe,Chuka/Igambang'ombe,Igambangombe,Tharaka Nithi,Mutino Community Health Unit,702689,43503
Fully-functional,Kamaindi Dispensary,Igambang'ombe,Chuka/Igambang'ombe,Igambangombe,Tharaka Nithi,Kamaindi Community Health Unit,702688,43503
Fully-functional,Kajuki Health Centre,Igambang'ombe,Chuka/Igambang'ombe,Igambangombe,Tharaka Nithi,Kamutiria Community Health Unit,702687,43503
Fully-functional,Makanyanga Dispensary,Igambang'ombe,Chuka/Igambang'ombe,Igambangombe,Tharaka Nithi,Makanyanga Community Health Unit,702686,43503
Fully-functional,Karandini Dispensary,Magumoni,Chuka/Igambang'ombe,Chuka,Tharaka Nithi,Njuri Community Health Unit,702678,43503
Fully-functional,Kibugua Health Centre,Magumoni,Chuka/Igambang'ombe,Chuka,Tharaka Nithi,Thuita Community Health Unit,702677,43503
Fully-functional,Karandini Dispensary,Magumoni,Chuka/Igambang'ombe,Chuka,Tharaka Nithi,Nthambo Community Health Unit,702676,43503
Fully-functional,Magenka Dispensary,Magumoni,Chuka/Igambang'ombe,Chuka,Tharaka Nithi,Karamani Community Health Unit,702675,43503
Fully-functional,Rukindu Dispensary,Karingani,Chuka/Igambang'ombe,Chuka,Tharaka Nithi,Rukindu Community Health Unit,702674,43503
Fully-functional,Mwonge Dispensary,Magumoni,Chuka/Igambang'ombe,Chuka,Tharaka Nithi,Kangoro Community Health Unit,702673,43503
Fully-functional,Mwonge Dispensary,Magumoni,Chuka/Igambang'ombe,Chuka,Tharaka Nithi,Mwonge Community Health Unit,702672,43503
Fully-functional,Kiamuchii Dispensary,Mugwe,Chuka/Igambang'ombe,Chuka,Tharaka Nithi,Kiamuchii Community Health Unit,702671,43503
Fully-functional,Kambandi Dispensary,Mugwe,Chuka/Igambang'ombe,Chuka,Tharaka Nithi,Muiru Community Health Unit,702670,43503
Fully-functional,Kiamuchii Dispensary,Mugwe,Chuka/Igambang'ombe,Chuka,Tharaka Nithi,Gitareni Community Health Unit,702669,43503
Fully-functional,Mpukoni Health Centre,Magumoni,Chuka/Igambang'ombe,Chuka,Tharaka Nithi,Kanyakini Community Health Unit,702668,43503
Fully-functional,Kiangondu Dispensary,Karingani,Chuka/Igambang'ombe,Chuka,Tharaka Nithi,Kiangondu Community Health Units,702667,43503
Fully-functional,Chuka County Refferal Hospital,Karingani,Chuka/Igambang'ombe,Chuka,Tharaka Nithi,Township Community Health Unit,702666,43503
Fully-functional,Njaina Dispensary,Karingani,Chuka/Igambang'ombe,Chuka,Tharaka Nithi,Ndagani Community Health Units,702665,43503
semi-functional,Ndanai,Ndanai/Abosi,Sotik,Sotik,Bomet,Chepkeigei Community Health Unit,702663,43374
Fully-functional,Tingwa Dispensary,Ainabkoi/Olare,Ainabkoi,Ainabkoi,Uasin Gishu,Tingwa Community Health Unit,702662,42184
Fully-functional,Chepngoror Dispensary,Ainabkoi/Olare,Ainabkoi,Ainabkoi,Uasin Gishu,Koiluget Community Health Unit,702661,42184
semi-functional,Nthambiro Dispensary,Igembe East,Igembe Central,Igembe Central,Meru,Kitheo Community Health Unit,702660,41440
semi-functional,Antubetwe Njoune Dispensary,Igembe East,Igembe Central,Igembe Central,Meru,Andiala Community Health Unit,702659,41440
semi-functional,Antubetwe Njoune Dispensary,Igembe East,Igembe Central,Igembe Central,Meru,Kaurine Community Health Unit,702658,41075
semi-functional,Antubetwe Njoune Dispensary,Igembe East,Igembe Central,Igembe Central,Meru,Kalingene Community Health Unit,702657,41440
semi-functional,Kathelwa Dispensary,Akirang'ondu,Igembe Central,Igembe Central,Meru,Kk Muuti Community Health Unit,702656,41440
semi-functional,Kathelwa Dispensary,Akirang'ondu,Igembe Central,Igembe Central,Meru,Njia Ciomwendwa Community Health Unit,702655,41440
semi-functional,Kathelwa Dispensary,Akirang'ondu,Igembe Central,Igembe Central,Meru,Itulu Community Health Unit,702654,42475
semi-functional,Thuuru Dispensary,Njia,Igembe Central,Igembe Central,Meru,Thuuru Community Health Unit,702653,39979
semi-functional,Thuuru Dispensary,Njia,Igembe Central,Igembe Central,Meru,Kithare Community Health Unit,702652,42901
semi-functional,Kangeta SCH,Kangeta,Igembe Central,Igembe Central,Meru,Nturuba Community Health Unit,702651,41562
semi-functional,Kangeta SCH,Kangeta,Igembe Central,Igembe Central,Meru,Liburu Community Health Unit,702650,41562
semi-functional,Kapteldon Health Centre,Simat/Kapseret,Kapseret,Kapseret,Uasin Gishu,Nairobi Community Health Unit,702649,42184
semi-functional,Leberio Dispensary,Simat/Kapseret,Kapseret,Kapseret,Uasin Gishu,Chepkatet Community Health Unit,702648,42184
semi-functional,Kapteldet Dispensary,Simat/Kapseret,Kapseret,Kapseret,Uasin Gishu,Kapteldet Community Health Unit,702647,42184
semi-functional,Kapserton Dispensary,Simat/Kapseret,Kapseret,Kapseret,Uasin Gishu,Kapserton Community Health Unit,702646,42184
semi-functional,Pioneer Health Centre,Kipkenyo,Kapseret,Kapseret,Uasin Gishu,Kipkenyo Community Health Unit,702645,42093
semi-functional,Kisor Dispensary,Simat/Kapseret,Kapseret,Kapseret,Uasin Gishu,Kaptinga Community Health Unit,702644,42184
semi-functional,St Brigitas Health Centre,Kipkenyo,Kapseret,Kapseret,Uasin Gishu,Mwiruti Community Health Unit,702643,42184
semi-functional,Ngeria South Dispensary,Megun,Kapseret,Kapseret,Uasin Gishu,Legetet Community Health Unit,702642,42184
semi-functional,GK Prisons Dispensary (Ngeria),Ngeria,Kapseret,Kapseret,Uasin Gishu,Kabongwa Community Health Unit,702641,42184
semi-functional,Ngeria South Dispensary,Megun,Kapseret,Kapseret,Uasin Gishu,Momoniat Community Health Unit,702640,42184
semi-functional,GK Prisons Dispensary (Ngeria),Ngeria,Kapseret,Kapseret,Uasin Gishu,Kibabet Community Health Unit,702639,42184
semi-functional,Ongata Dispensary,Megun,Kapseret,Kapseret,Uasin Gishu,Songoliet Community Health Unit,702638,42184
semi-functional,Ongata Dispensary,Megun,Kapseret,Kapseret,Uasin Gishu,Konyit Community Health Unit,702637,42184
semi-functional,Patrician Dispensary,Ngeria,Kapseret,Kapseret,Uasin Gishu,D-block Community Health Unit,702636,42184
semi-functional,Kimuri Disp,Ngeria,Kapseret,Kapseret,Uasin Gishu,Kimuri Community Health Unit,702635,40434
semi-functional,Langas RCEA,Langas,Kapseret,Kapseret,Uasin Gishu,Langas Ii Community Health Unit,702634,42093
semi-functional,Langas RCEA,Langas,Kapseret,Kapseret,Uasin Gishu,Langas 11 Community Health Unit,702633,42093
semi-functional,Kaplelach Chepyakwai Dispensary,Ngeria,Kapseret,Kapseret,Uasin Gishu,Chumba Community Health Unit,702632,42184
semi-functional,Kaplelach Chepyakwai Dispensary,Ngeria,Kapseret,Kapseret,Uasin Gishu,Ngara Community Health Unit,702631,42184
semi-functional,Nairiri Dispensary,Ngeria,Kapseret,Kapseret,Uasin Gishu,Kipsamoo Community Health Unit,702630,42184
semi-functional,Kangeta SCH,Kangeta,Igembe Central,Igembe Central,Meru,Laikumukumu Community Health Unit,702629,41562
semi-functional,Kangeta SCH,Kangeta,Igembe Central,Igembe Central,Meru,Liliaba Community Health Unit,702628,39370
semi-functional,Kalimbene Dispensary,Kangeta,Igembe Central,Igembe Central,Meru,Kalimbene Community Health Unit,702627,41562
Fully-functional,Katuiyo Dispensary,Kaptagat,Ainabkoi,Ainabkoi,Uasin Gishu,Chesogor Community Health Unit,702626,42170
Fully-functional,Kapngetuny Dispensary,Ainabkoi/Olare,Ainabkoi,Ainabkoi,Uasin Gishu,Siliboi Community Health Unit,702625,42170
Fully-functional,Uhuru Dispensary,Kaptagat,Ainabkoi,Ainabkoi,Uasin Gishu,Tendwo Community Health Unit,702624,40344
Fully-functional,Ngelel Tarit Dispensary,Kaptagat,Ainabkoi,Ainabkoi,Uasin Gishu,Naiberi Community Health Unit,702623,42170
Fully-functional,Cheboin Dispensary,Kapsoya,Ainabkoi,Ainabkoi,Uasin Gishu,Kogilgei Community Health Unit,702622,42229
Fully-functional,Cheboin Dispensary,Kapsoya,Ainabkoi,Ainabkoi,Uasin Gishu,Kipkorgot Community Health Unit,702621,42229
Fully-functional,Cheboin Dispensary,Kapsoya,Ainabkoi,Ainabkoi,Uasin Gishu,Cheboin Community Health Unit,702620,41260
semi-functional,Kimawit-Uswet Dispensary,Kapletundo,Sotik,Sotik,Bomet,Kimawit Community Health Unit,702619,43374
semi-functional,Kimuri Disp,Ngeria,Kapseret,Kapseret,Uasin Gishu,Kiambaa Community Health Unit,702617,42184
semi-functional,Jabali Dispensary,Moi's Bridge,Soy,Soy,Uasin Gishu,Jabali Community Health Unit,702616,40570
semi-functional,Ziwa Sub County Hospital,Ziwa,Soy,Soy,Uasin Gishu,Ziwa S.C.H Community Health Unit,702615,43192
semi-functional,Cheplelabei Dispensary,Kipsomba,Soy,Soy,Uasin Gishu,Cheplelaibei Community Health Unit,702614,39853
semi-functional,Kibagenge Dispensary,Segeroi/Barsombe,Soy,Soy,Uasin Gishu,Kibagenge -kapngetuny Community Health Unit,702613,40570
semi-functional,Kibagenge Dispensary,Segeroi/Barsombe,Soy,Soy,Uasin Gishu,Kapngetuny Community Health Unit,702611,40707
semi-functional,Kimurgoi Dispensary,Ziwa,Soy,Soy,Uasin Gishu,Kimurgoi Community Health Unit,702610,42072
semi-functional,Lemoru Ngeny Dispensary,Segeroi/Barsombe,Soy,Soy,Uasin Gishu,Lemoru Ngeny Community Health Unit,702609,40707
semi-functional,Chepterit Dispensary,Segeroi/Barsombe,Soy,Soy,Uasin Gishu,Chepterit Community Health Unit,702608,40707
semi-functional,Mary Immaculate Dispensary (Eldoret East),Kaptagat,Ainabkoi,Ainabkoi,Uasin Gishu,Kongasis Community Health Unit,702607,42191
Fully-functional,Plateau Hospital,Kaptagat,Ainabkoi,Ainabkoi,Uasin Gishu,Plateau Community Health Unit,702606,40484
semi-functional,Chepkero Dispensary,Kaptagat,Ainabkoi,Ainabkoi,Uasin Gishu,Kileges Community Health Unit,702605,42170
semi-functional,Chepkero Dispensary,Kaptagat,Ainabkoi,Ainabkoi,Uasin Gishu,Flax Community Health Unit,702604,42170
semi-functional,Kapsoya Health Centre,Kapsoya,Ainabkoi,Ainabkoi,Uasin Gishu,Kapsoya Community Health Unit,702603,43388
Fully-functional,St Mary's Kapsoya Dispensary,Kapsoya,Ainabkoi,Ainabkoi,Uasin Gishu,St Marys Medical Centre Community Health Unit,702602,41805
Fully-functional,Kauti Dispensary,Kilungu,Kaiti,Kaiti,Makueni,Kauti Community Health Unit,702600,43430
semi-functional,Kinoru Dispensary,Municipality,North Imenti,Imenti North,Meru,Kambakia Community Health Unit,702599,43346
semi-functional,Kinoru Dispensary,Municipality,North Imenti,Imenti North,Meru,Kinoru Community Health Unit,702598,43346
semi-functional,Koitoror Dispensary,Tembelio,Moiben,Moiben,Uasin Gishu,Koitoror Community Health Unit,702597,41956
semi-functional,Emc Kimumu Dispensary,Kimumu,Moiben,Moiben,Uasin Gishu,Kimumu Community Health Unit,702595,42124
semi-functional,Tangasir Dispensary,Karuna/Meibeki,Moiben,Moiben,Uasin Gishu,Tangasir Community Health Unit,702594,39736
Fully-functional,Meibeki Dispensary,Karuna/Meibeki,Moiben,Moiben,Uasin Gishu,Meibeki Community Health Unit,702593,39736
semi-functional,GK Prisons Dispensary (Eldoret East),Kimumu,Moiben,Moiben,Uasin Gishu,Gk.Prisons Community Health Unit,702592,42563
semi-functional,Kaprobu Dispensary,Sergoit,Moiben,Moiben,Uasin Gishu,Kaprobu Community Health Unit,702591,42107
semi-functional,Chepkoilel Sisiwa Dispensary,Sergoit,Moiben,Moiben,Uasin Gishu,Chepkoilel Community Health Unit,702590,42124
semi-functional,Cheplasgei Dispensary,Sergoit,Moiben,Moiben,Uasin Gishu,Cheplasgei Community Health Unit,702589,42100
Fully-functional,Chepkanga Health Centre,Sergoit,Moiben,Moiben,Uasin Gishu,Sergoit Community Health Unit,702588,39641
semi-functional,Elgeyo Boader Dispensary,Tembelio,Moiben,Moiben,Uasin Gishu,Tembelio Community Health Unit,702587,41953
Fully-functional,Tuiyoluk Dispensary,Tembelio,Moiben,Moiben,Uasin Gishu,Tuiyoluk Community Health Unit,702586,41967
Fully-functional,Muyengwet Dispensary,Tembelio,Moiben,Moiben,Uasin Gishu,Kaptuktuk Community Health Unit,702585,41948
semi-functional,Kapkei Dispensary,Tembelio,Moiben,Moiben,Uasin Gishu,Kapkei Community Health Unit,702583,41947
semi-functional,Tugen Estate Dispensary,Sergoit,Moiben,Moiben,Uasin Gishu,Tugen Estate Community Health Unit,702582,41969
Fully-functional,Chembulet Health Centre,Tembelio,Moiben,Moiben,Uasin Gishu,Chembulet Community Health Unit,702581,40830
Fully-functional,Kimoning Dispensary,Tembelio,Moiben,Moiben,Uasin Gishu,Kimoning Community Health Unit,702580,40834
non-functinoal,Chepkanga Health Centre,Sergoit,Moiben,Moiben,Uasin Gishu,Marura Community Health Unit,702579,42124
non-functinoal,Kimoning Dispensary,Tembelio,Moiben,Moiben,Uasin Gishu,Kamaua Community Health Unit,702578,42119
non-functinoal,Uasin Gishu District Hospital,Kimumu,Moiben,Moiben,Uasin Gishu,Uasin Gishu Community Health Unit,702577,42134
Fully-functional,Torochmoi Dispensary,Moiben,Moiben,Moiben,Uasin Gishu,Torochmoi Community Health Unit,702576,42118
non-functinoal,Karuna Dispensary,Karuna/Meibeki,Moiben,Moiben,Uasin Gishu,Karuna Community Health Unit,702575,42087
semi-functional,Simotwo Dispensary (Eldoret East),Moiben,Moiben,Moiben,Uasin Gishu,Simotwo Community Health Unit,702574,42122
non-functinoal,Kongnyalil Dispensary,Karuna/Meibeki,Moiben,Moiben,Uasin Gishu,Kongnyalil Community Health Unit,702573,42087
Fully-functional,Moiben Health Centre,Moiben,Moiben,Moiben,Uasin Gishu,Moiben Community Health Unit,702572,39649
non-functinoal,Karuna Dispensary,Karuna/Meibeki,Moiben,Moiben,Uasin Gishu,Uswo Community Health Unit,702571,42122
semi-functional,Mosop Dispensary,Moiben,Moiben,Moiben,Uasin Gishu,Mosop Community Health Unit,702570,42086
Fully-functional,Soy Health Centre,Soy,Soy,Soy,Uasin Gishu,Soy Community Health Unit,702569,40121
Fully-functional,Ihwagi Dispensary,Iriaini,Mathira,Mathira East,Nyeri,Ihwagi Community Health Unit,702568,41701
Fully-functional,Karindundu dispensary,Konyu,Mathira,Mathira East,Nyeri,Gaturiri Community Health Unit,702567,41701
Fully-functional,Karindundu dispensary,Konyu,Mathira,Mathira East,Nyeri,Peter Chira Community Health Unit,702566,41701
Fully-functional,Karatina District Hospital,Karatina Town,Mathira,Mathira East,Nyeri,Gathugu Community Health Unit,702565,42037
Fully-functional,Bosnia Dispensary,Wote,Makueni,Makueni,Makueni,Bosnia Community Health Unit,702563,43431
semi-functional,Kachororoni Dispensary,Ganze,Ganze,Ganze,Kilifi,Kachororoni Community Health Unit,702562,42372
Fully-functional,Jaribuni Dispensary,Jaribuni,Ganze,Ganze,Kilifi,Vyambani Community Health Unit,702561,41642
Fully-functional,Jila Model Health Centre,Ganze,Ganze,Ganze,Kilifi,Mwambani Community Health Unit,702560,43468
Fully-functional,Bamba Sub-County Hospital,Bamba,Ganze,Ganze,Kilifi,Mtsa Wa Tsatsu Community Health Unit,702559,43468
Fully-functional,Bamba Sub-County Hospital,Bamba,Ganze,Ganze,Kilifi,Bandari Community Health Unit,702558,43468
Fully-functional,Vitengeni Health Centre,Sokoke,Ganze,Ganze,Kilifi,Vitengeni Community Health Unit,702557,43220
Fully-functional,Dzikunze Dispensary,Sokoke,Ganze,Ganze,Kilifi,Kaembeni Community Health Unit,702555,43281
Fully-functional,Tegat Sub-County Hospital,Kembu,Bomet East,Bomet East,Bomet,Tegat Community Health Unit,702554,43320
Fully-functional,Kiromwok Dispensary,Merigi,Bomet East,Bomet East,Bomet,Kiromwok Community Health Unit,702553,43320
Fully-functional,Kipyosit Dispensary,Kembu,Bomet East,Bomet East,Bomet,Kipyosit Community Health Unit,702552,43320
Fully-functional,Cheboin Dispensary (Bomet),Longisa,Bomet East,Bomet East,Bomet,Emityot Community Health Unit,702550,43320
Fully-functional,Chemengwa Dispensary,Kembu,Bomet East,Bomet East,Bomet,Chepkitwal Community Health Unit,702549,43320
Fully-functional,Kembu Dispensary,Kembu,Bomet East,Bomet East,Bomet,Kaporuso Community Health Unit,702548,43320
Fully-functional,Kapkimolwa Dispensary,Longisa,Bomet East,Bomet East,Bomet,Kapkimolwa Community Health Unit,702547,43320
Fully-functional,Chemaner Health Centre (Bomet),Chemaner,Bomet East,Bomet East,Bomet,Chambori Community Health Unit,702546,43320
Fully-functional,Kiplobotwa Dispensary,Kipreres,Bomet East,Bomet East,Bomet,Kiplabotwa Community Health Unit,702544,43320
Fully-functional,Longisa County Referral Hospital,Longisa,Bomet East,Bomet East,Bomet,Samituk Community Health Unit,702543,40883
Fully-functional,Longisa County Referral Hospital,Longisa,Bomet East,Bomet East,Bomet,Kiptulwa Community Health Unit,702542,43320
Fully-functional,Cheboror Dispensary,Kipreres,Bomet East,Bomet East,Bomet,Ndubai Community Health Unit,702541,43320
Fully-functional,Olokyin Health Centre,Kipreres,Bomet East,Bomet East,Bomet,Olokyin Community Health Unit,702540,43320
Fully-functional,Cheboin Dispensary (Bomet),Longisa,Bomet East,Bomet East,Bomet,Cheboin Community Health Unit,702539,43320
Fully-functional,Chemaner Health Centre (Bomet),Chemaner,Bomet East,Bomet East,Bomet,Chemaner Community Health Unit,702538,43320
Fully-functional,Chemaner Health Centre (Bomet),Chemaner,Bomet East,Bomet East,Bomet,Kapsigirio Community Health Unit,702536,43320
Fully-functional,Makongeni Dispensary,Kamenu,Thika Town,Thika Town,Kiambu,Muthaiga Community Health Unit,702535,42893
Fully-functional,Makongeni Dispensary,Kamenu,Thika Town,Thika Town,Kiambu,Kware Community Health Unit,702533,42922
Fully-functional,Kiandutu Health Centre,Township,Thika Town,Thika Town,Kiambu,Molo Community Health Unit,702532,43411
Fully-functional,Makongeni Dispensary,Kamenu,Thika Town,Thika Town,Kiambu,Heshima Community Health Unit,702531,43437
Fully-functional,Maaueli Dispensary,Kitise/Kithuki,Makueni,Makueni,Makueni,Maau Eli Community Health Unit,702530,43437
Fully-functional,Kaliini (Kwamutula) Dispensary,Mbitini,Makueni,Makueni,Makueni,Kaliini Community Health Unit,702529,43455
Fully-functional,Mandoi Dispensary,Muvau/Kikumini,Makueni,Makueni,Makueni,Mandoi Community Health Unit,702528,43448
Fully-functional,Kawala Dispensary-Makueni,Nzaui/Kilili/Kalamba,Makueni,Makueni,Makueni,Kawala Community Health Unit,702527,43444
Fully-functional,Kathamboni Dispensary,Kathonzweni,Makueni,Makueni,Makueni,Kathamboni Community Health Unit,702526,43444
semi-functional,Cheptangulgei Dispensary,Kapletundo,Sotik,Sotik,Bomet,Chebilat .C.Community Health Unit,702525,43374
semi-functional,Kapletundo Dispensary,Kapletundo,Sotik,Sotik,Bomet,Togomin Community Health Unit,702524,43374
semi-functional,Kamirai Dispensary,Chemagel,Sotik,Sotik,Bomet,Kaplong Community Health Unit,702523,43374
semi-functional,Kapchemibei Dispensary,Ndanai/Abosi,Sotik,Sotik,Bomet,Kaplomboi Community Health Unit,702522,43374
semi-functional,Rongena Dispensary,Rongena/Manaret,Sotik,Sotik,Bomet,Rongena Community Health Unit,702521,43374
semi-functional,Kipsonoi Health Centre,Kapletundo,Sotik,Sotik,Bomet,Kipsonoi Community Health Unit,702519,43374
semi-functional,Gelegele Health Centre,Ndanai/Abosi,Sotik,Sotik,Bomet,Koiyet Community Health Unit,702518,43374
semi-functional,Gelegele Health Centre,Ndanai/Abosi,Sotik,Sotik,Bomet,Gelegele Community Health Unit,702517,43374
semi-functional,Chebilat Dispensary,Rongena/Manaret,Sotik,Sotik,Bomet,Manaret Community Health Unit,702515,43374
semi-functional,Gelegele Health Centre,Ndanai/Abosi,Sotik,Sotik,Bomet,Kipsimbol Community Health Unit,702514,43374
semi-functional,Kapkelei,Kipsonoi,Sotik,Sotik,Bomet,Kapkelei Community Health Unit,702513,43374
semi-functional,Chebilat Dispensary,Rongena/Manaret,Sotik,Sotik,Bomet,Chebilat A Community Health Unit,702512,43374
semi-functional,Kapletundo Dispensary,Kapletundo,Sotik,Sotik,Bomet,Kapkoitim Community Health Unit,702511,43374
semi-functional,Kimolwet Dispensary,Kapletundo,Sotik,Sotik,Bomet,Kimolwet Community Health Unit,702510,43374
semi-functional,Soymet Dispensary,Kapletundo,Sotik,Sotik,Bomet,Emityot Community Health Unit,702509,43374
semi-functional,Kapkesembe Dispensary,Kapletundo,Sotik,Sotik,Bomet,Kapkesembe Community Health Unit,702507,43374
semi-functional,Kipsonoi Health Centre,Kapletundo,Sotik,Sotik,Bomet,Kenene Community Health Unit,702506,43374
semi-functional,Sotik Health Centre,Chemagel,Sotik,Sotik,Bomet,Sotik Community Health Unit,702505,43374
semi-functional,Cheptangulgei Dispensary,Kapletundo,Sotik,Sotik,Bomet,Chesilyot Community Health Unit,702504,43374
semi-functional,Kaptebengwo Dispensary,Rongena/Manaret,Sotik,Sotik,Bomet,Tembwo Community Health Unit,702503,43374
semi-functional,Rongena Dispensary,Rongena/Manaret,Sotik,Sotik,Bomet,Kipngosos Community Health Unit,702502,43374
semi-functional,Kapkelei,Kipsonoi,Sotik,Sotik,Bomet,Motiret Community Health Unit,702501,43374
semi-functional,Kamirai Dispensary,Chemagel,Sotik,Sotik,Bomet,Kapchepkoro Community Health Unit,702500,43374
semi-functional,Kipajit Dispensary,Chemagel,Sotik,Sotik,Bomet,Kipajit Community Health Unit,702499,43374
Fully-functional,Koiwa Health Centre,Mogogosiek,Konoin,Konoin,Bomet,Cheptingting Community Health Unit,702498,43344
Fully-functional,Koiwa Health Centre,Mogogosiek,Konoin,Konoin,Bomet,Kapken Community Health Unit,702497,43344
Fully-functional,Embomos Dispensary,Embomos,Konoin,Konoin,Bomet,Embomos Community Health Unit,702494,43344
Fully-functional,Siomo Health centre,Embomos,Konoin,Konoin,Bomet,Siomo Community Health Unit,702493,43344
Fully-functional,Sotit Dispensary,Embomos,Konoin,Konoin,Bomet,Kirimose Community Health Unit,702491,43344
Fully-functional,Chebangang Health Centre,Kimulot,Konoin,Konoin,Bomet,Kapsengere Community Health Unit,702489,43344
Fully-functional,Cheptalal Sub-County Hospital,Embomos,Konoin,Konoin,Bomet,Taboino Community Health Unit,702486,43344
Fully-functional,Bosto Dispensary,Embomos,Konoin,Konoin,Bomet,Bosto Community Health Unit,702484,43344
Fully-functional,Satiet Dispensary,Embomos,Konoin,Konoin,Bomet,Kugerwet Community Health Unit,702483,43344
Fully-functional,Kiptenden Dispensary (Konoin),Embomos,Konoin,Konoin,Bomet,Terek Community Health Unit,702482,43344
Fully-functional,Kiptenden Dispensary (Konoin),Embomos,Konoin,Konoin,Bomet,Kiptenden Community Health Unit,702481,43344
Fully-functional,Kapset Dispensary,Kimulot,Konoin,Konoin,Bomet,Kapset Community Health Unit,702480,43344
Fully-functional,Chamalal Dispensary,Kimulot,Konoin,Konoin,Bomet,Chemalal Community Health Unit,702479,43344
semi-functional,Kipsonoi Health Centre,Kapletundo,Sotik,Sotik,Bomet,Kamungei Community Health Unit,702478,43374
Fully-functional,Kapsinendet Dispensary,Kimulot,Konoin,Konoin,Bomet,Kapsinendet Community Health Unit,702477,43344
Fully-functional,Itare Dispensary,Boito,Konoin,Konoin,Bomet,Besiobei Community Health Unit,702475,43344
Fully-functional,Itare Dispensary,Boito,Konoin,Konoin,Bomet,Kamagomon Community Health Unit,702474,43344
Fully-functional,Kabiangek Dispensary,Boito,Konoin,Konoin,Bomet,Kabiangek Community Health Unit,702473,43344
Fully-functional,Chemelet Dispensary,Boito,Konoin,Konoin,Bomet,Chemelet Community Health Unit,702472,43344
Fully-functional,Kenyagoro H/centre,Boito,Konoin,Konoin,Bomet,Boito Community Health Unit,702471,43327
Fully-functional,Boito Dispensary,Boito,Konoin,Konoin,Bomet,Kaptembwo Community Health Unit,702470,43344
Fully-functional,Mogonjet Dispensary,Mogogosiek,Konoin,Konoin,Bomet,Mogonjet Community Health Unit,702469,43344
Fully-functional,Mogonjet Dispensary,Mogogosiek,Konoin,Konoin,Bomet,Chepkochun Community Health Unit,702468,43344
Fully-functional,Mogogosiek Health Centre,Mogogosiek,Konoin,Konoin,Bomet,Ngererit Community Health Unit,702467,43344
semi-functional,Mugango Dispensary,Singorwet,Bomet Central,Bomet Central,Bomet,Motigo Community Health Unit,702464,43374
semi-functional,Itembe Dispensary,Nyangores,Chepalungu,Chepalungu,Bomet,Kabisoge Community Health Unit,702463,43347
semi-functional,Solyot Dispensary,Mutarakwa,Bomet Central,Bomet Central,Bomet,Solyot Community Health Unit,702462,43374
semi-functional,Silibwet Dispensary (Bomet),Silibwet Township,Bomet Central,Bomet Central,Bomet,Silibwet Community Health Unity,702461,43374
semi-functional,Kapoleseroi Dispensary,Siongiroi,Chepalungu,Chepalungu,Bomet,Kapoleseroi Community Health Unit,702460,43347
semi-functional,Sigor Sub-District Hospital,Sigor,Chepalungu,Chepalungu,Bomet,Sigor Community Health Unit,702459,43347
semi-functional,Silibwet Dispensary (Bomet),Silibwet Township,Bomet Central,Bomet Central,Bomet,Aisaik Community Health Unit,702458,43374
semi-functional,Ndarawetta Health centre,Ndaraweta,Bomet Central,Bomet Central,Bomet,Ngainet Community Health Unit,702457,43374
semi-functional,Chelelach Dispensary,Siongiroi,Chepalungu,Chepalungu,Bomet,Chelelach Community Health Unit,702456,43347
semi-functional,Bingwa Dispensary,Siongiroi,Chepalungu,Chepalungu,Bomet,Bingwa Community Health Unit,702455,43347
semi-functional,Kabungut dispensary,Singorwet,Bomet Central,Bomet Central,Bomet,Kabungut Community Health Unit,702454,43374
semi-functional,Olbutyo Health Centre,Kong'asis,Chepalungu,Chepalungu,Bomet,Segemik Community Health Unit,702453,43347
semi-functional,Kapsangaru Dispensary,Mutarakwa,Bomet Central,Bomet Central,Bomet,Kapsangaru Community Health Unit,702452,43374
semi-functional,Kiriba Dispensary,Kong'asis,Chepalungu,Chepalungu,Bomet,Kiriba Community Health Unit,702451,43347
semi-functional,Kimaya Dispensary,Kong'asis,Chepalungu,Chepalungu,Bomet,Kimaya Community Health Unit,702449,43347
semi-functional,Kitoben Dispensary,Singorwet,Bomet Central,Bomet Central,Bomet,Kitoben Community Health Unit,702448,43374
semi-functional,Kapkesosio Dispensary,Nyangores,Chepalungu,Chepalungu,Bomet,Kimenderit Community Health Unit,702447,43347
semi-functional,Mugango Dispensary,Singorwet,Bomet Central,Bomet Central,Bomet,Mugango Community Health Unit,702446,43374
semi-functional,Sachora Dispensary,Nyangores,Chepalungu,Chepalungu,Bomet,Kyogong Community Health Unit,702445,43347
semi-functional,Singorwet Dispensary,Singorwet,Bomet Central,Bomet Central,Bomet,Singorwet Community Health Unit,702444,43374
semi-functional,Cheptagum Dispensary,Nyangores,Chepalungu,Chepalungu,Bomet,Cheptagum Community Health Unit,702443,43347
semi-functional,Sugumerga Dispensary,Sigor,Chepalungu,Chepalungu,Bomet,Nyambugo Community Health Unit,702442,43347
semi-functional,Sachora Dispensary,Nyangores,Chepalungu,Chepalungu,Bomet,Goitab Silibwet Community Health Unit,702441,43347
semi-functional,Tilangok Dispensary,Chebunyo,Chepalungu,Chepalungu,Bomet,Tilangok Community Health Unit,702440,43347
semi-functional,Kipsuter Dispensary,Siongiroi,Chepalungu,Chepalungu,Bomet,Kipsuter Community Health Unit,702439,43347
semi-functional,Kamongil Dispensary,Chebunyo,Chepalungu,Chepalungu,Bomet,Kamongil Community Health Unit,702437,43347
semi-functional,Chebunyo Dispensary,Chebunyo,Chepalungu,Chepalungu,Bomet,Chebunyo Community Health Unit,702436,43347
semi-functional,Soymet Dispensary,Kapletundo,Sotik,Sotik,Bomet,Yaganek Community Health Unit,702435,43374
semi-functional,Burgei Dispensary,Rongena/Manaret,Sotik,Sotik,Bomet,Burgei Community Health Unit,702434,43374
semi-functional,Kiboson Dispensary,Kong'asis,Chepalungu,Chepalungu,Bomet,Kiboson Community Health Unit,702433,43347
semi-functional,Makimeny Dispensary,Kong'asis,Chepalungu,Chepalungu,Bomet,Kabema Community Health Unit,702432,43469
semi-functional,Chepwostuiyet Dispensary,Siongiroi,Chepalungu,Chepalungu,Bomet,Chepwastuiyet Community Health Unit,702431,43347
Fully-functional,Mariwa Health Centre,South Sakwa,Awendo,Awendo,Migori,East Alego Community Health Unit,702430,41891
Fully-functional,Mariwa Health Centre,South Sakwa,Awendo,Awendo,Migori,Alego East Community Health Unit,702429,41891
Fully-functional,Mariwa Health Centre,South Sakwa,Awendo,Awendo,Migori,Alego West Community Health Unit,702428,43327
Fully-functional,Bonde Dispensary (Awendo),South Sakwa,Awendo,Awendo,Migori,Kogelo West Community Health Unit,702427,43194
Fully-functional,Rabondo Dispensary,West Sakwa,Awendo,Awendo,Migori,Kamresi Community Health Unit,702426,42829
semi-functional,Wema Catholic Dispensary,Garsen North,Garsen,Garsen,Tana River,Wema Community Health Unit,702425,42887
semi-functional,Kipao Dispensary,Garsen Central,Garsen,Garsen,Tana River,Kipao Community Health Unit,702424,42887
semi-functional,Maemba Dispensary,Sigowet,Sigowet/Soin,Sigowet/Soin,Kericho,Maemba Community Health Unit,702423,43365
Fully-functional,Nyalenda Health Centre,Nyalenda B,Kisumu Central,Kisumu Central,Kisumu,Kilo 2 Community Health Unit,702414,42135
Fully-functional,Nyalenda Health Centre,Nyalenda B,Kisumu Central,Kisumu Central,Kisumu,Kilo1 Community Health Unit,702413,42135
Fully-functional,Nyalenda Health Centre,Nyalenda B,Kisumu Central,Kisumu Central,Kisumu,Western B1 Community Health Unit,702412,42135
Fully-functional,Nyalenda Health Centre,Nyalenda B,Kisumu Central,Kisumu Central,Kisumu,Nanga Dunga Community Health Unit,702411,42135
Fully-functional,Nyalenda Health Centre,Nyalenda B,Kisumu Central,Kisumu Central,Kisumu,Western B2 Community Health Unit,702410,42135
Fully-functional,Nyalenda Health Centre,Nyalenda B,Kisumu Central,Kisumu Central,Kisumu,Got Owak Community Health Unit,702409,42135
semi-functional,Igoki Dispensary,Ntima East,North Imenti,Imenti North,Meru,Igoki Health Community Health Unit,702396,39814
semi-functional,Kathithi Dispensary,Nyaki West,North Imenti,Imenti North,Meru,Kathithi Health Community Health Unit,702395,43192
semi-functional,Kathithi Dispensary,Nyaki West,North Imenti,Imenti North,Meru,Kirimene Health Community Health Unit,702394,43192
semi-functional,Kianjuri Dispensary,Ntima West,North Imenti,Imenti North,Meru,Kainginyo Community Health Unit,702393,43040
semi-functional,Imulama Dispensary,Idakho North,Ikolomani,Ikolomani,Kakamega,Mutaho B Community Health Unit,702392,43255
Fully-functional,Busembe Dispensary,Bwiri,Funyula,Samia,Busia,Busembe Community Health Unit,702391,36804
Fully-functional,Namboboto Dispensary,Namboboto-nambuku,Funyula,Samia,Busia,Namboboto Community Health Unit,702390,39976
Fully-functional,St Clare Medical Centre,Nambale,Nambale,Nambale,Busia,Kisoko B Community Health Unit,702389,42346
Fully-functional,St Clare Medical Centre,Nambale,Nambale,Nambale,Busia,Kisoko A Community Health Unit,702388,42346
Fully-functional,Nambale Sub County Hospital,Nambale,Nambale,Nambale,Busia,Nambale C Community Health Unit,702387,42338
Fully-functional,Nambale Sub County Hospital,Nambale,Nambale,Nambale,Busia,Nambale B Community Health Unit,702386,42338
Fully-functional,Nambale Sub County Hospital,Nambale,Nambale,Nambale,Busia,Nambale A Community Health Unit,702385,41501
Fully-functional,Musokoto Dispensary,Bukhayo North/Walatsi,Nambale,Nambale,Busia,Musokoto Community Health Unit,702384,41501
Fully-functional,Lupida Health Centre,Bukhayo North/Walatsi,Nambale,Nambale,Busia,Kapina B Community Health Unit,702383,42340
Fully-functional,Lupida Health Centre,Bukhayo North/Walatsi,Nambale,Nambale,Busia,Kapina A Community Health Unit,702382,42340
Fully-functional,Lupida Health Centre,Bukhayo North/Walatsi,Nambale,Nambale,Busia,Lupida Community Health Unit,702381,41130
Fully-functional,Igara Dispensary,Bukhayo North/Walatsi,Nambale,Nambale,Busia,Khwirale B Community Health Unit,702380,42340
Fully-functional,Igara Dispensary,Bukhayo North/Walatsi,Nambale,Nambale,Busia,Khwirale A Community Health Unit,702379,41130
Fully-functional,Mundembu Dispensary,Bukhayo East,Nambale,Nambale,Busia,Sikinga Community Health Unit,702378,41501
Fully-functional,Malanga Dispensary,Bukhayo Central,Nambale,Nambale,Busia,Esidende B Community Health Unit,702377,42340
Fully-functional,Malanga Dispensary,Bukhayo Central,Nambale,Nambale,Busia,Esidende A Community Health Unit,702376,41501
Fully-functional,Malanga Dispensary,Bukhayo Central,Nambale,Nambale,Busia,Malanga B Community Health Unit,702375,42340
Fully-functional,Malanga Dispensary,Bukhayo Central,Nambale,Nambale,Busia,Malanga A Community Health Unit,702374,42340
Fully-functional,Lwanyange Dispensary,Bukhayo Central,Nambale,Nambale,Busia,Lwanyange B Community Health Unit,702373,42340
Fully-functional,Madende Health Centre,Bukhayo East,Nambale,Nambale,Busia,Mungatsi B Community Health Unit,702372,42340
Fully-functional,Madende Health Centre,Bukhayo East,Nambale,Nambale,Busia,Buyofu Community Health Unit,702371,42340
Fully-functional,Khayo Dispensary,Bukhayo East,Nambale,Nambale,Busia,Madibo B Community Health Unit,702370,42340
Fully-functional,Moding Health Centre,Ang'urai North,Teso North,Teso North,Busia,Moding Community Health Unit,702357,42475
Fully-functional,Kamuriai GOK Dispensary,Malaba North,Teso North,Teso North,Busia,Koruruma Community Health Unit,702355,42475
Fully-functional,Moding Health Centre,Ang'urai North,Teso North,Teso North,Busia,Kolait Community Health Unit,702353,42475
Fully-functional,Moding Health Centre,Ang'urai North,Teso North,Teso North,Busia,Kolait Community Health Unit,702352,42475
Fully-functional,Kamolo Dispensary,Malaba South,Teso North,Teso North,Busia,Kodedema Community Health Unit,702350,42475
Fully-functional,Teso North Sub county Hospital,Malaba South,Teso North,Teso North,Busia,Kengatunyi Community Health Unit,702349,42475
Fully-functional,Kamolo Dispensary,Malaba South,Teso North,Teso North,Busia,Kamolo Community Health Unit,702347,42475
Fully-functional,Malaba Dispensary,Malaba Central,Teso North,Teso North,Busia,Kajei Community Health Unit,702346,42475
Fully-functional,Angurai Health Centre,Ang'urai North,Teso North,Teso North,Busia,Chelelemuk Community Health Unit,702345,42475
Fully-functional,Changara (GOK) Dispensary,Ang'urai East,Teso North,Teso North,Busia,Akobwait Community Health Unit,702344,42475
Fully-functional,Aboloi Dispensary,Ang'urai South,Teso North,Teso North,Busia,Akachachat Community Health Unit,702343,42475
Fully-functional,Teso North Sub county Hospital,Malaba South,Teso North,Teso North,Busia,Kiriko Community Health Unit,702342,42475
semi-functional,Timau Sub-District Hospital,Timau,Buuri,Buuri,Meru,Kithithina Community Health Unit,702341,41440
Fully-functional,Kibirichia Sub-District Hospital,Kibirichia,Buuri,Buuri,Meru,Kiamiogo Community Health Unit,702340,39539
Fully-functional,Matayos Health Centre,Matayos South,Matayos,Matayos,Busia,Murende Community Health Unit,702339,43074
Fully-functional,Nyalunya Health Centre,Kolwa Central,Kisumu East,Kisumu East,Kisumu,Mayenya Community Health Unit,702338,40664
Fully-functional,Nyalunya Health Centre,Kolwa Central,Kisumu East,Kisumu East,Kisumu,Kasule C Community Health Unit,702337,40820
Fully-functional,Nyalunya Health Centre,Kolwa Central,Kisumu East,Kisumu East,Kisumu,Kasule B Community Health Unit,702336,41037
Fully-functional,Simba Opepo Health Centre,Kajulu,Kisumu East,Kisumu East,Kisumu,Wathorego Community Health Unit,702335,41184
Fully-functional,Ochude Dispensary,Chakol South,Teso South,Teso South,Busia,Otimong Community Health Unit,702334,41426
Fully-functional,Amukura Health Centre,Amukura East,Teso South,Teso South,Busia,Kotur Community Health Unit,702333,41426
Fully-functional,Moru Karisa Dispensary,Chakol North,Teso South,Teso South,Busia,Moru Karisa Community Health Unit,702332,41426
Fully-functional,Amaase Dispensary,Chakol South,Teso South,Teso South,Busia,Aterait Community Health Unit,702331,41426
Fully-functional,Ochude Dispensary,Chakol South,Teso South,Teso South,Busia,Okiludu Community Health Unit,702330,42675
Fully-functional,Ochude Dispensary,Chakol South,Teso South,Teso South,Busia,Olepito Community Health Unit,702329,42675
Fully-functional,Among'ura Community Dispensary,Chakol South,Teso South,Teso South,Busia,Obucuun Community Health Unit,702328,41426
Fully-functional,Lukolis Model Health Centre,Amukura West,Teso South,Teso South,Busia,Odioi Community Health Unit,702327,41426
Fully-functional,Apokor Dispensary,Amukura Central,Teso South,Teso South,Busia,Kamunoit Community Health Unit,702326,42675
Fully-functional,Kwangamor Dispensary,Amukura East,Teso South,Teso South,Busia,Kwangamor Community Health Unit,702325,42675
Fully-functional,Amukura Health Centre,Amukura East,Teso South,Teso South,Busia,Aturet Community Health Unit,702324,42675
Fully-functional,Kwangamor Dispensary,Amukura East,Teso South,Teso South,Busia,Akobwait Community Health Unit,702323,41426
Fully-functional,Ngelechom Community Dispensary,Chakol North,Teso South,Teso South,Busia,Ngelechom Community Health Unit,702322,41426
Fully-functional,Amaase Dispensary,Chakol South,Teso South,Teso South,Busia,Amaase Community Health Unit,702321,40330
Fully-functional,Amaase Dispensary,Chakol South,Teso South,Teso South,Busia,Adungosi Community Health Unit,702320,42675
Fully-functional,Amaase Dispensary,Chakol South,Teso South,Teso South,Busia,Ongaroi Community Health Unit,702319,42675
Fully-functional,Akiriamasi Dispensary,Amukura West,Teso South,Teso South,Busia,Akiriamas Community Health Unit,702318,42675
Fully-functional,Khayo Dispensary,Bukhayo East,Nambale,Nambale,Busia,Madibo A Community Health Unit,702317,40819
Fully-functional,Kwangamor Dispensary,Amukura East,Teso South,Teso South,Busia,Okisimo Community Health Unit,702316,42675
Fully-functional,Amukura Health Centre,Amukura East,Teso South,Teso South,Busia,Kidera Community Health Unit,702315,42675
Fully-functional,Among'ura Community Dispensary,Chakol South,Teso South,Teso South,Busia,Alomodoi Community Health Unit,702314,42675
Fully-functional,Ngelechom Community Dispensary,Chakol North,Teso South,Teso South,Busia,Aludeka Community Health Unit,702313,42675
Fully-functional,Amukura Health Centre,Amukura East,Teso South,Teso South,Busia,Amukura Community Health Unit,702312,41426
Fully-functional,Mihuu Dispensary,Mihuu,Webuye East,Webuye East,Bungoma,"Mihuu C Community Health Unit(Delete,Its A Duplicate)",702309,43313
Fully-functional,Riechieri Health Centre,Ekerenyo,North Mugirango,Nyamira North,Nyamira,Bokurati I Community Health Unit,702308,43146
Fully-functional,Kasuroi Dispensary,Lokichar,Turkana South,Turkana South,Turkana,Kasuroi Community Health Unit,702307,42105
Fully-functional,Lokaburu Dispensary,Lokichar,Turkana South,Turkana South,Turkana,Lokaburu Community Health Unit,702306,42200
Fully-functional,Balesa Dispensary,Dukana,North Horr,North Horr,Marsabit,Balesa Community Health Unit,702305,41731
Fully-functional,Maikona Health Centre,Maikona,North Horr,North Horr,Marsabit,Maikona 2 Community Health Unit,702304,42662
Fully-functional,Maikona Health Centre,Maikona,North Horr,North Horr,Marsabit,Maikona 1 Community Health Unit,702303,41184
semi-functional,Kalacha Sub County Referral Hospital (Chalbi),Maikona,North Horr,North Horr,Marsabit,Kalacha 2 Community Health Unit,702302,41918
semi-functional,Kalacha Sub County Referral Hospital (Chalbi),Maikona,North Horr,North Horr,Marsabit,Rage/Kutur Community Health Unit,702301,41310
Fully-functional,Elgade Dispensary,Maikona,North Horr,North Horr,Marsabit,El-gage Community Health Unit,702300,42614
Fully-functional,Malabot Dispensary (North Horr),North Horr,North Horr,North Horr,Marsabit,Malabot Community Health Unit,702299,42654
Fully-functional,Gus Dispensary,North Horr,North Horr,North Horr,Marsabit,Gus Community Health Unit,702297,42095
Fully-functional,Illeret Health Centre (North Horr),Illeret,North Horr,North Horr,Marsabit,Illeret 1 Community Health Unit,702296,41187
Fully-functional,Burgabo Dispensary,Turbi,North Horr,North Horr,Marsabit,Burgabo Community Health Unit,702295,41948
semi-functional,Machaka Mission Dispensary,Kibirichia,Buuri,Buuri,Meru,Machaka Community Health Unit,702294,40345
Fully-functional,Kayole I Health Centre,Kayole North,Embakasi Central,Embakasi Central,Nairobi,Kanguruwe Community Health Unit,702293,40856
Fully-functional,Mowlem Health Center,Mowlem,Embakasi West,Embakasi West,Nairobi,Umoja 3 Community Health Unit,702292,43071
Fully-functional,Mowlem Health Center,Mowlem,Embakasi West,Embakasi West,Nairobi,G7 Community Health Unit,702291,43348
Fully-functional,Mowlem Health Center,Mowlem,Embakasi West,Embakasi West,Nairobi,Mungetho Community Health Unit,702290,43071
Fully-functional,Mowlem Health Center,Mowlem,Embakasi West,Embakasi West,Nairobi,Baraka Community Health Unit,702289,42921
Fully-functional,Umoja Health Centre,Umoja I,Embakasi West,Embakasi West,Nairobi,Pioneer D Community Health Unit,702288,43071
Fully-functional,Umoja Health Centre,Umoja I,Embakasi West,Embakasi West,Nairobi,Pioneer C Community Health Unit,702287,43071
Fully-functional,Umoja Health Centre,Umoja I,Embakasi West,Embakasi West,Nairobi,Pioneer B Community Health Unit,702286,43346
Fully-functional,Umoja Health Centre,Umoja I,Embakasi West,Embakasi West,Nairobi,Pioneer A Community Health Unit,702285,43346
semi-functional,Khwisero Health Centre,Kisa North,Khwisero,Khwisero,Kakamega,Wambulishe Central Community Health Unit,702282,43279
Fully-functional,Thung'ari Dispensary,Thegu River,Kieni,Kieni East,Nyeri,Rongai Community Health Unit,702281,42583
Fully-functional,Muanda Dispensary,South Bukusu,Bumula,Bumula,Bungoma,Muanda A Community Health Community Health Unit,702278,40182
Fully-functional,Narengewoi Dispensary,Lakezone,Turkana North,Turkana North,Turkana,Narengewoi Community Health Unit,702277,43089
Fully-functional,Lurare Dispensary,Maraka,Webuye East,Webuye East,Bungoma,Muchi Community Health Unit,702276,39995
semi-functional,Lurare Dispensary,Maraka,Webuye East,Webuye East,Bungoma,Lurare Community Health Unit,702275,39995
Fully-functional,Kibera South Health Centre,Mugumo-ini,Langata,Langata,Nairobi,Lindi F Community Health Unit,702274,43282
Fully-functional,Kibera South Health Centre,Mugumo-ini,Langata,Langata,Nairobi,Lindi C Community Health Unit,702273,43282
Fully-functional,Kibera South Health Centre,Mugumo-ini,Langata,Langata,Nairobi,Lindi E Community Health Unit,702272,43282
Fully-functional,Kibera South Health Centre,Mugumo-ini,Langata,Langata,Nairobi,Lindi B Community Health Unit,702271,43282
Fully-functional,Kibera South Health Centre,Mugumo-ini,Langata,Langata,Nairobi,Lindi D Community Health Unit,702270,43282
Fully-functional,Lindi Community Clinic,Lindi,Kibra,Kibra,Nairobi,Lindi A Community Health Unit,702269,43282
Fully-functional,Kibera Community Health Centre - Amref,Laini Saba,Kibra,Kibra,Nairobi,Laini Saba C Community Health Unit,702268,43282
Fully-functional,Kibera Community Health Centre - Amref,Laini Saba,Kibra,Kibra,Nairobi,Laini Saba B Community Health Unit,702267,43282
Fully-functional,Uthiru Muthua Dispensary,Uthiru/Ruthimitu,Dagoretti South,Dagoretti South,Nairobi,Uthiru A Community Health Unit,702266,40908
Fully-functional,Uthiru Muthua Dispensary,Uthiru/Ruthimitu,Dagoretti South,Dagoretti South,Nairobi,Kiuru A Community Health Unit,702265,40908
Fully-functional,Kibera Community Health Centre - Amref,Laini Saba,Kibra,Kibra,Nairobi,Laini Saba A Community Health Unit,702264,43282
Fully-functional,Kibera Community Health Centre - Amref,Laini Saba,Kibra,Kibra,Nairobi,Mashimoni C Community Health Unit,702263,43282
Fully-functional,Chandaria Health Centre,Uthiru/Ruthimitu,Dagoretti South,Dagoretti South,Nairobi,Ruthimitu A Community Health Unit,702262,40907
Fully-functional,Kibera Community Health Centre - Amref,Laini Saba,Kibra,Kibra,Nairobi,Mashimoni B Community Health Unit,702261,43282
Fully-functional,Riruta Health Centre,Kawangware,Dagoretti North,Dagoretti North,Nairobi,Maka Community Health Unit,702260,40878
Fully-functional,Kibera Community Health Centre - Amref,Laini Saba,Kibra,Kibra,Nairobi,Mashimoni A Community Health Unit,702259,43282
Fully-functional,Riruta Health Centre,Kawangware,Dagoretti North,Dagoretti North,Nairobi,Kawangware A Community Health Unit,702258,43282
Fully-functional,Riruta Health Centre,Kawangware,Dagoretti North,Dagoretti North,Nairobi,Maini Community Health Unit,702257,40878
Fully-functional,Kianda 42 Community Clinic,Sarang'ombe,Kibra,Kibra,Nairobi,Kianda E Community Health Unit,702255,43282
Fully-functional,Kianda 42 Community Clinic,Sarang'ombe,Kibra,Kibra,Nairobi,Kianda D Community Health Unit,702254,43282
Fully-functional,Pangani Dispensary,Pangani,Starehe,Starehe,Nairobi,Karambee B Community Health Unit,702253,43282
Fully-functional,Riruta Health Centre,Kawangware,Dagoretti North,Dagoretti North,Nairobi,Riruta Community Health Unit,702252,40908
Fully-functional,Kianda 42 Community Clinic,Sarang'ombe,Kibra,Kibra,Nairobi,Kianda C Community Health Unit,702251,43282
Fully-functional,Eastleigh Health Centre,Airbase,Kamukunji,Kamukunji,Nairobi,Pendo Community Health Unit,702250,43282
Fully-functional,Huruma Lions Dispensary,Ngei,Mathare,Mathare,Nairobi,Block Bc Community Health Unit,702249,42881
Fully-functional,Waithaka Health Centre,Waithaka,Dagoretti South,Dagoretti South,Nairobi,Waithaka Central Community Health Unit,702248,40682
Fully-functional,Kangemi Health Centre,Kangemi,Westlands,Westlands,Nairobi,Gichagi A Community Health Unit,702247,43282
Fully-functional,Kangemi Health Centre,Kangemi,Westlands,Westlands,Nairobi,Kangemi Community Health Unit,702246,43282
Fully-functional,Kangemi Health Centre,Kangemi,Westlands,Westlands,Nairobi,Waruku A Community Health Unit,702245,43281
Fully-functional,Githogoro Runda Baptist Clinic (Getrudes Nairobi),Karura,Westlands,Westlands,Nairobi,Githogoro Community Health Unit,702244,43282
Fully-functional,Railway Training Institute Dispensary South B,Nairobi South,Starehe,Starehe,Nairobi,Bakiri View B Community Health Unit,702243,43089
Fully-functional,Kariokor Clinic,Ziwani/Kariokor,Starehe,Starehe,Nairobi,Matopeni Community Health Unit,702242,42917
Fully-functional,Kangemi Health Centre,Kangemi,Westlands,Westlands,Nairobi,Kibagare 2 Community Health Unit,702241,43282
Fully-functional,Gatwikira B Community Clinic(BZ),Sarang'ombe,Kibra,Kibra,Nairobi,Gatwikira F Community Health Unit,702240,43282
Fully-functional,Gatwikira B Community Clinic(BZ),Sarang'ombe,Kibra,Kibra,Nairobi,Gatwikira E Community Health Unit,702239,43282
Fully-functional,SHOFCO Medical Clinic (Kibera),Sarang'ombe,Kibra,Kibra,Nairobi,Gatwikira D Community Health Unit,702238,43282
Fully-functional,Gatwikira B Community Clinic(BZ),Sarang'ombe,Kibra,Kibra,Nairobi,Gatwikira C Community Health Unit,702237,43282
Fully-functional,Mutuini Sub-District Hospital,Mutu-ini,Dagoretti South,Dagoretti South,Nairobi,Mujikaki Community Health Unit,702236,42558
Fully-functional,SHOFCO Medical Clinic (Kibera),Sarang'ombe,Kibra,Kibra,Nairobi,Gatwikira B Community Health Unit,702235,43282
Fully-functional,Kariobangi South Clinic,Kariobangi South,Embakasi West,Embakasi West,Nairobi,Kariobangi South A Community Health Unit,702234,43283
Fully-functional,Kariobangi South Clinic,Kariobangi South,Embakasi West,Embakasi West,Nairobi,Kcc B Community Health Unit,702233,43283
Fully-functional,Gatwikira B Community Clinic(BZ),Sarang'ombe,Kibra,Kibra,Nairobi,Gatwikira A Community Health Unit,702232,43282
Fully-functional,Chandaria Health Centre,Uthiru/Ruthimitu,Dagoretti South,Dagoretti South,Nairobi,Matini Community Health Unit,702230,43282
Fully-functional,Kianda 42 Community Clinic,Sarang'ombe,Kibra,Kibra,Nairobi,Kianda B Community Health Unit,702229,43282
Fully-functional,Kianda 42 Community Clinic,Sarang'ombe,Kibra,Kibra,Nairobi,Kianda A Community Health Unit,702228,43282
Fully-functional,Waithaka Health Centre,Waithaka,Dagoretti South,Dagoretti South,Nairobi,Ndwaru Community Health Unit,702226,43282
Fully-functional,Mbagathi District Hospital,Woodley/Kenyatta Golf Course,Kibra,Kibra,Nairobi,Golfcourse A Community Health Unit,702225,43282
Fully-functional,Westlands Health Centre,Parklands/Highridge,Westlands,Westlands,Nairobi,Deep Sea A Community Health Unit,702224,40483
Fully-functional,Huruma Lions Dispensary,Ngei,Mathare,Mathare,Nairobi,Mashimoni Community Health Unit,702223,43282
Fully-functional,Kibera D O Dispensary,Makina,Kibra,Kibra,Nairobi,Kichinjio A Community Health Unit,702222,43282
Fully-functional,Huruma Lions Dispensary,Ngei,Mathare,Mathare,Nairobi,Ngumba Community Health Unit,702221,43282
Fully-functional,Silanga (MSF Belgium) Dispensary,Nyayo Highrise,Kibra,Langata,Nairobi,Silanga Community Health Unit,702220,40664
Fully-functional,Huruma Lions Dispensary,Ngei,Mathare,Mathare,Nairobi,Mathare No10 A Community Health Unit,702219,43282
Fully-functional,Huruma Lions Dispensary,Ngei,Mathare,Mathare,Nairobi,Mabatini Community Health Unit,702218,40179
Closed,Babadogo Health Centre,Babandogo,Ruaraka,Ruaraka,Nairobi,Migingo B Community Health Unit,702217,43282
Closed,Babadogo Health Centre,Babandogo,Ruaraka,Ruaraka,Nairobi,Ngomongo Bd Community Health Unit,702216,43282
Fully-functional,Huruma Lions Dispensary,Ngei,Mathare,Mathare,Nairobi,Mathare 3c Community Health Unit,702214,40513
Closed,Babadogo Health Centre,Babandogo,Ruaraka,Ruaraka,Nairobi,Foot Bridge Community Health Unit,702212,43282
Fully-functional,Pangani Dispensary,Pangani,Starehe,Starehe,Nairobi,Mathare 3a Community Health Unit,702211,40179
Fully-functional,Huruma Lions Dispensary,Ngei,Mathare,Mathare,Nairobi,Mathare No 10 Community Health Unit,702210,40513
Fully-functional,Pangani Dispensary,Pangani,Starehe,Starehe,Nairobi,Mathare 3b Community Health Unit,702209,40709
Closed,Babadogo Health Centre,Babandogo,Ruaraka,Ruaraka,Nairobi,Marima Community Health Unit,702208,43282
Fully-functional,Babadogo Health Centre,Babandogo,Ruaraka,Ruaraka,Nairobi,Glucola Community Health Unit,702207,43282
Fully-functional,Babadogo Health Centre,Babandogo,Ruaraka,Ruaraka,Nairobi,Bega Kwa Bega Community Health Unit,702206,43282
Fully-functional,Babadogo Health Centre,Babandogo,Ruaraka,Ruaraka,Nairobi,Kwa Cameroon Community Health Unit,702205,43282
Fully-functional,Pangani Dispensary,Pangani,Starehe,Starehe,Nairobi,Seldom Community Health Unit,702204,43089
Fully-functional,Kibera D O Dispensary,Makina,Kibra,Kibra,Nairobi,Makina A Community Health Unit,702203,43282
Fully-functional,Pangani Dispensary,Pangani,Starehe,Starehe,Nairobi,Kenatco B Community Health Unit,702202,43089
Closed,Babadogo Health Centre,Babandogo,Ruaraka,Ruaraka,Nairobi,Jausongo Community Health Unit,702201,43282
Fully-functional,Pangani Dispensary,Pangani,Starehe,Starehe,Nairobi,Kenatco A Community Health Unit,702200,43089
Closed,Babadogo Health Centre,Babandogo,Ruaraka,Ruaraka,Nairobi,Bosnia Community Health Unit,702199,43282
Fully-functional,Babadogo Health Centre,Babandogo,Ruaraka,Ruaraka,Nairobi,Baragoi Community Health Unit,702198,43282
Fully-functional,Pangani Dispensary,Pangani,Starehe,Starehe,Nairobi,Karambee Community Health Unit,702197,43089
Closed,Babadogo Health Centre,Babandogo,Ruaraka,Ruaraka,Nairobi,Wasue Community Health Unit,702196,43282
Fully-functional,Kariokor Clinic,Ziwani/Kariokor,Starehe,Starehe,Nairobi,Ziwani B Community Health Unit,702195,42917
Fully-functional,Babadogo Health Centre,Babandogo,Ruaraka,Ruaraka,Nairobi,Arieal Community Health Unit,702194,43282
Fully-functional,Kariokor Clinic,Ziwani/Kariokor,Starehe,Starehe,Nairobi,Ziwani A Community Health Unit,702193,42917
Fully-functional,Mutuini Sub-District Hospital,Mutu-ini,Dagoretti South,Dagoretti South,Nairobi,Saigon Community Health Unit,702192,43282
Fully-functional,Ngara Health Centre (City Council of Nairobi),Ngara,Starehe,Starehe,Nairobi,Ngara Community Health Unit,702191,42917
Closed,Babadogo Health Centre,Babandogo,Ruaraka,Ruaraka,Nairobi,Narrow Gate Community Health Unit,702190,43282
Closed,Babadogo Health Centre,Babandogo,Ruaraka,Ruaraka,Nairobi,Acref Community Health Unit,702189,43282
Fully-functional,Nairobi Remand Prison Health Centre,Landimawe,Starehe,Starehe,Nairobi,Commercial B Community Health Unit,702188,42309
Closed,Babadogo Health Centre,Babandogo,Ruaraka,Ruaraka,Nairobi,Jodogo Lane Community Health Unit,702187,43282
Fully-functional,Mutuini Sub-District Hospital,Mutu-ini,Dagoretti South,Dagoretti South,Nairobi,Manyatta Community Health Unit,702186,43282
Fully-functional,Silanga (MSF Belgium) Dispensary,Nyayo Highrise,Kibra,Langata,Nairobi,Silanga C Community Health Unit,702185,43282
Fully-functional,Mutuini Sub-District Hospital,Mutu-ini,Dagoretti South,Dagoretti South,Nairobi,Mutuini Community Health Unit,702184,43282
Fully-functional,Nairobi Remand Prison Health Centre,Landimawe,Starehe,Starehe,Nairobi,Mandazi Road Community Health Unit,702183,42309
Fully-functional,Mutuini Sub-District Hospital,Mutu-ini,Dagoretti South,Dagoretti South,Nairobi,Tripple M Community Health Unity,702182,43282
Fully-functional,Nairobi Remand Prison Health Centre,Landimawe,Starehe,Starehe,Nairobi,Commercial A Community Health Unit,702181,42309
Closed,Babadogo Health Centre,Babandogo,Ruaraka,Ruaraka,Nairobi,Kag Community Health Unit,702180,43282
Fully-functional,Mutuini Sub-District Hospital,Mutu-ini,Dagoretti South,Dagoretti South,Nairobi,Njiku B Community Health Unit,702179,43282
Fully-functional,Mutuini Sub-District Hospital,Mutu-ini,Dagoretti South,Dagoretti South,Nairobi,Kandutu Community Health Unit,702178,43282
Fully-functional,Mutuini Sub-District Hospital,Mutu-ini,Dagoretti South,Dagoretti South,Nairobi,Kigaro Community Health Unit,702177,43282
Fully-functional,Nairobi Remand Prison Health Centre,Landimawe,Starehe,Starehe,Nairobi,Crescent Community Health Unit,702176,42309
Fully-functional,Mutuini Sub-District Hospital,Mutu-ini,Dagoretti South,Dagoretti South,Nairobi,Njiku A Community Health Unit,702175,43282
Fully-functional,Silanga (MSF Belgium) Dispensary,Nyayo Highrise,Kibra,Langata,Nairobi,Silanga B Community Health Unit,702174,43282
Fully-functional,Nairobi South Clinic,Nairobi South,Starehe,Starehe,Nairobi,Shimo La Tewa Community Health Unit,702173,42902
Closed,Mutuini Sub-District Hospital,Mutu-ini,Dagoretti South,Dagoretti South,Nairobi,Kikan Community Health Unit,702172,41153
Fully-functional,Babadogo Health Centre,Babandogo,Ruaraka,Ruaraka,Nairobi,Kwa Murigi Community Health Unit,702170,43282
Fully-functional,Babadogo Health Centre,Babandogo,Ruaraka,Ruaraka,Nairobi,Grate Gate Community Health Unit,702169,43282
Closed,Babadogo Health Centre,Babandogo,Ruaraka,Ruaraka,Nairobi,Kasabuni Kwa Festo Community Health Unit,702168,43282
Fully-functional,Mutuini Sub-District Hospital,Mutu-ini,Dagoretti South,Dagoretti South,Nairobi,Kerigo A Community Health Unit,702167,43282
Fully-functional,Mutuini Sub-District Hospital,Mutu-ini,Dagoretti South,Dagoretti South,Nairobi,Kamwanya Community Health Unit,702166,43282
Fully-functional,Babadogo Health Centre,Babandogo,Ruaraka,Ruaraka,Nairobi,Old Kasabuni Community Health Unit,702165,43282
Fully-functional,Nairobi South Clinic,Nairobi South,Starehe,Starehe,Nairobi,Mariguini 2 Community Health Unit,702164,42901
Fully-functional,Nairobi South Clinic,Nairobi South,Starehe,Starehe,Nairobi,Mariguini 1 Community Health Unit,702163,42902
Closed,Babadogo Health Centre,Babandogo,Ruaraka,Ruaraka,Nairobi,Classic Community Health Unit,702162,43282
Fully-functional,Uthiru Muthua Dispensary,Uthiru/Ruthimitu,Dagoretti South,Dagoretti South,Nairobi,Kagondu Community Health Unit,702160,43282
Fully-functional,Babadogo Health Centre,Babandogo,Ruaraka,Ruaraka,Nairobi,New Kasabuni Community Health Unit,702159,43282
Fully-functional,Babadogo Health Centre,Babandogo,Ruaraka,Ruaraka,Nairobi,Kasabuni Baptist Community Health Unit,702158,43282
Fully-functional,Railway Training Institute Dispensary South B,Nairobi South,Starehe,Starehe,Nairobi,Bakiri View Community Health Unit,702157,42309
Fully-functional,Uthiru Muthua Dispensary,Uthiru/Ruthimitu,Dagoretti South,Dagoretti South,Nairobi,Muthua Community Health Unit,702156,43282
Closed,Babadogo Health Centre,Babandogo,Ruaraka,Ruaraka,Nairobi,Redeemed Community Health Unit,702155,43282
Fully-functional,Railway Training Institute Dispensary South B,Nairobi South,Starehe,Starehe,Nairobi,Hamaso Community Health Unit,702154,42309
Fully-functional,Chandaria Health Centre,Uthiru/Ruthimitu,Dagoretti South,Dagoretti South,Nairobi,Gekara Community Health Unit,702153,43282
Fully-functional,Chandaria Health Centre,Uthiru/Ruthimitu,Dagoretti South,Dagoretti South,Nairobi,Kamagiru Community Health Unit,702152,43282
Fully-functional,Chandaria Health Centre,Uthiru/Ruthimitu,Dagoretti South,Dagoretti South,Nairobi,Unganika Community Health Unit,702151,43282
Fully-functional,Mathare North Health Centre,Mathare North,Ruaraka,Ruaraka,Nairobi,Area 5 Community Health Unit,702150,43282
Fully-functional,Pangani Dispensary,Pangani,Starehe,Starehe,Nairobi,Nigeria Community Health Unit,702149,42867
Fully-functional,Mathare Police Depot,Hospital,Mathare,Mathare,Nairobi,Gitathuru Community Health Unit,702148,42867
Fully-functional,Chandaria Health Centre,Uthiru/Ruthimitu,Dagoretti South,Dagoretti South,Nairobi,Kagira Community Health Unit,702146,43282
Fully-functional,Mathare North Health Centre,Mathare North,Ruaraka,Ruaraka,Nairobi,Area 4 Community Health Unit,702145,43282
Fully-functional,Mathare North Health Centre,Mathare North,Ruaraka,Ruaraka,Nairobi,Power Village Community Health Unit,702144,43282
Fully-functional,Mathare North Health Centre,Mathare North,Ruaraka,Ruaraka,Nairobi,Daraja Gumba Community Health Unit,702143,43282
Fully-functional,Chandaria Health Centre,Uthiru/Ruthimitu,Dagoretti South,Dagoretti South,Nairobi,Gachui Community Health Unit,702142,43282
Fully-functional,Pangani Dispensary,Pangani,Starehe,Starehe,Nairobi,Kampala Dogo Community Health Unit,702141,42867
Fully-functional,Kariobangi Health Centre,Kariobangi North,Embakasi North,Embakasi North,Nairobi,Shoeshine Community Health Unit,702140,43282
Fully-functional,Mathare North Health Centre,Mathare North,Ruaraka,Ruaraka,Nairobi,Baraka Community Health Unit,702139,43282
Fully-functional,Mathare North Health Centre,Mathare North,Ruaraka,Ruaraka,Nairobi,Mandera Community Health Unit,702137,43282
Fully-functional,Kariobangi Health Centre,Kariobangi North,Embakasi North,Embakasi North,Nairobi,Darfur D Community Health Unit,702135,43282
Fully-functional,Kariobangi Health Centre,Kariobangi North,Embakasi North,Embakasi North,Nairobi,Kipanga C Community Health Unit,702134,43282
Fully-functional,Waithaka Health Centre,Waithaka,Dagoretti South,Dagoretti South,Nairobi,Kabiria Community Health Unit,702133,43282
Fully-functional,Pangani Dispensary,Pangani,Starehe,Starehe,Nairobi,White Custle Community Health Unit,702132,42867
Fully-functional,Huruma Lions Dispensary,Ngei,Mathare,Mathare,Nairobi,Block De Community Health Unit,702131,42881
Fully-functional,Mathare North Health Centre,Mathare North,Ruaraka,Ruaraka,Nairobi,Matopeni Community Health Unit,702130,43282
Fully-functional,Kariobangi Health Centre,Kariobangi North,Embakasi North,Embakasi North,Nairobi,Jamii B Community Health Unit,702129,43282
Fully-functional,Waithaka Health Centre,Waithaka,Dagoretti South,Dagoretti South,Nairobi,Kwaharu Community Health Unit,702128,43282
Fully-functional,Waithaka Health Centre,Waithaka,Dagoretti South,Dagoretti South,Nairobi,Mariguini Community Health Unit,702127,43282
Fully-functional,Waithaka Health Centre,Waithaka,Dagoretti South,Dagoretti South,Nairobi,Nembu Community Health Unit,702125,43282
Fully-functional,Huruma Lions Dispensary,Ngei,Mathare,Mathare,Nairobi,Central Community Health Unit,702124,42881
Fully-functional,Mathare North Health Centre,Mathare North,Ruaraka,Ruaraka,Nairobi,T Area Community Health Unit,702123,43282
Fully-functional,Biafra Lions Clinic,Eastleigh South,Kamukunji,Kamukunji,Nairobi,Mother Land Community Health Unit,702122,43282
Fully-functional,Huruma Lions Dispensary,Ngei,Mathare,Mathare,Nairobi,Grogon Community Health Unit,702121,42881
Closed,Dandora I Health Centre,Dandora Area I,Embakasi North,Embakasi North,Nairobi,Kwa Mbao 5 Community Health Unit,702118,43282
Fully-functional,Waithaka Health Centre,Waithaka,Dagoretti South,Dagoretti South,Nairobi,Mukarara Community Health Unit,702117,43282
Fully-functional,Biafra Lions Clinic,Eastleigh South,Kamukunji,Kamukunji,Nairobi,Mlolongo Community Health Unit,702116,43282
Fully-functional,Mathare North Health Centre,Mathare North,Ruaraka,Ruaraka,Nairobi,St Mauras Community Health Unit,702115,43282
Fully-functional,Biafra Lions Clinic,Eastleigh South,Kamukunji,Kamukunji,Nairobi,Mugunda Community Health Unit,702114,43282
Fully-functional,Huruma Lions Dispensary,Ngei,Mathare,Mathare,Nairobi,Thayu Community Health Unit,702113,42881
Closed,Dandora I Health Centre,Dandora Area I,Embakasi North,Embakasi North,Nairobi,Kwa Mbao 4 Community Health Unit,702112,43282
Fully-functional,Huruma Lions Dispensary,Ngei,Mathare,Mathare,Nairobi,Rema Community Health Unit,702111,42881
Closed,Biafra Lions Clinic,Eastleigh South,Kamukunji,Kamukunji,Nairobi,Eastleigh South Community Health Unit,702110,40544
Fully-functional,Riruta Health Centre,Kawangware,Dagoretti North,Dagoretti North,Nairobi,Ngando Community Health Unit,702109,43282
Closed,Dandora I Health Centre,Dandora Area I,Embakasi North,Embakasi North,Nairobi,Kwa Mbao 3 Community Health Unit,702108,43282
Fully-functional,Korogocho Health Centre,Korogocho,Ruaraka,Ruaraka,Nairobi,Korogocho A Community Health Unit,702107,43282
Fully-functional,Riruta Health Centre,Kawangware,Dagoretti North,Dagoretti North,Nairobi,Giwa Community Health Unit,702106,43282
Fully-functional,Riruta Health Centre,Kawangware,Dagoretti North,Dagoretti North,Nairobi,Daco Community Health Unit,702105,43282
Fully-functional,Riruta Health Centre,Kawangware,Dagoretti North,Dagoretti North,Nairobi,Lenarace Community Health Unit,702103,43282
Fully-functional,Riruta Health Centre,Kawangware,Dagoretti North,Dagoretti North,Nairobi,Afya Jamii Community Health Unit,702102,43282
Fully-functional,Korogocho Health Centre,Korogocho,Ruaraka,Ruaraka,Nairobi,Nyayo Community Health Unit,702101,43282
Fully-functional,Dandora I Health Centre,Dandora Area I,Embakasi North,Embakasi North,Nairobi,Kwa Mbao 2 Community Health Unit,702100,43282
Fully-functional,Huruma Lions Dispensary,Ngei,Mathare,Mathare,Nairobi,Jkl Community Health Unit,702099,42881
Fully-functional,Westlands Health Centre,Parklands/Highridge,Westlands,Westlands,Nairobi,Deep Sea B Community Health Unit,702098,43282
Fully-functional,Huruma Lions Dispensary,Ngei,Mathare,Mathare,Nairobi,Ghetto Community Health Unit,702097,42881
Closed,Dandora I Health Centre,Dandora Area I,Embakasi North,Embakasi North,Nairobi,Block G E Community Health Unit,702096,43282
Fully-functional,Korogocho Health Centre,Korogocho,Ruaraka,Ruaraka,Nairobi,Highrige A Community Health Unit,702095,43282
Fully-functional,Korogocho Health Centre,Korogocho,Ruaraka,Ruaraka,Nairobi,Highridge B Community Health Unit,702094,43282
Fully-functional,Korogocho Health Centre,Korogocho,Ruaraka,Ruaraka,Nairobi,Gitathuru B Community Health Unit,702093,43282
Closed,Dandora I Health Centre,Dandora Area I,Embakasi North,Embakasi North,Nairobi,Block G D Community Health Unit,702092,43282
Fully-functional,Dandora I Health Centre,Dandora Area I,Embakasi North,Embakasi North,Nairobi,Block G C Community Health Unit,702091,43282
Fully-functional,Dandora I Health Centre,Dandora Area I,Embakasi North,Embakasi North,Nairobi,Block G B Community Health Unit,702090,43282
Closed,Dandora I Health Centre,Dandora Area I,Embakasi North,Embakasi North,Nairobi,Cannan 5 Community Health Unit,702089,43282
Fully-functional,Kangemi Health Centre,Kangemi,Westlands,Westlands,Nairobi,Dam Community Health Unit,702088,43282
Fully-functional,Dandora I Health Centre,Dandora Area I,Embakasi North,Embakasi North,Nairobi,Cannan 4 Community Health Unit,702087,43282
Fully-functional,Kangemi Health Centre,Kangemi,Westlands,Westlands,Nairobi,Kaptagat Community Health Unit,702086,43282
Fully-functional,Dandora I Health Centre,Dandora Area I,Embakasi North,Embakasi North,Nairobi,Cannan 3 Community Health Unit,702085,43282
Fully-functional,Kangemi Health Centre,Kangemi,Westlands,Westlands,Nairobi,Seniours Community Health Unit,702084,43282
Fully-functional,Dandora I Health Centre,Dandora Area I,Embakasi North,Embakasi North,Nairobi,House Development Department 5 Community Health Unit,702082,43282
Fully-functional,Dandora I Health Centre,Dandora Area I,Embakasi North,Embakasi North,Nairobi,House Development Department 4 Community Health Unit,702081,43282
Fully-functional,Silanga (MSF Belgium) Dispensary,Nyayo Highrise,Kibra,Langata,Nairobi,Silanga A Community Health Unit,702080,43282
Fully-functional,Kibera South Health Centre,Mugumo-ini,Langata,Langata,Nairobi,Kisumu Ndogo B Community Health Unit,702079,43282
Fully-functional,Kibera South Health Centre,Mugumo-ini,Langata,Langata,Nairobi,Kisumu Ndogo A Community Health Unit,702078,43282
Fully-functional,Huruma Lions Dispensary,Ngei,Mathare,Mathare,Nairobi,Mabatini 1 Community Health Unity,702077,43282
Fully-functional,Huruma Lions Dispensary,Ngei,Mathare,Mathare,Nairobi,Kanji Community Health Unit,702076,43282
Fully-functional,Karanja Road Community Clinic,Makina,Kibra,Kibra,Nairobi,Kambi Muru A Community Health Unit,702075,43282
Fully-functional,Huruma Lions Dispensary,Ngei,Mathare,Mathare,Nairobi,Pipeline Community Health Unit,702074,43282
Fully-functional,Huruma Lions Dispensary,Ngei,Mathare,Mathare,Nairobi,Shantit Community Health Unit,702073,43282
Fully-functional,Riruta Health Centre,Kawangware,Dagoretti North,Dagoretti North,Nairobi,Kwa Kaki Community Health Unit,702072,43282
Fully-functional,Huruma Lions Dispensary,Ngei,Mathare,Mathare,Nairobi,Bondeni Community Health Unit,702071,43282
Fully-functional,Pumwani Majengo Dispensary,Pumwani,Kamukunji,Kamukunji,Nairobi,Kitui Community Health Unit,702070,43282
Fully-functional,Huruma Lions Dispensary,Ngei,Mathare,Mathare,Nairobi,Mworoto Community Health Unit,702069,43282
Fully-functional,Riruta Health Centre,Kawangware,Dagoretti North,Dagoretti North,Nairobi,Satelite Community Health Unit,702068,43282
Fully-functional,Korogocho Health Centre,Korogocho,Ruaraka,Ruaraka,Nairobi,Gitathuru A Community Health Unit,702067,43282
Fully-functional,Korogocho Health Centre,Korogocho,Ruaraka,Ruaraka,Nairobi,Lower Grogon Community Health Unit,702066,43282
Closed,Pumwani Majengo Dispensary,Pumwani,Kamukunji,Kamukunji,Nairobi,Majengo Community Health Unit,702065,40725
Fully-functional,Githogoro Runda Baptist Clinic (Getrudes Nairobi),Karura,Westlands,Westlands,Nairobi,Rose Kabelles Community Health Unit,702064,43282
Fully-functional,Korogocho Health Centre,Korogocho,Ruaraka,Ruaraka,Nairobi,Upper Grogon Community Health Unit,702063,43282
Fully-functional,Riruta Health Centre,Kawangware,Dagoretti North,Dagoretti North,Nairobi,Rengo Community Health Unit,702062,43282
Fully-functional,Githogoro Runda Baptist Clinic (Getrudes Nairobi),Karura,Westlands,Westlands,Nairobi,Matopeni Community Health Unit,702061,43282
Fully-functional,Bahati Health Centre,Maringo/Hamza,Makadara,Makadara,Nairobi,Bahati Community Health Unit,702060,43282
Fully-functional,Pangani Dispensary,Pangani,Starehe,Starehe,Nairobi,Seldom A Community Health Unit,702059,43282
Fully-functional,Pangani Dispensary,Pangani,Starehe,Starehe,Nairobi,Kambi Moto Community Health Unit,702058,43282
Fully-functional,Kibera South Health Centre,Mugumo-ini,Langata,Langata,Nairobi,Kisumu Ndogo Community Health Unit,702057,43282
Fully-functional,Dandora I Health Centre,Dandora Area I,Embakasi North,Embakasi North,Nairobi,House Development Department 3 Community Health Unit,702056,43282
Fully-functional,Pumwani Majengo Dispensary,Pumwani,Kamukunji,Kamukunji,Nairobi,Baraka Community Health Unit,702055,43282
Fully-functional,Korogocho Health Centre,Korogocho,Ruaraka,Ruaraka,Nairobi,Ngomongo B Community Health Unit,702054,43282
Fully-functional,Githogoro Runda Baptist Clinic (Getrudes Nairobi),Karura,Westlands,Westlands,Nairobi,Gully Side Community Health Unit,702053,43282
Fully-functional,Riruta Health Centre,Kawangware,Dagoretti North,Dagoretti North,Nairobi,Kakinya Community Health Unit,702052,43282
Fully-functional,Korogocho Health Centre,Korogocho,Ruaraka,Ruaraka,Nairobi,Ngomongo A Community Health Unit,702051,43282
Fully-functional,Pumwani Majengo Dispensary,Pumwani,Kamukunji,Kamukunji,Nairobi,Heshima Community Health Unit,702050,43282
Fully-functional,Pangani Dispensary,Pangani,Starehe,Starehe,Nairobi,Kenatco B2 Community Health Unit,702049,43282
Fully-functional,Korogocho Health Centre,Korogocho,Ruaraka,Ruaraka,Nairobi,Ngomongo C Community Health Unit,702048,43282
Fully-functional,Jericho Health Centre,Harambee,Makadara,Makadara,Nairobi,Ofafa Ap Line Community Health Unit,702047,43282
Fully-functional,Pangani Dispensary,Pangani,Starehe,Starehe,Nairobi,Kenatco B1 Community Health Unit,702046,43282
Fully-functional,Kayole I Health Centre,Kayole North,Embakasi Central,Embakasi Central,Nairobi,Riverbank Community Health Unit,702045,42920
Fully-functional,Pumwani Majengo Dispensary,Pumwani,Kamukunji,Kamukunji,Nairobi,Zawadi Community Health Unit,702044,43282
Fully-functional,Kayole I Health Centre,Kayole North,Embakasi Central,Embakasi Central,Nairobi,Humama Community Health Unit,702043,42919
Fully-functional,Dandora I Health Centre,Dandora Area I,Embakasi North,Embakasi North,Nairobi,House Development Department 2 Community Health Unit,702042,43282
Fully-functional,Maringo Clinic,Maringo/Hamza,Makadara,Makadara,Nairobi,Friends Centre Maringo Community Health Unit,702041,43282
Fully-functional,Shauri Moyo Clinic,Pumwani,Kamukunji,Kamukunji,Nairobi,Blue Estate Community Health Unit,702040,43282
Fully-functional,Kayole I Health Centre,Kayole North,Embakasi Central,Embakasi Central,Nairobi,Matopeni C2 Community Health Unit,702039,42920
Fully-functional,Shauri Moyo Clinic,Pumwani,Kamukunji,Kamukunji,Nairobi,Kajificheni Community Health Unit,702038,43282
Fully-functional,Lungalunga Health Centre,Viwandani,Makadara,Makadara,Nairobi,Uchumi Community Health Unit,702037,43282
Fully-functional,Korogocho Health Centre,Korogocho,Ruaraka,Ruaraka,Nairobi,Grogon B West Community Health Unit,702036,43282
Fully-functional,State House Clinic,Kilimani,Dagoretti North,Dagoretti North,Nairobi,Amboseli B Community Health Unit,702035,43282
Fully-functional,Korogocho Health Centre,Korogocho,Ruaraka,Ruaraka,Nairobi,Grogon B East Community Health Unit,702034,43282
Fully-functional,Kayole I Health Centre,Kayole North,Embakasi Central,Embakasi Central,Nairobi,Jada Community Health Unit,702033,42919
Fully-functional,Shauri Moyo Clinic,Pumwani,Kamukunji,Kamukunji,Nairobi,Shauri Moyo Community Health Unit,702032,41275
Fully-functional,Pangani Dispensary,Pangani,Starehe,Starehe,Nairobi,Kenatco A2 Community Health Unit,702031,43282
Fully-functional,Pangani Dispensary,Pangani,Starehe,Starehe,Nairobi,Kenatco A1 Community Health Unit,702030,43282
Fully-functional,State House Clinic,Kilimani,Dagoretti North,Dagoretti North,Nairobi,State House Community Health Unit,702029,43282
Fully-functional,Dandora II Health Centre,Dandora Area I,Embakasi North,Embakasi North,Nairobi,Uzalendo Community Health Unit,702028,43282
Fully-functional,Shauri Moyo Clinic,Pumwani,Kamukunji,Kamukunji,Nairobi,Mombasa Ndogo Community Health Unit,702027,43282
Fully-functional,Marurui Dispensary,Roysambu,Roysambu,Roysambu,Nairobi,Baberi Community Health Unit,702026,43282
Fully-functional,Pangani Dispensary,Pangani,Starehe,Starehe,Nairobi,Karambe B Community Health Unit,702025,43282
Closed,Riruta Health Centre,Kawangware,Dagoretti North,Dagoretti North,Nairobi,Kabiro B Community Health Unit,702024,43282
Fully-functional,Biafra Lions Clinic,Eastleigh South,Kamukunji,Kamukunji,Nairobi,Madiwa Community Health Unit,702023,43282
Fully-functional,Kangemi Health Centre,Kangemi,Westlands,Westlands,Nairobi,Gathodeki Two Community Health Unit,702022,43282
Fully-functional,Lungalunga Health Centre,Viwandani,Makadara,Makadara,Nairobi,Donholm Community Health Unit,702021,43282
Fully-functional,Riruta Health Centre,Kawangware,Dagoretti North,Dagoretti North,Nairobi,Sweet World Community Health Unit,702020,43282
Fully-functional,Lungalunga Health Centre,Viwandani,Makadara,Makadara,Nairobi,Daima Community Health Unit,702019,43282
Fully-functional,Biafra Lions Clinic,Eastleigh South,Kamukunji,Kamukunji,Nairobi,Mabatini Two Community Health Unit,702018,43282
Fully-functional,Pangani Dispensary,Pangani,Starehe,Starehe,Nairobi,Karambee A Community Health Unit,702017,43282
Fully-functional,Kangemi Health Centre,Kangemi,Westlands,Westlands,Nairobi,Gathodeki One Community Health Unit,702016,43282
Fully-functional,Kayole I Health Centre,Kayole North,Embakasi Central,Embakasi Central,Nairobi,Matopeni C1 (Stars) Community Health Unit,702015,42920
Fully-functional,Riruta Health Centre,Kawangware,Dagoretti North,Dagoretti North,Nairobi,Soko Mjinga Community Health Unit,702014,43282
Fully-functional,Riruta Health Centre,Kawangware,Dagoretti North,Dagoretti North,Nairobi,Magithundia Community Health Unit,702013,43282
Fully-functional,Mathare Police Depot,Hospital,Mathare,Mathare,Nairobi,Kosovo C Community Health Unit,702012,43282
Fully-functional,Dandora II Health Centre,Dandora Area I,Embakasi North,Embakasi North,Nairobi,Promise Community Health Unit,702011,43282
Fully-functional,Biafra Lions Clinic,Eastleigh South,Kamukunji,Kamukunji,Nairobi,Mabatini One Community Health Unit,702010,43282
Fully-functional,Dandora II Health Centre,Dandora Area I,Embakasi North,Embakasi North,Nairobi,Rafiki Community Health Unit,702009,43282
Fully-functional,Kangemi Health Centre,Kangemi,Westlands,Westlands,Nairobi,Nitd Community Health Unit,702008,43282
Fully-functional,Riruta Health Centre,Kawangware,Dagoretti North,Dagoretti North,Nairobi,Ciugoini Community Health Unit,702007,43282
Fully-functional,Biafra Lions Clinic,Eastleigh South,Kamukunji,Kamukunji,Nairobi,Sagana B Community Health Unit,702006,43282
Fully-functional,Dandora II Health Centre,Dandora Area I,Embakasi North,Embakasi North,Nairobi,Neema Community Health Unit,702005,43282
Fully-functional,Mathare Police Depot,Hospital,Mathare,Mathare,Nairobi,Kosovo B Community Health Unit,702004,43282
Fully-functional,Mathare Police Depot,Hospital,Mathare,Mathare,Nairobi,Kosovo A Community Health Unit,702003,43282
Fully-functional,Kangemi Health Centre,Kangemi,Westlands,Westlands,Nairobi,Thiboro Community Health Unit,702002,43282
Fully-functional,Kayole I Health Centre,Kayole North,Embakasi Central,Embakasi Central,Nairobi,Matopeni B2 (United We Care) Community Health Unit,702001,42920
Fully-functional,Dandora II Health Centre,Dandora Area I,Embakasi North,Embakasi North,Nairobi,Agano Community Health Unit,702000,43282
Fully-functional,Biafra Lions Clinic,Eastleigh South,Kamukunji,Kamukunji,Nairobi,Sagana A Community Health Unit,701999,40909
Fully-functional,Riruta Health Centre,Kawangware,Dagoretti North,Dagoretti North,Nairobi,Kiamboni Community Health Unity,701998,43282
Fully-functional,Kangemi Health Centre,Kangemi,Westlands,Westlands,Nairobi,Gichagi B Community Health Unit,701997,40179
Fully-functional,South B Police Band Dispensary,Nairobi South,Starehe,Starehe,Nairobi,Kanaro Community Health Unit,701996,43282
Closed,Dandora II Health Centre,Dandora Area I,Embakasi North,Embakasi North,Nairobi,Gitari Marigu C 5 Community Health Unit,701995,43282
Fully-functional,Biafra Lions Clinic,Eastleigh South,Kamukunji,Kamukunji,Nairobi,Kosovo B Community Health Unit,701994,43282
Closed,Kahawa West Health Centre,Kahawa,Roysambu,Roysambu,Nairobi,Kiwanja Community Health Unit,701993,43282
Fully-functional,Riruta Health Centre,Kawangware,Dagoretti North,Dagoretti North,Nairobi,Maini Community Health Unit,701992,41153
Fully-functional,Kangemi Health Centre,Kangemi,Westlands,Westlands,Nairobi,Kwa Ndegwa Community Health Unit,701991,43282
Fully-functional,Riruta Health Centre,Kawangware,Dagoretti North,Dagoretti North,Nairobi,Deliverance Community Health Unit,701990,43282
Fully-functional,Kahawa West Health Centre,Kahawa,Roysambu,Roysambu,Nairobi,Kongo Community Health Unit,701989,43282
Fully-functional,Lungalunga Health Centre,Viwandani,Makadara,Makadara,Nairobi,Paradise Macha Community Health Unit,701988,43282
Fully-functional,Kayole I Health Centre,Kayole North,Embakasi Central,Embakasi Central,Nairobi,Bridge Community Health Unit,701987,42919
Fully-functional,Lungalunga Health Centre,Viwandani,Makadara,Makadara,Nairobi,River Side Community Health Unit,701986,43282
Fully-functional,Kayole I Health Centre,Kayole North,Embakasi Central,Embakasi Central,Nairobi,Matopeni B (Health Express) Community Health Unit,701985,42920
Fully-functional,Dandora II Health Centre,Dandora Area I,Embakasi North,Embakasi North,Nairobi,Genesis Community Health Unit,701984,43282
Fully-functional,Dandora II Health Centre,Dandora Area I,Embakasi North,Embakasi North,Nairobi,Star Light Community Health Unit,701983,43282
Fully-functional,Biafra Lions Clinic,Eastleigh South,Kamukunji,Kamukunji,Nairobi,Kosovo A Community Health Unit,701982,40910
Fully-functional,Riruta Health Centre,Kawangware,Dagoretti North,Dagoretti North,Nairobi,St.Teresa Area Community Health Unit,701981,43282
Fully-functional,Kayole I Health Centre,Kayole North,Embakasi Central,Embakasi Central,Nairobi,Matopeni A2 (Good Hope) Community Health Unit,701980,42920
Fully-functional,Lungalunga Health Centre,Viwandani,Makadara,Makadara,Nairobi,Paradise Kia Community Health Unit,701979,43282
Fully-functional,Lungalunga Health Centre,Viwandani,Makadara,Makadara,Nairobi,Paradise Tui Community Health Unit,701978,43282
Closed,Kahawa West Health Centre,Kahawa,Roysambu,Roysambu,Nairobi,Kamuthi Community Health Unit,701977,43282
Fully-functional,Riruta Health Centre,Kawangware,Dagoretti North,Dagoretti North,Nairobi,Kwa Raila Community Health Unit,701976,43282
Fully-functional,Kangemi Health Centre,Kangemi,Westlands,Westlands,Nairobi,Riftvalley Two Community Health Unit,701975,43282
Fully-functional,Riruta Health Centre,Kawangware,Dagoretti North,Dagoretti North,Nairobi,Kanugaga Community Health Unit,701974,43282
Fully-functional,Dandora II Health Centre,Dandora Area I,Embakasi North,Embakasi North,Nairobi,Vision Community Health Unit,701973,43282
Fully-functional,Kangemi Health Centre,Kangemi,Westlands,Westlands,Nairobi,Watiti Community Health Unit,701972,43282
Fully-functional,Makadara Health Centre,Maringo/Hamza,Makadara,Makadara,Nairobi,Hamza Zone G Community Health Unit,701971,43282
Fully-functional,Biafra Lions Clinic,Eastleigh South,Kamukunji,Kamukunji,Nairobi,Vihiga C Community Health Unit,701970,43282
Fully-functional,Nairobi Remand Prison Health Centre,Landimawe,Starehe,Starehe,Nairobi,Busia Road Community Health Unit,701969,43282
Fully-functional,Nairobi Remand Prison Health Centre,Landimawe,Starehe,Starehe,Nairobi,Mandazi 2 Community Health Unit,701968,43282
Fully-functional,Kayole I Health Centre,Kayole North,Embakasi Central,Embakasi Central,Nairobi,Posta Community Health Unit,701967,42919
Fully-functional,Dandora II Health Centre,Dandora Area I,Embakasi North,Embakasi North,Nairobi,Falls Community Health Unit,701966,43282
Fully-functional,Riruta Health Centre,Kawangware,Dagoretti North,Dagoretti North,Nairobi,Kamupre Community Health Unit,701965,41153
Fully-functional,Kayole I Health Centre,Kayole North,Embakasi Central,Embakasi Central,Nairobi,Matopeni A1 (Matendo) Community Health Unit,701964,42921
Fully-functional,Langata Health Centre (Mugumo-Ini),Mugumo-ini,Langata,Langata,Nairobi,Southlands C Community Health Unit,701963,43282
Fully-functional,Riruta Health Centre,Kawangware,Dagoretti North,Dagoretti North,Nairobi,Mau Mau Community Health Unit,701962,43282
Fully-functional,Dandora II Health Centre,Dandora Area I,Embakasi North,Embakasi North,Nairobi,Success Community Health Unit,701961,43282
Fully-functional,Biafra Lions Clinic,Eastleigh South,Kamukunji,Kamukunji,Nairobi,Vihiga B Community Health Unit,701960,43282
Fully-functional,Kangemi Health Centre,Kangemi,Westlands,Westlands,Nairobi,Village Inn Community Health Unit,701959,43282
Fully-functional,Kayole I Health Centre,Kayole North,Embakasi Central,Embakasi Central,Nairobi,Tushauriane Community Health Unit,701958,42919
Fully-functional,Dandora II Health Centre,Dandora Area I,Embakasi North,Embakasi North,Nairobi,United Community Health Unit,701957,43282
Fully-functional,Nairobi Remand Prison Health Centre,Landimawe,Starehe,Starehe,Nairobi,Owino Road Community Health Unit,701956,43282
Fully-functional,Riruta Health Centre,Kawangware,Dagoretti North,Dagoretti North,Nairobi,White House Community Health Unit,701955,43282
Fully-functional,Jericho Health Centre,Harambee,Makadara,Makadara,Nairobi,Jericho Block R/S Community Health Unit,701954,43282
Fully-functional,Nairobi Remand Prison Health Centre,Landimawe,Starehe,Starehe,Nairobi,Baclays Community Health Unit,701953,43282
Fully-functional,Kangemi Health Centre,Kangemi,Westlands,Westlands,Nairobi,Riftvalley One Community Health Unit,701952,43282
Fully-functional,Makadara Health Centre,Maringo/Hamza,Makadara,Makadara,Nairobi,Hamza Zone E Community Health Unit,701951,43282
Fully-functional,Dandora II Health Centre,Dandora Area I,Embakasi North,Embakasi North,Nairobi,Baraka Community Health Unit,701950,43282
Closed,Kahawa West Health Centre,Kahawa,Roysambu,Roysambu,Nairobi,Aberdare Community Health Unit,701949,43282
Fully-functional,Biafra Lions Clinic,Eastleigh South,Kamukunji,Kamukunji,Nairobi,Vihiga A Community Health Unit,701948,43282
Fully-functional,Kayole I Health Centre,Kayole North,Embakasi Central,Embakasi Central,Nairobi,Kosovo Community Health Unit,701947,42919
Fully-functional,Kangemi Health Centre,Kangemi,Westlands,Westlands,Nairobi,Marenga Community Health Unit,701946,43282
Fully-functional,Makadara Health Centre,Maringo/Hamza,Makadara,Makadara,Nairobi,Hamza Zone D Community Health Unit,701945,43282
Fully-functional,Eastleigh Health Centre,Airbase,Kamukunji,Kamukunji,Nairobi,Amani Community Health Unit,701944,43282
Fully-functional,Kayole I Health Centre,Kayole North,Embakasi Central,Embakasi Central,Nairobi,Springvalley C Community Health Unit,701943,42919
Fully-functional,Dandora II Health Centre,Dandora Area I,Embakasi North,Embakasi North,Nairobi,Mazuri Community Health Unit,701942,43282
Closed,Eastleigh Health Centre,Airbase,Kamukunji,Kamukunji,Nairobi,Upendo Community Health Unit,701941,43282
Fully-functional,Riruta Health Centre,Kawangware,Dagoretti North,Dagoretti North,Nairobi,Good Hope Area Community Health Unit,701940,43282
Fully-functional,Kangemi Health Centre,Kangemi,Westlands,Westlands,Nairobi,Mabenderani Community Health Unit,701939,43282
Fully-functional,Railway Training Institute Dispensary South B,Nairobi South,Starehe,Starehe,Nairobi,Hazina Community Health Unit,701938,43282
Fully-functional,Kayole I Health Centre,Kayole North,Embakasi Central,Embakasi Central,Nairobi,Springvalley B Community Health Unit,701937,42919
Fully-functional,Jericho Health Centre,Harambee,Makadara,Makadara,Nairobi,Lumumba Xw Zone Community Health Unit,701936,43282
Fully-functional,Langata Health Centre (Mugumo-Ini),Mugumo-ini,Langata,Langata,Nairobi,Southlands B Community Health Unit,701935,43282
Fully-functional,Railway Training Institute Dispensary South B,Nairobi South,Starehe,Starehe,Nairobi,Bakiri View A Community Health Unit,701934,43282
Fully-functional,Hono Clinic,Harambee,Makadara,Makadara,Nairobi,Jericho Block U/V Community Health Unit,701933,43282
Fully-functional,Riruta Health Centre,Kawangware,Dagoretti North,Dagoretti North,Nairobi,Precious Community Health Unit,701932,43282
Fully-functional,Kayole I Health Centre,Kayole North,Embakasi Central,Embakasi Central,Nairobi,Springvalley A Community Health Unit,701931,42919
Fully-functional,Eastleigh Health Centre,Airbase,Kamukunji,Kamukunji,Nairobi,Red Bird Community Health Unit,701930,43282
Fully-functional,Kangemi Health Centre,Kangemi,Westlands,Westlands,Nairobi,Kangora One Community Health Unit,701929,43282
Fully-functional,Kayole I Health Centre,Kayole North,Embakasi Central,Embakasi Central,Nairobi,Maana Cd Community Health Unit,701928,42948
Fully-functional,Riruta Health Centre,Kawangware,Dagoretti North,Dagoretti North,Nairobi,Kambi Moto Community Health Unit,701927,43282
Fully-functional,Jericho Health Centre,Harambee,Makadara,Makadara,Nairobi,Lumumba Ab Zone Community Health Unit,701926,43282
Fully-functional,Kangemi Health Centre,Kangemi,Westlands,Westlands,Nairobi,Kangora Two Community Health Unit,701925,43282
Fully-functional,Langata Health Centre (Mugumo-Ini),Mugumo-ini,Langata,Langata,Nairobi,Southlands A Community Health Unit,701924,43282
Closed,Eastleigh Health Centre,Airbase,Kamukunji,Kamukunji,Nairobi,Airbase Community Health Unit,701923,43282
Closed,Reuben Mukuru Health Centre,Kwa Reuben,Embakasi South,Embakasi South,Nairobi,Riverside Reuben Community Health Unit,701922,43282
Fully-functional,Lungalunga Health Centre,Viwandani,Makadara,Makadara,Nairobi,Sinai Best Community Health Unit,701921,43282
Fully-functional,Riruta Health Centre,Kawangware,Dagoretti North,Dagoretti North,Nairobi,Gatina Community Health Unit,701920,40725
Fully-functional,Riruta Health Centre,Kawangware,Dagoretti North,Dagoretti North,Nairobi,Checkpoint Community Health Unit,701919,43282
Fully-functional,Kayole I Health Centre,Kayole North,Embakasi Central,Embakasi Central,Nairobi,Maana Ab Community Health Unit,701918,42948
Fully-functional,Kangemi Health Centre,Kangemi,Westlands,Westlands,Nairobi,Bottomline Two Community Health Unit,701917,43282
Fully-functional,Railway Training Institute Dispensary South B,Nairobi South,Starehe,Starehe,Nairobi,Hamaso 2 Community Health Unit,701916,43282
Fully-functional,Railway Training Institute Dispensary South B,Nairobi South,Starehe,Starehe,Nairobi,Hamaso 1 Community Health Unity,701915,43282
Fully-functional,Reuben Mukuru Health Centre,Kwa Reuben,Embakasi South,Embakasi South,Nairobi,Transformer Community Health Unit,701914,43282
Fully-functional,Lungalunga Health Centre,Viwandani,Makadara,Makadara,Nairobi,Sinai Relli Community Health Unit,701913,43282
Closed,Kahawa West Health Centre,Kahawa,Roysambu,Roysambu,Nairobi,Sonic Community Health Unit,701912,43282
Fully-functional,Kangemi Health Centre,Kangemi,Westlands,Westlands,Nairobi,Trench Community Health Unit,701911,43282
Fully-functional,Kangemi Health Centre,Kangemi,Westlands,Westlands,Nairobi,Kihumbuini Community Health Unit,701910,43282
Fully-functional,Lungalunga Health Centre,Viwandani,Makadara,Makadara,Nairobi,Sinai Original Community Health Unit,701909,43282
Fully-functional,Mukuru Health Centre,Imara Daima,Embakasi South,Embakasi South,Nairobi,Kwapi 1 Goshen Community Health Unit,701908,43282
Fully-functional,Eastleigh Health Centre,Airbase,Kamukunji,Kamukunji,Nairobi,Afya Bora Community Health Unit,701907,43282
Fully-functional,Lungalunga Health Centre,Viwandani,Makadara,Makadara,Nairobi,Mathioya Community Health Unit,701906,43282
Fully-functional,Kangemi Health Centre,Kangemi,Westlands,Westlands,Nairobi,Dallas Community Health Unit,701905,43282
Fully-functional,Mukuru Health Centre,Imara Daima,Embakasi South,Embakasi South,Nairobi,Kwapi 1 Kware Community Health Unit,701904,43282
Fully-functional,Dandora II Health Centre,Dandora Area I,Embakasi North,Embakasi North,Nairobi,Maono Community Health Unit,701903,43282
Fully-functional,Lungalunga Health Centre,Viwandani,Makadara,Makadara,Nairobi,Baptist Community Health Unit,701902,43282
Fully-functional,Mukuru Mmm Clinic,Kwa Njenga,Embakasi South,Embakasi South,Nairobi,Sisal Mmm Community Health Unit,701901,43282
Fully-functional,Kangemi Health Centre,Kangemi,Westlands,Westlands,Nairobi,Makaburini Community Health Unit,701900,43282
Fully-functional,Kasarani Health Centre,Kasarani,Kasarani,Kasarani,Nairobi,Maji Mazuri Community Health Unit,701899,43282
Fully-functional,Mukuru Mmm Clinic,Kwa Njenga,Embakasi South,Embakasi South,Nairobi,Sisal Matopeni Community Health Unit,701898,43282
Fully-functional,Lungalunga Health Centre,Viwandani,Makadara,Makadara,Nairobi,Mutongwe Community Health Unit,701897,43282
Fully-functional,Dandora II Health Centre,Dandora Area I,Embakasi North,Embakasi North,Nairobi,Ujuzi Community Health Unit,701896,43282
Fully-functional,Kangemi Health Centre,Kangemi,Westlands,Westlands,Nairobi,Sodom Community Health Unit,701895,43282
Fully-functional,Kayole II Sub-District Hospital,Kayole South,Embakasi Central,Embakasi Central,Nairobi,Ribakia D Community Health Unit,701894,43283
Fully-functional,Mukuru Health Centre,Imara Daima,Embakasi South,Embakasi South,Nairobi,Master Mind Community Health Unit,701893,43282
Fully-functional,Kangemi Health Centre,Kangemi,Westlands,Westlands,Nairobi,Bottomline One Community Health Unit,701892,43282
Fully-functional,Mukuru Health Centre,Imara Daima,Embakasi South,Embakasi South,Nairobi,Motomoto A Imara Community Health Unit,701891,43282
Fully-functional,Lungalunga Health Centre,Viwandani,Makadara,Makadara,Nairobi,Lungalunga Community Health Unit,701890,43282
Fully-functional,St Joseph Nursing Home (Eastleigh North),Eastleigh North,Kamukunji,Kamukunji,Nairobi,Mwamko Mpya Community Health Unit,701889,43282
Fully-functional,Embakasi Health Centre,Embakasi,Embakasi East,Embakasi East,Nairobi,Juakali B Community Health Unit,701888,43282
Fully-functional,Kaloleni Dispensary,Makongeni,Makadara,Makadara,Nairobi,World Bank Community Health Unit,701887,43282
Fully-functional,Kayole II Sub-District Hospital,Kayole South,Embakasi Central,Embakasi Central,Nairobi,Ribakia C Community Health Unit,701886,43283
Fully-functional,Embakasi Health Centre,Embakasi,Embakasi East,Embakasi East,Nairobi,Juakali A Community Health Unit,701885,43282
Fully-functional,Kaloleni Dispensary,Makongeni,Makadara,Makadara,Nairobi,Agare Community Health Unit,701884,43282
Closed,Kahawa West Health Centre,Kahawa,Roysambu,Roysambu,Nairobi,Kiangishiri Community Health Unit,701883,43282
Fully-functional,Kasarani Health Centre,Kasarani,Kasarani,Kasarani,Nairobi,Red Soil Community Health Unit,701882,43282
Fully-functional,Kayole II Sub-District Hospital,Kayole South,Embakasi Central,Embakasi Central,Nairobi,Stone City Community Health Unit,701881,43283
Fully-functional,Riruta Health Centre,Kawangware,Dagoretti North,Dagoretti North,Nairobi,Karama Community Health Unit,701880,43282
Fully-functional,Kaloleni Dispensary,Makongeni,Makadara,Makadara,Nairobi,Whitehouse Community Health Unit,701879,43282
Fully-functional,Kariobangi South Clinic,Kariobangi South,Embakasi West,Embakasi West,Nairobi,Kariobangi South B Community Health Unit,701878,43283
Fully-functional,Kibera Community Health Centre - Amref,Laini Saba,Kibra,Kibra,Nairobi,Soweto West C Community Health Unit,701877,43282
Fully-functional,Kaloleni Dispensary,Makongeni,Makadara,Makadara,Nairobi,Mix Community Health Unit,701876,43282
Fully-functional,Soweto Kayole PHC Health Centre,Lower Savannah,Embakasi East,Embakasi East,Nairobi,Central Community Health Unit,701875,43282
Fully-functional,St Joseph Nursing Home (Eastleigh North),Eastleigh North,Kamukunji,Kamukunji,Nairobi,Tuwajibike Community Health Unit,701874,43282
Fully-functional,Kariobangi South Clinic,Kariobangi South,Embakasi West,Embakasi West,Nairobi,City Carton C Community Health Unit,701873,43283
Fully-functional,Riruta Health Centre,Kawangware,Dagoretti North,Dagoretti North,Nairobi,Legio Maria Community Health Unit,701872,43282
Fully-functional,Kibera Community Health Centre - Amref,Laini Saba,Kibra,Kibra,Nairobi,Soweto West A Community Health Unit,701871,43282
Fully-functional,Soweto Kayole PHC Health Centre,Lower Savannah,Embakasi East,Embakasi East,Nairobi,Muoroto Community Health Unit,701870,43282
Fully-functional,Riruta Health Centre,Kawangware,Dagoretti North,Dagoretti North,Nairobi,Cogaka Community Health Unit,701869,42248
Fully-functional,Soweto Kayole PHC Health Centre,Lower Savannah,Embakasi East,Embakasi East,Nairobi,Mzesha Community Health Unit,701868,43282
Fully-functional,Kariobangi South Clinic,Kariobangi South,Embakasi West,Embakasi West,Nairobi,City Carton B Community Health Unit,701867,43283
Fully-functional,Riruta Health Centre,Kawangware,Dagoretti North,Dagoretti North,Nairobi,Congo Community Health Unit,701866,43282
Fully-functional,Kaloleni Dispensary,Makongeni,Makadara,Makadara,Nairobi,Rounder Community Health Unit,701865,43282
Fully-functional,Ruai Health Centre,Ruai,Kasarani,Kasarani,Nairobi,Kamulu Community Health Unit,701864,43282
Fully-functional,Ruai Health Centre,Ruai,Kasarani,Kasarani,Nairobi,Ruai Centre Community Health Unit,701862,43282
Fully-functional,Riruta Health Centre,Kawangware,Dagoretti North,Dagoretti North,Nairobi,Kamitha Community Health Unit,701861,43282
Fully-functional,Kariobangi South Clinic,Kariobangi South,Embakasi West,Embakasi West,Nairobi,City Carton A Community Health Unit,701860,42555
Fully-functional,Nairobi West Men's Prison Dispensary,Nairobi West,Langata,Langata,Nairobi,Upendo A Community Health Unit,701859,40603
Fully-functional,Soweto Kayole PHC Health Centre,Lower Savannah,Embakasi East,Embakasi East,Nairobi,Gitau Community Health Unit,701856,43282
Fully-functional,Soweto Kayole PHC Health Centre,Lower Savannah,Embakasi East,Embakasi East,Nairobi,Kibagare Community Health Unit,701855,43282
Fully-functional,Soweto Kayole PHC Health Centre,Lower Savannah,Embakasi East,Embakasi East,Nairobi,Patanisho Community Health Unit,701854,43282
Fully-functional,Riruta Health Centre,Kawangware,Dagoretti North,Dagoretti North,Nairobi,Amboseli A Community Health Unit,701853,43311
Fully-functional,Kaloleni Dispensary,Makongeni,Makadara,Makadara,Nairobi,Kadingwa Community Health Unit,701852,43292
Fully-functional,Soweto Kayole PHC Health Centre,Lower Savannah,Embakasi East,Embakasi East,Nairobi,Shauri Yako Community Health Unit,701851,43282
Fully-functional,Soweto Kayole PHC Health Centre,Lower Savannah,Embakasi East,Embakasi East,Nairobi,Muthaiga Community Health Unit,701850,43282
Fully-functional,Kariobangi South Clinic,Kariobangi South,Embakasi West,Embakasi West,Nairobi,Kcc Group A Community Health Unit,701849,42555
Fully-functional,Njiru Health Centre,Njiru,Kasarani,Kasarani,Nairobi,Maili Saba B Community Health Unit,701848,43282
Fully-functional,Ndori Health Centre,East Asembo,Rarieda,Rarieda,Siaya,North Ramba B Community Health Unit,701846,39817
Fully-functional,Mulaha Dispensary,Siaya Township,Alego Usonga,Alego Usonga,Siaya,Nyandiwa Community Health Unit,701844,40756
Fully-functional,Nyagoko Dispensary,West Asembo,Rarieda,Rarieda,Siaya,Nyagoko East Community Health Unit,701843,40238
Fully-functional,Madiany Sub County Hospital,South Uyoma,Rarieda,Rarieda,Siaya,Ndigwa Lower Community Health Unit,701842,39458
Fully-functional,Kadenge Ratuoro Health Centre,Central Alego,Alego Usonga,Alego Usonga,Siaya,Kadenge Community Health Unit,701840,40756
Fully-functional,Got Koyembe Dispensary,South East Alego,Alego Usonga,Alego Usonga,Siaya,Mur Ngiya Community Health Unit,701839,40787
Fully-functional,Nduru Dispensary,South East Alego,Alego Usonga,Alego Usonga,Siaya,Masumbi Community Health Unit,701838,40756
Fully-functional,Lieta Health Centre (Rarieda),South Uyoma,Rarieda,Rarieda,Siaya,Lieta Lower Community Health Unit,701837,39817
Fully-functional,Kagwa Health Centre,West Uyoma,Rarieda,Rarieda,Siaya,Kagwa Upper Community Health Unit,701835,40634
Fully-functional,Naya Health Centre,South Uyoma,Rarieda,Rarieda,Siaya,Naya Lower Community Health Unit,701834,39458
Fully-functional,Gongo Health Centre,Central Gem,Gem,Gem,Siaya,Gongo Community Health Unit,701833,39819
Fully-functional,Lidha Dispensary,South Gem,Gem,Gem,Siaya,Kaudha West Community Health Unit,701832,40878
Fully-functional,Nyawara Health Centre,Central Gem,Gem,Gem,Siaya,Nyawara Community Health Unit,701831,38728
Fully-functional,Lidha Dispensary,South Gem,Gem,Gem,Siaya,Kaudha East Community Health Unit,701830,40878
Fully-functional,Bar Sauri Health Centre,Yala Township,Gem,Gem,Siaya,Sauri Community Health Unit,701829,39819
Fully-functional,Masogo Dispensary (Gem),Central Gem,Gem,Gem,Siaya,Siriwo Community Health Unit,701828,40878
Fully-functional,Marenyo Health Centre,East Gem,Gem,Gem,Siaya,Jina Community Health Unit,701827,40878
Fully-functional,Oding Dispensary,East Gem,Gem,Gem,Siaya,Uranga Community Health Unit,701826,38728
Fully-functional,Masogo Dispensary (Gem),Central Gem,Gem,Gem,Siaya,Nyandiwa Community Health Unit,701825,40878
Fully-functional,Olengo Dispensary,Central Gem,Gem,Gem,Siaya,Kagilo Community Health Unit,701824,40878
Fully-functional,Mahaya Health Centre (Rarieda),West Asembo,Rarieda,Rarieda,Siaya,Mahaya Community Health Unit,701823,39518
Fully-functional,Kagwa Health Centre,West Uyoma,Rarieda,Rarieda,Siaya,Kagwa Lower Community Health Unit,701822,40603
Fully-functional,Nyambari Geke Dispensary,Magombo,Kitutu Masaba,Manga,Nyamira,Nyambaria Geke Community Health Unit,701821,41075
Fully-functional,Magombo Community Dispensary (Manga),Magombo,Kitutu Masaba,Manga,Nyamira,Magombo Community Health Unit,701820,42170
Fully-functional,Nyangena Sub District Hospital (Manga),Kamera,Kitutu Masaba,Manga,Nyamira,Nyangena Community Health Unit,701818,40344
Fully-functional,Nyangena Sub District Hospital (Manga),Kamera,Kitutu Masaba,Manga,Nyamira,Nyachichi Community Health Unit,701817,40344
Fully-functional,Nyangena Sub District Hospital (Manga),Kamera,Kitutu Masaba,Manga,Nyamira,Irianyi Community Health Unit,701816,40344
Fully-functional,Amaiga Dispensary (Manga),Kamera,Kitutu Masaba,Manga,Nyamira,Kiomakondo Community Health Unit,701815,40344
Fully-functional,Jericho Health Centre,Harambee,Makadara,Makadara,Nairobi,Lumumba Community Health Unit,701814,40792
Fully-functional,Makadara Health Centre,Maringo/Hamza,Makadara,Makadara,Nairobi,Hamza Community Health Unit,701813,40792
Fully-functional,Kaloleni Dispensary,Makongeni,Makadara,Makadara,Nairobi,Mbotela Community Health Unit,701812,40792
Fully-functional,Lungalunga Health Centre,Viwandani,Makadara,Makadara,Nairobi,Paradise Community Health Unit,701810,40792
Fully-functional,Lungalunga Health Centre,Viwandani,Makadara,Makadara,Nairobi,Sinai Community Health Unit,701809,40792
Fully-functional,Lungalunga Health Centre,Viwandani,Makadara,Makadara,Nairobi,Jamaica Community Health Unit,701808,40788
Fully-functional,Lungalunga Health Centre,Viwandani,Makadara,Makadara,Nairobi,Milimani Community Health Unit,701807,40821
Fully-functional,Lungalunga Health Centre,Viwandani,Makadara,Makadara,Nairobi,Ridon Community Health Unit,701806,40792
Fully-functional,Lungalunga Health Centre,Viwandani,Makadara,Makadara,Nairobi,Kingstone Community Health Unit,701805,40792
Fully-functional,Kombeni Dispensary,Ruruma,Rabai,Rabai,Kilifi,Kombeni Community Health Unit,701793,43074
Fully-functional,Chilodi CrossFit Health Centre,Ruruma,Rabai,Rabai,Kilifi,Jimba Community Health Unit,701792,43104
Fully-functional,Itiati Dispensary,Ruguru,Mathira,Mathira West,Nyeri,Gathuini Community Health Unit,701791,42524
Fully-functional,Itiati Dispensary,Ruguru,Mathira,Mathira West,Nyeri,Itiati Community Health Unit,701789,41368
Fully-functional,Itiati Dispensary,Ruguru,Mathira,Mathira West,Nyeri,Kiawarigi Community Health Unit,701788,42494
Fully-functional,Itiati Dispensary,Ruguru,Mathira,Mathira West,Nyeri,Kihuro Community Health Unit,701787,42527
Fully-functional,Itiati Dispensary,Ruguru,Mathira,Mathira West,Nyeri,Ichuga Community Health Unit,701786,42527
semi-functional,Marakusi Dispensary,Lugari,Lugari,Lugari,Kakamega,Luanda Lugari Community Health Unit,701763,43042
Fully-functional,Gatondo Dispensary (Nyeri North),Iriaini,Mathira,Mathira East,Nyeri,Thigingi Community Health Unit,701762,41701
Fully-functional,Kiarithaini Dispensary,Iriaini,Mathira,Mathira East,Nyeri,Kairia Community Health Unit,701761,41701
Fully-functional,Kiarithaini Dispensary,Iriaini,Mathira,Mathira East,Nyeri,Kiamwangi Community Health Unit,701760,41701
Fully-functional,Githima Disp,Konyu,Mathira,Mathira East,Nyeri,Baricho Community Health Unit,701759,41701
Fully-functional,Githima Disp,Konyu,Mathira,Mathira East,Nyeri,Githima Community Health Unit,701758,41701
Fully-functional,Karatina District Hospital,Karatina Town,Mathira,Mathira East,Nyeri,Mathaithi Community Health Unit,701754,41701
Fully-functional,Karatina District Hospital,Karatina Town,Mathira,Mathira East,Nyeri,Commercial Community Health Unit,701753,41701
Fully-functional,Karatina District Hospital,Karatina Town,Mathira,Mathira East,Nyeri,Jambo Community Health Unit,701752,41701
Fully-functional,Ishiara Sub-District Hospital,Evurore,Mbeere North,Mbeere North,Embu,Ishiara Community Health Unit,701751,43084
semi-functional,Kirogine Dispensary,Nkuene,South Imenti,Imenti South,Meru,Kirogine Community Health Unit,701750,43179
Fully-functional,Salawa Health Centre,Kabarnet,Baringo Central,Baringo Central,Baringo,Salawa Community Health Unit,701737,43132
Fully-functional,Seretunin Health Centre,Ewalel/Chapchap,Baringo Central,Baringo Central,Baringo,Seretunin Community Health Unit,701736,43132
semi-functional,Oldonyo Nyokie Dispensary,Magadi,Kajiado West,Kajiado West,Kajiado,Oldonyonyokie Community Health Unit,701735,43101
Fully-functional,Kejiriet Dispensary,Soin,Sigowet/Soin,Sigowet/Soin,Kericho,Kejiriet Community Health Unit,701734,42186
semi-functional,Kapsorok Dispenasry,Soliat,Sigowet/Soin,Sigowet/Soin,Kericho,Kapsorok Community Health Unit,701733,42705
Fully-functional,Indangalasia Dispensary,Koyonzo,Matungu,Matungu,Kakamega,Indangalasia A Community Health Unit,701732,42080
Fully-functional,Khalaba Health Centre,Khalaba,Matungu,Matungu,Kakamega,Khalaba B Community Health Unit,701731,42080
Fully-functional,Khalaba Health Centre,Khalaba,Matungu,Matungu,Kakamega,Khalaba A Community Health Unit,701730,42080
Fully-functional,Khalaba Health Centre,Khalaba,Matungu,Matungu,Kakamega,Musamba C Community Health Unit,701729,42080
Fully-functional,Khalaba Health Centre,Khalaba,Matungu,Matungu,Kakamega,Musamba B Community Health Unit,701728,42290
Fully-functional,Karerema Dispensary,Evurore,Mbeere North,Mbeere North,Embu,Thambu Community Health Unit,701727,43019
Fully-functional,Kiambere Dam Dispensary,Muminji,Mbeere North,Mbeere North,Embu,Cieria Community Health Unit,701726,43019
Fully-functional,Mbeere District Hospital,Nthawa,Mbeere North,Mbeere North,Embu,Thura Community Health Unit,701725,43025
Fully-functional,Kirathe Dispensary,Mavuria,Mbeere South,Mbeere South,Embu,Ntharawe Community Health Unit,701724,41465
Fully-functional,Kanyangi Dispensary,Evurore,Mbeere North,Mbeere North,Embu,Ngura Community Health Unit,701723,43027
Fully-functional,Kiogogo Dispensary,Evurore,Mbeere North,Mbeere North,Embu,Ngoce Community Health Unit,701722,43025
Fully-functional,Muthanthara Dispensary,Evurore,Mbeere North,Mbeere North,Embu,Muthanthara Community Health Unit,701721,43025
Fully-functional,Kirie Dispensary,Muminji,Mbeere North,Mbeere North,Embu,Kirie Community Health Unit,701720,43027
semi-functional,Irondi Dispensary,Birongo,Nyaribari Chache,Nyaribari Chache,Kisii,Irondi Community Health Unit,701719,40945
Fully-functional,Machang'a Dispensary,Mavuria,Mbeere South,Mbeere South,Embu,Kombo Munyiri Community Health Unit,701718,41465
semi-functional,Gacabari Dispensary,Kiambere,Mbeere South,Mbeere South,Embu,Gacabari Community Health Unit,701717,41465
Fully-functional,Makima Dispensary,Makima,Mbeere South,Mbeere South,Embu,Makima Community Health Unit,701716,40075
Fully-functional,Kiamuringa Dispensary,Mbeti South,Mbeere South,Mbeere South,Embu,Kamuringa Community Health Unit,701715,41465
Fully-functional,Kiritiri Medical Healthcare,Mavuria,Mbeere South,Mbeere South,Embu,Nyangwa Community Health Unit,701714,41465
Fully-functional,Gotani Dispensary,Kayafungo,Kaloleni,Kaloleni,Kilifi,Mrimani Community Health Unity,701713,43015
Fully-functional,Gotani Dispensary,Kayafungo,Kaloleni,Kaloleni,Kilifi,Gotani Community Health Unit,701712,43028
Fully-functional,Kilala Health Centre,Ukia,Kaiti,Kaiti,Makueni,Kilala Community Health Unit,701711,42100
semi-functional,Kavatanzou Dispensary,Ilima,Kaiti,Kaiti,Makueni,Kavatanzou Community Health Unit,701710,41535
semi-functional,Daba (AIC) Dispensary,Wayu,Galole,Galole,Tana River,Daba Community Health Unit,701709,42795
semi-functional,Chifiri Dispensary (LATIF),Wayu,Galole,Galole,Tana River,Hakoka Community Health Unit,701708,42795
semi-functional,Chifiri Dispensary (LATIF),Wayu,Galole,Galole,Tana River,Chifiri Community Health Unit,701707,42795
semi-functional,Waldena Dispensary,Wayu,Galole,Galole,Tana River,Waldena Community Health Unit,701706,42795
semi-functional,Wayu Boru,Wayu,Galole,Galole,Tana River,Wayu Community Health Unit,701705,42767
semi-functional,Bura Nomadic,Wayu,Galole,Galole,Tana River,Kalkacha Community Health Unit,701704,42795
semi-functional,Majengo Dispensary (Tana River),Kinakomba,Galole,Galole,Tana River,Jamhuri Community Health Unit,701703,42795
semi-functional,Makere Dispensary,Chewani,Galole,Galole,Tana River,Makere Community Health Unit,701702,42795
Fully-functional,Kathanje Dispensary,Muminji,Mbeere North,Mbeere North,Embu,Gangara Community Health Unit,701695,43025
Fully-functional,Mumbuni Dispensary,Migwani,Mwingi West,Mwingi West,Kitui,Katalwa/Mumbuni Community Health Unit,701694,42857
Fully-functional,Nzalae Dispensary (Nguutani),Nguutani,Mwingi West,Mwingi West,Kitui,Nzalae/Kakululo Community Health Unit,701693,42894
Fully-functional,Ruanda Dispensary,Kapkateny,Mt. Elgon,Cheptais,Bungoma,Chongeywo Health Community Health Unit,701692,41092
Fully-functional,Ruanda Dispensary,Kapkateny,Mt. Elgon,Cheptais,Bungoma,Kapkurongo Health Community Health Unit,701691,41456
Fully-functional,Ruanda Dispensary,Kapkateny,Mt. Elgon,Cheptais,Bungoma,Korgotuny Community Health Unit,701690,41883
Fully-functional,Ruanda Dispensary,Kapkateny,Mt. Elgon,Cheptais,Bungoma,Chepkurkur South Community Health Unit,701689,41883
Fully-functional,Ruanda Dispensary,Kapkateny,Mt. Elgon,Cheptais,Bungoma,Chepkurkur North Community Health Unit,701688,41883
Fully-functional,Kubura Dispensary,Chepyuk,Mt. Elgon,Cheptais,Bungoma,Kubura Community Health Unit,701687,41883
Fully-functional,Kopsiro Model Health Centre,Chepyuk,Mt. Elgon,Cheptais,Bungoma,Emia Community Health Unit,701686,41092
Fully-functional,Ruanda Dispensary,Kapkateny,Mt. Elgon,Cheptais,Bungoma,Masaek Community Health Unit,701685,41456
Fully-functional,Kopsiro Model Health Centre,Chepyuk,Mt. Elgon,Cheptais,Bungoma,Kaimugul South Community Health Unit,701684,41883
Fully-functional,Kopsiro Model Health Centre,Chepyuk,Mt. Elgon,Cheptais,Bungoma,Kaimugul North Community Health Unit,701683,41883
Fully-functional,Kopsiro Model Health Centre,Chepyuk,Mt. Elgon,Cheptais,Bungoma,Toywandet Community Health Unit,701682,41883
Fully-functional,Kapkateny Dispensary,Kapkateny,Mt. Elgon,Cheptais,Bungoma,Cheptonon Community Health Unit,701681,41092
Fully-functional,Chesikaki Dispensary,Chesikaki,Mt. Elgon,Cheptais,Bungoma,Chemondi South Community Health Unit,701680,42248
Fully-functional,Chesikaki Dispensary,Chesikaki,Mt. Elgon,Cheptais,Bungoma,Chemondi North Community Health Unit,701679,42248
Fully-functional,Tuikut Dispensary,Chesikaki,Mt. Elgon,Cheptais,Bungoma,Sasur Community Health Unit,701678,41092
Fully-functional,Marigo Dispensary,Chesikaki,Mt. Elgon,Cheptais,Bungoma,Marigo Community Health Unit,701677,42646
Fully-functional,Kapkoto Dispensary,Chesikaki,Mt. Elgon,Cheptais,Bungoma,Toroso Community Health Unit,701676,41092
Fully-functional,Cheptais Sub County Hospital,Cheptais,Mt. Elgon,Cheptais,Bungoma,Ngachi Town Community Health Unit,701675,42248
Fully-functional,Cheptais Sub County Hospital,Cheptais,Mt. Elgon,Cheptais,Bungoma,Ngachi Community Health Unit,701674,41092
Fully-functional,Kanganga Dispensary,Cheptais,Mt. Elgon,Cheptais,Bungoma,Kanganga Community Health Unit,701673,42614
Fully-functional,Chepkube Dispensary,Cheptais,Mt. Elgon,Cheptais,Bungoma,Chebwek Upper Community Health Unit,701672,42248
Fully-functional,Chepkube Dispensary,Cheptais,Mt. Elgon,Cheptais,Bungoma,Chebwek Lower Community Health Unit,701671,41792
Fully-functional,Wasio Dispensary,Cheptais,Mt. Elgon,Cheptais,Bungoma,Cheptais South Community Health Unit,701670,41883
Fully-functional,God Jope Dispensary,God Jope,Suna East,Suna East,Migori,Osingo South Community Health Unit,701669,42795
Fully-functional,God Jope Dispensary,God Jope,Suna East,Suna East,Migori,Osingo North Community Health Unit,701668,42795
Fully-functional,Migori County Referral Hospital,Suna Central,Suna East,Suna East,Migori,Lower Kakrao Community Health Unit,701667,41642
Fully-functional,Migori County Referral Hospital,Suna Central,Suna East,Suna East,Migori,Ngege Community Health Unit,701666,42039
Fully-functional,Ondong Dispensary,Suna Central,Suna East,Suna East,Migori,Mabera Community Health Unit,701665,42037
Fully-functional,Nyarongi Dispensary,Kakrao,Suna East,Suna East,Migori,Nyarongi Community Health Unit,701664,41673
Fully-functional,Saro Dispensary,Kakrao,Suna East,Suna East,Migori,Nyamanga Community Health Unit,701663,41674
Fully-functional,Anjego Dispensary,Kakrao,Suna East,Suna East,Migori,Anjego Community Health Unit,701662,41676
Fully-functional,Migori County Referral Hospital,Suna Central,Suna East,Suna East,Migori,Upper Kakrao Community Health Unit,701661,41642
Fully-functional,Suna Rabuor Dispensary,Kwa,Suna East,Suna East,Migori,Onguo Community Health Unit,701660,41010
Fully-functional,Suna Rabuor Dispensary,Kwa,Suna East,Suna East,Migori,Lwanda Asande Community Health Unit,701659,41066
Fully-functional,Suna Rabuor Dispensary,Kwa,Suna East,Suna East,Migori,Kwa Community Health Unit,701658,41673
Fully-functional,Ogwedhi Health Centre,Kwa,Suna East,Suna East,Migori,Sagegi Community Health Unit,701657,41142
Fully-functional,Ogwedhi Health Centre,Kwa,Suna East,Suna East,Migori,God Ngoche Community Health Unit,701656,40983
Fully-functional,God Jope Dispensary,God Jope,Suna East,Suna East,Migori,Wasio Community Health Unit,701655,41673
semi-functional,Kianjuri Dispensary,Ntima West,North Imenti,Imenti North,Meru,Nchaure Community Health Unit,701654,42954
Fully-functional,God Jope Dispensary,God Jope,Suna East,Suna East,Migori,Manyatta Community Health Unit,701653,40773
semi-functional,Gakoromone Dispensary,Ntima East,North Imenti,Imenti North,Meru,Harmony Community Health Unit,701652,42065
semi-functional,Gakoromone Dispensary,Ntima East,North Imenti,Imenti North,Meru,Bidii Community Health Unit,701651,42086
semi-functional,Kiburine Dispensary,Nyaki East,North Imenti,Imenti North,Meru,Gachua Community Health Unit,701650,42430
semi-functional,Kiburine Dispensary,Nyaki East,North Imenti,Imenti North,Meru,Mbirikene Community Health Unit,701649,42440
Fully-functional,Nyamagongwi Dispensary,Nyabasi East,Kuria East,Kuria East,Migori,Nyamagongwi Community Health Unit,701648,41276
semi-functional,Kipingi Dispensary,Kanyasa,Nyatike,Nyatike,Migori,Ngira Community Health Unit,701647,42901
semi-functional,Othoch Rakuom Dispensary,Got Kachola,Nyatike,Nyatike,Migori,Amoyo Community Health Unit,701646,42746
semi-functional,Got Kachola Dispensary,Got Kachola,Nyatike,Nyatike,Migori,Winam Community Health Unit,701645,42753
Fully-functional,Thim Lich Dispensary,North Kadem,Nyatike,Nyatike,Migori,Thimlich Community Health Unit,701644,41654
Fully-functional,Thim Lich Dispensary,North Kadem,Nyatike,Nyatike,Migori,Kiwiro Community Health Unit,701643,41654
Fully-functional,Kabuto Dispensary,North Kadem,Nyatike,Nyatike,Migori,Lower Karapolo Community Health Unit,701642,41654
Fully-functional,Winjo Dispensary,Muhuru,Nyatike,Nyatike,Migori,Ebencho Community Health Unit,701641,41654
Fully-functional,Muhuru Sub-County Hospital,Muhuru,Nyatike,Nyatike,Migori,Nyabomo Community Health Unit,701640,41654
Fully-functional,Mugabo Dispensary,Muhuru,Nyatike,Nyatike,Migori,Nyancha Community Health Unit,701639,41654
Fully-functional,Mugabo Dispensary,Muhuru,Nyatike,Nyatike,Migori,Kithii Community Health Unit,701638,41654
Fully-functional,Doctors Worldwide Tembo Medical Centre,Muhuru,Nyatike,Nyatike,Migori,Sumba Community Health Unit,701637,41654
Fully-functional,Wath Onger Dispensary,Macalder/Kanyarwanda,Nyatike,Nyatike,Migori,Lower Kanyarwanda Community Health Unit,701636,41654
Fully-functional,Macalder Sub-County Hospital,Macalder/Kanyarwanda,Nyatike,Nyatike,Migori,Kalangi Community Health Unit,701635,41654
Fully-functional,Kombato Dispensary,Macalder/Kanyarwanda,Nyatike,Nyatike,Migori,Got Orango Community Health Unit,701634,41654
semi-functional,Sibuoche Dispensary,West Kanyamkago,Uriri,Uriri,Migori,Kajulu Ii Community Health Unit,701633,41852
Fully-functional,Riat Dispensary (Migori),Kanyasa,Nyatike,Nyatike,Migori,Okayo Community Health Unit,701632,41654
Fully-functional,Oyani (SDA) Dispensary,West Kanyamkago,Uriri,Uriri,Migori,Kajulu 1b Community Health Unit,701631,41645
semi-functional,Osogo Dispensary,West Kanyamkago,Uriri,Uriri,Migori,Kajulu I Community Health Unit,701630,42219
Fully-functional,Riat Dispensary (Migori),Kanyasa,Nyatike,Nyatike,Migori,Alendo Community Health Unit,701629,41654
semi-functional,Nyasoko Dispensary,South Kanyamkago,Uriri,Uriri,Migori,Kamsaki Community Health Unit,701628,41491
semi-functional,Kolwal Dispensary,South Kanyamkago,Uriri,Uriri,Migori,Got Uriri Community Health Unit,701627,41456
Fully-functional,Bware Health Center,South Kanyamkago,Uriri,Uriri,Migori,Achuth Community Health Unit,701626,42919
Fully-functional,Luciel Dispensary,Kanyasa,Nyatike,Nyatike,Migori,Misiwi Community Health Unit,701625,41654
Fully-functional,Nyamasare Dispensary,North Kanyamkago,Uriri,Uriri,Migori,Kamghudho Ii Community Health Unit,701624,42583
Fully-functional,Ochuna Dispensary,Kaler,Nyatike,Nyatike,Migori,Kiasa Community Health Unit,701623,41649
semi-functional,St Monica Rapogi Hospital,North Kanyamkago,Uriri,Uriri,Migori,Katieno I Community Health Unit,701622,41437
Fully-functional,Othoro Sub County Hospital,North Kanyamkago,Uriri,Uriri,Migori,Kambuji Community Health Unit,701621,42740
semi-functional,Othoro Sub County Hospital,North Kanyamkago,Uriri,Uriri,Migori,Komenya Community Health Unit,701620,41641
Fully-functional,Nyamasare Dispensary,North Kanyamkago,Uriri,Uriri,Migori,Kamgundho 1 Community Health Unit,701619,42374
Fully-functional,Bande Dispensary,Kaler,Nyatike,Nyatike,Migori,Bande Community Health Unit,701618,41290
semi-functional,Koloo Dispensary,North Kanyamkago,Uriri,Uriri,Migori,Upper Katieno Ii Community Health Unit,701617,42592
Fully-functional,Thim Jope Dispensary,East Kanyamkago,Uriri,Uriri,Migori,Thimjope Community Health Unit,701616,41277
Fully-functional,Otati Dispensary,Kanyasa,Nyatike,Nyatike,Migori,Gunga Community Health Unit,701615,41654
Fully-functional,Piny Owacho Dispensary,Central Kanyamkago,Uriri,Uriri,Migori,Nyaobe Community Health Unit,701614,41823
semi-functional,Piny Owacho Dispensary,Central Kanyamkago,Uriri,Uriri,Migori,Central Kawere Rateng Community Health Unit,701613,40970
Fully-functional,Ombo Kowiti Dispensary,Central Kanyamkago,Uriri,Uriri,Migori,West Kawere Rateng Community Health Unit,701612,41824
Fully-functional,Yago Dispensary,Got Kachola,Nyatike,Nyatike,Migori,Yago Community Health Unit,701611,41654
Fully-functional,Nyandago Koweru Dispensary,Got Kachola,Nyatike,Nyatike,Migori,Nyandago Koweru Community Health Unit,701610,41654
semi-functional,Msekekwa Health Centre,Kapchemutwa,Keiyo North,Keiyo North,Elgeyo Marakwet,Kapchemutwa Community Health Unit,701609,40544
semi-functional,Kibendo Health Centre,Emsoo,Keiyo North,Keiyo North,Elgeyo Marakwet,Kokwao Community Health Unit,701608,40544
Fully-functional,Kionyo Dispensary,Abogeta West,South Imenti,Imenti South,Meru,Kiungone Community Health Unit,701607,43070
Fully-functional,Mihuu Dispensary,Mihuu,Webuye East,Webuye East,Bungoma,Mihuu C Community Health Unit,701606,42968
Fully-functional,Namarambi Dispensary,Ndivisi,Webuye East,Webuye East,Bungoma,Marinda C Community Health Unit,701605,42968
Fully-functional,Sinoko Dispensary (Bungoma East),Ndivisi,Webuye East,Webuye East,Bungoma,Sinoko B Community Health Unit,701604,42926
Fully-functional,Namwatikho Dispensary,Ndivisi,Webuye East,Webuye East,Bungoma,Sitabicha B Community Health Unit,701603,42903
non-functinoal,Lontolio Dispensary,Laisamis,Laisamis,Laisamis,Marsabit,Lontolio Community Health Unit,701602,40557
non-functinoal,Kargi Health Centre,Kargi/South Horr,Laisamis,Laisamis,Marsabit,Kargi Community Health Unit,701601,40184
semi-functional,Laisamis Sub county Referral Hospital(Marsabit South),Laisamis,Laisamis,Laisamis,Marsabit,Koya Community Health Unit,701600,40549
Fully-functional,Rongo Sub County Hospital,Central Kamagambo,Rongo,Rongo,Migori,Township Community Health Unit,701596,42377
Fully-functional,Rongo Sub County Hospital,Central Kamagambo,Rongo,Rongo,Migori,Kamkuyu Community Health Unit,701595,40199
Fully-functional,Rongo Sub County Hospital,Central Kamagambo,Rongo,Rongo,Migori,Kanyingombe Community Health Unit,701594,41277
Fully-functional,Rongo Sub County Hospital,Central Kamagambo,Rongo,Rongo,Migori,Koderobara Community Health Unit,701593,41282
Fully-functional,Minyenya Health Centre,North Kamagambo,Rongo,Rongo,Migori,South Kamwango Community Health Unit,701592,40920
Fully-functional,Minyenya Health Centre,North Kamagambo,Rongo,Rongo,Migori,North Kamwango Community Health Unit,701591,39815
Fully-functional,Rongo Sub County Hospital,Central Kamagambo,Rongo,Rongo,Migori,Kabuoro Community Health Unit,701590,42012
Fully-functional,Lwala Community Hospital,North Kamagambo,Rongo,Rongo,Migori,Kameji Community Health Unit,701589,40913
Fully-functional,Kochola Dispensary,East Kamagambo,Rongo,Rongo,Migori,Kong'udi Community Health Unit,701588,41641
Fully-functional,Kamagambo SDA Dispenasry,East Kamagambo,Rongo,Rongo,Migori,Kagoro Community Health Unit,701587,41642
Fully-functional,Kamagambo SDA Dispenasry,East Kamagambo,Rongo,Rongo,Migori,Kong'oma Community Health Unit,701586,41276
Fully-functional,Ngodhe Dispensary,East Kamagambo,Rongo,Rongo,Migori,Kanyadieto Community Health Unit,701585,41641
Fully-functional,Ngodhe Dispensary,East Kamagambo,Rongo,Rongo,Migori,Kanyadieto Community Health Unit,701584,41641
Fully-functional,Ndege Oriedo Dispensary,East Kamagambo,Rongo,Rongo,Migori,Koluoch Community Health Unit,701583,41641
Fully-functional,Ndege Oriedo Dispensary,East Kamagambo,Rongo,Rongo,Migori,Kambija Community Health Unit,701582,42006
Fully-functional,Kangeso Dispensary,East Kamagambo,Rongo,Rongo,Migori,Kangeso Community Health Unit,701581,41276
Fully-functional,Ngere Health Centre,East Kamagambo,Rongo,Rongo,Migori,East Kanyamamba Community Health Unit,701580,41276
Fully-functional,Verna Health Centre,East Kamagambo,Rongo,Rongo,Migori,West Kanyamamba Community Health Unit,701579,41276
Fully-functional,Ongo Health Centre,South Kamagambo,Rongo,Rongo,Migori,North Kanyajuok Community Health Unit,701578,42020
Fully-functional,Ongo Health Centre,South Kamagambo,Rongo,Rongo,Migori,Kamreri Community Health Unit,701577,40917
Fully-functional,Kalacha Sub County Referral Hospital (Chalbi),Maikona,North Horr,North Horr,Marsabit,Kalacha Community Health Unit,701576,40463
semi-functional,Turbi Dispensary (Marsabit North),Turbi,North Horr,North Horr,Marsabit,Turbi Community Health Unit,701575,41896
semi-functional,Hurri-Hills Dispensary,Maikona,North Horr,North Horr,Marsabit,Hurri Hills Community Health Unit,701574,40463
semi-functional,North Horr Health Centre,North Horr,North Horr,North Horr,Marsabit,North Horr Community Health Unit,701573,40467
Fully-functional,Gatab Health Centre,Loiyangalani,Laisamis,Laisamis,Marsabit,Gatab Community Health Unit,701572,43084
non-functinoal,Namarei Dispensary (Marsabit South),Korr/Ngurunit,Laisamis,Laisamis,Marsabit,Namarei Community Health Unit,701571,41977
Fully-functional,Loiyangalani Gok Health centre,Loiyangalani,Laisamis,Laisamis,Marsabit,Loiyangalani Community Health Unit,701570,41628
semi-functional,Korr Dispensary,Korr/Ngurunit,Laisamis,Laisamis,Marsabit,Korr Community Health Unit,701569,42348
semi-functional,Ngurunit Health centre,Korr/Ngurunit,Laisamis,Laisamis,Marsabit,Ngurunit Community Health Unit,701568,41626
Fully-functional,Logologo AIC Dispensary,Loglogo,Laisamis,Laisamis,Marsabit,Logologo Community Health Unit,701567,41166
Fully-functional,Catholic Hospital Laisamis,Laisamis,Laisamis,Laisamis,Marsabit,Laisamis Community Health Unit,701566,41438
semi-functional,Magenche Health Centre,Magenche,Bomachoge Borabu,Bomachoge Borabu,Kisii,Kiabugesi Community Health Unit,701565,42901
semi-functional,Itembu Dispensary,Magenche,Bomachoge Borabu,Bomachoge Borabu,Kisii,Mokubo Community Health Unit,701564,41075
semi-functional,Omobera Dispensary,Bokimonge,Bomachoge Borabu,Bomachoge Borabu,Kisii,Kerongorori Community Health Unit,701563,41075
Fully-functional,Mumbuni Dispensary,Migwani,Mwingi West,Mwingi West,Kitui,Mumbuni/Katalwa Community Health Unit,701560,42892
Fully-functional,Danaba Health Centre,Danaba,Wajir North,Wajir North,Wajir,Danaba Community Health Unit,701559,40460
semi-functional,Dukana Health Centre (North Horr),Dukana,North Horr,North Horr,Marsabit,Dukana Community Health Unit,701558,40474
Fully-functional,Bubisa Dispensary,Turbi,North Horr,North Horr,Marsabit,Bubisa Community Health Unit,701557,40463
Fully-functional,Giika,Akachiu,Igembe South,Igembe South,Meru,Marega Health Community Health Unit,701556,41527
Fully-functional,Giika,Akachiu,Igembe South,Igembe South,Meru,Giika Health Community Health Unit,701555,42515
Fully-functional,Kalamene Dispensary,Akachiu,Igembe South,Igembe South,Meru,Tiira Health Community Health Unit,701554,41690
Fully-functional,Mutiokiama Health Centre,Akachiu,Igembe South,Igembe South,Meru,Nceme Health Community Health Unit,701553,41458
semi-functional,Amwamba Dispensary,Akachiu,Igembe South,Igembe South,Meru,Auki Health Community Health Unit,701552,41185
Fully-functional,Kirimampio Dispensary,Athiru Gaiti,Igembe South,Igembe South,Meru,Thuuria Health Community Health Unit,701551,41037
semi-functional,Kirimampio Dispensary,Athiru Gaiti,Igembe South,Igembe South,Meru,Kirimampio Health Community Health Unit,701550,41217
semi-functional,Kiraone Dispensary,Athiru Gaiti,Igembe South,Igembe South,Meru,Antubakiiru Health Community Health Unit,701549,41135
Fully-functional,Balambala Sub-District Hospital,Balambala,Balambala,Balambala,Garissa,Balambala Community Health Unit,701548,41946
Fully-functional,Jarajara Dispensary,Jarajara,Balambala,Balambala,Garissa,Jarajara Community Health Unit,701547,41946
Fully-functional,Dujis Health Centre,Balambala,Balambala,Balambala,Garissa,Dujis Community Health Unit,701546,41946
Fully-functional,Daley Dispensary,Saka,Balambala,Balambala,Garissa,Daley Community Health Unit,701545,41948
Fully-functional,Kuno Dispensary,Balambala,Balambala,Balambala,Garissa,Kuno Community Health Unit,701544,41883
semi-functional,Kiraone Dispensary,Athiru Gaiti,Igembe South,Igembe South,Meru,Anjaru Health Community Health Unit,701543,41156
semi-functional,Nyambene District Hospital,Maua,Igembe South,Igembe South,Meru,Kaibu Health Community Health Unit,701542,42837
semi-functional,Nyambene District Hospital,Maua,Igembe South,Igembe South,Meru,Kithaene Health Community Health Unit,701541,41718
semi-functional,Nyambene District Hospital,Maua,Igembe South,Igembe South,Meru,Akurani Health Community Health Unit,701539,41897
semi-functional,Nyambene District Hospital,Maua,Igembe South,Igembe South,Meru,Kathima Health Community Health Unit,701538,41835
semi-functional,Gitura Dispensary,Maua,Igembe South,Igembe South,Meru,Kilalai Health Community Health Unit,701537,41360
semi-functional,Akachiu Health Centre,Kanuni,Igembe South,Igembe South,Meru,Antuambui Health Community Health Unit,701536,42655
Fully-functional,Handaro Dispensary,Sangailu,Ijara,Hulugho,Garissa,Wakabharey Community Health Unit,701535,40634
Fully-functional,Handaro Dispensary,Sangailu,Ijara,Hulugho,Garissa,Kordoi Community Health Unit,701534,41794
semi-functional,Bultohama Dispensary,Sangailu,Ijara,Hulugho,Garissa,Bultohama Community Health Unit,701533,41806
semi-functional,Jalish Dispensary,Sangailu,Ijara,Hulugho,Garissa,Jalish Community Health Unit,701532,42536
Fully-functional,Handaro Dispensary,Sangailu,Ijara,Hulugho,Garissa,Handaro Community Health Unit,701529,42536
Fully-functional,Hulugho Sub County Hospital,Hulugho,Ijara,Hulugho,Garissa,Lafageri Community Health Unit,701528,41808
Fully-functional,Hulugho Sub County Hospital,Hulugho,Ijara,Hulugho,Garissa,Shora Community Health Unit,701527,41800
Fully-functional,Hulugho Sub County Hospital,Hulugho,Ijara,Hulugho,Garissa,Gesireb Community Health Unit,701526,40676
Fully-functional,Akachiu Health Centre,Kanuni,Igembe South,Igembe South,Meru,Ikuu Community Health Unit,701523,42220
Fully-functional,Akachiu Health Centre,Kanuni,Igembe South,Igembe South,Meru,Amungenti Health Community Health Unit,701522,41643
semi-functional,Akachiu Health Centre,Kanuni,Igembe South,Igembe South,Meru,Athimba Health Community Health Unit,701521,42527
Fully-functional,Kianda Dispensary,Kanuni,Igembe South,Igembe South,Meru,Kianda Health Community Health Unit,701520,42098
Fully-functional,Ongo Health Centre,South Kamagambo,Rongo,Rongo,Migori,Kanyimach Community Health Unit,701519,40849
semi-functional,Kiegoi Health Centre,Kiegoi/Antubochiu,Igembe South,Igembe South,Meru,Itumi Community Health Unit,701518,41156
Fully-functional,Boige Health Centre,Boikanga,South Mugirango,South Mugirango,Kisii,Boige Community Health Unit (Duplicate),701516,41852
semi-functional,Kiegoi Health Centre,Kiegoi/Antubochiu,Igembe South,Igembe South,Meru,Mboone Community Health Unit,701515,40974
semi-functional,Kiegoi Health Centre,Kiegoi/Antubochiu,Igembe South,Igembe South,Meru,Lubuene Community Health Unit,701514,40973
semi-functional,Kiegoi Health Centre,Kiegoi/Antubochiu,Igembe South,Igembe South,Meru,Ngundune Community Health Unit,701513,40945
Fully-functional,Bangali Dispensary,Bangale,Bura,Bura,Tana River,Boka Wells Community Health Unit,701512,42823
Fully-functional,Bangali Dispensary,Bangale,Bura,Bura,Tana River,Bangali Community Health Unit,701511,41318
Fully-functional,Sombo Dispensary,Sala,Bura,Bura,Tana River,Sala Community Health Unit,701510,42809
Fully-functional,Sombo Dispensary,Sala,Bura,Bura,Tana River,Sombo Community Health Unit,701509,42768
Fully-functional,Sombo Dispensary,Sala,Bura,Bura,Tana River,Mororo Community Health Unit,701508,41325
Fully-functional,Mlanjo Dispensary,Madogo,Bura,Bura,Tana River,Konoramadha Community Health Unit,701507,42745
Fully-functional,Madogo Health Centre,Madogo,Bura,Bura,Tana River,Mlanjo Community Health Unit,701506,41402
Fully-functional,Madogo Health Centre,Madogo,Bura,Bura,Tana River,Maramtu Community Health Unit,701505,41402
Fully-functional,Madogo Health Centre,Madogo,Bura,Bura,Tana River,Madogo A. Community Health Unit,701504,41408
Fully-functional,Madogo Health Centre,Madogo,Bura,Bura,Tana River,Madogo B. Community Health Unit,701503,41402
Fully-functional,Charidende Dispensary (CDF),Chewele,Bura,Bura,Tana River,Dukanotu Community Health Unit,701502,41339
Fully-functional,Bura Sub county Hospital,Bura,Bura,Bura,Tana River,Bilbil Community Health Unit,701501,42804
Fully-functional,Nanighi Dispensary (Tana River),Chewele,Bura,Bura,Tana River,Nanighi Community Health Unit,701500,42774
Fully-functional,Chewele Dispensary,Chewele,Bura,Bura,Tana River,Chewele Community Health Unit,701499,41528
Fully-functional,Bura Sub county Hospital,Bura,Bura,Bura,Tana River,Sabukia Community Health Unit,701498,42740
Fully-functional,Meti Dispensary,Bura,Bura,Bura,Tana River,Meti Community Health Unit,701497,41654
Fully-functional,Bura Sub county Hospital,Bura,Bura,Bura,Tana River,Biskidera Community Health Unit,701496,41522
Fully-functional,Bura Sub county Hospital,Bura,Bura,Bura,Tana River,Bura Community Health Unit,701495,41886
semi-functional,Gakurwe Health Services,Gaturi,Kiharu,Kiharu,Muranga,Gakurwe Community Health Unit,701494,40068
semi-functional,Murang'a District Hospital,Township,Kiharu,Kiharu,Muranga,Kabwe Community Health Unit,701493,42853
semi-functional,Murang'a District Hospital,Township,Kiharu,Kiharu,Muranga,Mjini Community Health Unit,701492,42523
semi-functional,Mugeka Dispensary,Gaturi,Kiharu,Kiharu,Muranga,Nyakihai Community Health Unit,701491,42720
semi-functional,Kigetuini Dispensary,Gaturi,Kiharu,Kiharu,Muranga,Rurii Community Health Unit,701489,40245
Fully-functional,Naikara Health Centre,Naikarra,Narok West,Narok West,Narok,Naikara Community Health Unit,701488,40219
Fully-functional,Talek Health Centre,Mara,Narok West,Narok West,Narok,Talek Community Health Unit,701487,41654
Fully-functional,Olderkesi Dispensary,Naikarra,Narok West,Narok West,Narok,Oderkesi Community Health Unit,701486,41920
Fully-functional,Salabwek Dispensary,Mara,Narok West,Narok West,Narok,Salabwek Community Health Unit,701485,40918
Fully-functional,Baraka Hospital,Mara,Narok West,Narok West,Narok,Baraka Community Health Unit,701484,40954
Fully-functional,Archers Post Health Centre,Waso,Samburu East,Samburu East,Samburu,Lderkesi Community Health Unit,701483,41030
Fully-functional,Wamba Health Centre,Wamba East,Samburu East,Samburu East,Samburu,Lpashie Community Health Unit,701482,41456
non-functinoal,Kipnai Dispensary,Kolowa,Tiaty,East Pokot,Baringo,Kipnai Community Health Unit,701481,42251
non-functinoal,Nginyang Health Centre,Loiyamorok,Tiaty,Tiaty East,Baringo,Nginyang East Community Health Unit,701480,41830
non-functinoal,Chesirimion Dispensary,Loiyamorok,Tiaty,Tiaty East,Baringo,Chesirimion Community Health Unit,701479,41732
non-functinoal,Churo Health center,Churo/Amaya,Tiaty,Tiaty East,Baringo,Churo Community Health Unit,701478,42159
non-functinoal,Plesian Dispensary,Churo/Amaya,Tiaty,Tiaty East,Baringo,Plesian Community Health Unit,701477,42249
Fully-functional,Kanyakine District Hospital,Abogeta East,South Imenti,Imenti South,Meru,Yururu Community Health Unit,701476,42948
non-functinoal,Churo Health center,Churo/Amaya,Tiaty,Tiaty East,Baringo,Nangarwa Community Health Unit,701475,42193
Fully-functional,Kanyakine District Hospital,Abogeta East,South Imenti,Imenti South,Meru,Kanyakine Community Health Unit,701474,42948
Fully-functional,Mitunguu Dispensary,Mitunguu,South Imenti,Imenti South,Meru,Rwompo Community Health Unit,701473,42948
non-functinoal,Chemolingot District Hospital,Ribkwo,Tiaty,East Pokot,Baringo,Chesakam Community Health Unit,701471,42163
Fully-functional,Chemolingot District Hospital,Ribkwo,Tiaty,East Pokot,Baringo,Kotoron Community Health Unit,701470,41837
Fully-functional,Mitunguu Dispensary,Mitunguu,South Imenti,Imenti South,Meru,Kaurone Community Health Unit,701469,42948
Fully-functional,Kokwototo Dispensary,Tangulbei/Korossi,Tiaty,Tiaty East,Baringo,Kokwototo Community Health Unit,701468,41374
Fully-functional,Tangulbei Sub county,Tangulbei/Korossi,Tiaty,Tiaty East,Baringo,Tangulbei Community Health Unit,701467,41558
non-functinoal,Tangulbei Sub county,Tangulbei/Korossi,Tiaty,Tiaty East,Baringo,Kadokoi Community Health Unit,701466,41041
Fully-functional,Mikumbune Sub-District Hospital,Nkuene,South Imenti,Imenti South,Meru,Mikumbune Community Health Unit,701465,42860
semi-functional,Musingini Dispensary,Masinga Central,Masinga,Masinga,Machakos,Musingini Community Health Unit,701464,42769
semi-functional,Ekalakala Health Centre,Ekalakala,Masinga,Masinga,Machakos,Ekalakala Community Health Unit,701463,42552
semi-functional,Endei Dispensary,Kivaa,Masinga,Masinga,Machakos,Miangeni Community Health Unit Delete,701462,39904
semi-functional,Mukusu Dispensary,Masinga Central,Masinga,Masinga,Machakos,Mukusu Community Health Unit,701461,42446
Fully-functional,Ting'ang'a Dispensary,Ting'ang'a,Kiambu,Kiambu Town,Kiambu,Ndumberi Community Health Unit,701460,39448
semi-functional,Makongeni Dispensary,Kamenu,Thika Town,Thika Town,Kiambu,Kisii Community Health Unit,701459,42648
Fully-functional,Ngoliba Health Centre,Ngoliba,Thika Town,Thika Town,Kiambu,Gatiiguru Community Health Unit,701458,41185
semi-functional,Immaculate Heart of Mary Hospital,Gatuanyaga,Thika Town,Thika Town,Kiambu,Kilimambogo Community Health Unit,701457,42290
semi-functional,Makongeni Dispensary,Kamenu,Thika Town,Thika Town,Kiambu,Makongeni Community Health Unit,701456,42655
semi-functional,Makongeni Dispensary,Kamenu,Thika Town,Thika Town,Kiambu,Kiganjo Community Health Unit,701455,42227
Fully-functional,Chewani Dispensary,Chewani,Galole,Galole,Tana River,Kiarakungu Community Health Unit,701454,42736
Fully-functional,Mile 46 Health Centre,Iloodokilani,Kajiado West,Kajiado West,Kajiado,Mile 46 Community Health Unit,701453,42170
Fully-functional,Kalandini Health Centre,Matungulu West,Matungulu,Matungulu,Machakos,Kalandini Community Health Unit,701452,42657
Fully-functional,Sengani Dispensary,Tala,Matungulu,Matungulu,Machakos,Katine Community Health Unit,701451,42349
Fully-functional,Limuru Health Centre,Limuru Central,Limuru,Limuru,Kiambu,Murengeti Community Health Unit,701450,40344
Fully-functional,Rironi Health Centre,Limuru Central,Limuru,Limuru,Kiambu,Gatimu Community Health Unit,701449,40344
Fully-functional,Ndeiya Health Centre,Ndeiya,Limuru,Limuru,Kiambu,Mirithu Community Health Unit,701448,40330
Fully-functional,Sagante Dispensary,Sagante/Jaldesa,Saku,Saku,Marsabit,Sagante Community Health Unit,701447,41409
Fully-functional,Manyatta Jillo Health Centre,Sagante/Jaldesa,Saku,Saku,Marsabit,Manyatta Jillo Community Health Unit,701446,42077
Fully-functional,Songa Health Centre,Karare,Saku,Saku,Marsabit,Songa Community Health Unit,701445,42210
semi-functional,Kituruni Dispensary,Karare,Saku,Saku,Marsabit,Kituruni Community Health Unit,701444,42199
semi-functional,Karare Dispensary,Karare,Saku,Saku,Marsabit,Karare Community Health Unit,701443,41746
Fully-functional,Hulahula Dispensary,Karare,Saku,Saku,Marsabit,Hulahula Community Health Unit,701442,42290
Fully-functional,Dirib Gombo Dispensary,Sagante/Jaldesa,Saku,Saku,Marsabit,Dirib Gombo Community Health Unit,701441,42716
Fully-functional,Dakabaricha Dispensary,Marsabit Central,Saku,Saku,Marsabit,Dakabaricha Community Health Unit,701440,41753
Fully-functional,Boru Haro Model Health Centre,Sagante/Jaldesa,Saku,Saku,Marsabit,Boru Haro Community Health Unit,701439,41409
Fully-functional,Amugaa Health Centre,Thangatha,Tigania East,Tigania East,Meru,Chiriu Community Health Unit,701438,42384
Fully-functional,Badassa Dispensary,Sagante/Jaldesa,Saku,Saku,Marsabit,Badassa Community Health Unit,701437,41753
Fully-functional,Giithu Dispensary,Thangatha,Tigania East,Tigania East,Meru,Giithu Community Health Unit,701436,42383
Fully-functional,Igarii Dispensary,Thangatha,Tigania East,Tigania East,Meru,Nkandi Community Health Unit,701435,42353
Fully-functional,Igarii Dispensary,Thangatha,Tigania East,Tigania East,Meru,Igarii Community Health Unit,701434,42354
Fully-functional,Kunati Health Centre,Thangatha,Tigania East,Tigania East,Meru,Thuti Community Health Unit,701433,41534
Fully-functional,Mulika Dispensary,Mikinduri,Tigania East,Tigania East,Meru,Mutethia Community Health Unit,701432,42161
Fully-functional,Mikinduri Sub-District Hospial,Mikinduri,Tigania East,Tigania East,Meru,Athwana Community Health Unit,701431,42080
Fully-functional,Kiguchwa Dispensary,Kinguchwa,Tigania East,Tigania East,Meru,Kiguchwa Community Health Unit,701430,42160
Fully-functional,Kiguchwa Dispensary,Kinguchwa,Tigania East,Tigania East,Meru,Michiimikuru Community Health Unit,701429,42068
Fully-functional,Matabithi Dispensary,Muthara,Tigania East,Tigania East,Meru,Matabithi Community Health Unit,701428,42536
Fully-functional,Charuru Dispensary,Muthara,Tigania East,Tigania East,Meru,Antuanuu Community Health Unit,701427,42503
Fully-functional,Charuru Dispensary,Muthara,Tigania East,Tigania East,Meru,Thubuku Community Health Unit,701426,42506
Fully-functional,St. John of God Hospital Tigania,Muthara,Tigania East,Tigania East,Meru,Irotia Community Health Unit,701425,42506
Fully-functional,Lailuba Health Centre,Muthara,Tigania East,Tigania East,Meru,Lailuba Community Health Unit,701424,42054
Fully-functional,Karama Dispensary,Karama,Tigania East,Tigania East,Meru,Mbaranga Community Health Unit,701423,41746
Fully-functional,Karama Dispensary,Karama,Tigania East,Tigania East,Meru,Urru Community Health Unit,701422,42109
Fully-functional,Karama Dispensary,Karama,Tigania East,Tigania East,Meru,Mukuani Community Health Unit,701420,42056
Fully-functional,Karama Dispensary,Karama,Tigania East,Tigania East,Meru,Itundu Community Health Unit,701419,41687
semi-functional,Kamuthini Dispensary,Mukaa,Kilome,Kilome,Makueni,Kamuthini Community Health Unit,701418,42228
semi-functional,Lumu Dispensary,Kasikeu,Kilome,Kilome,Makueni,Lumu Community Health Unit,701417,42163
semi-functional,Sultan Hamud Sub County Hospital,Kasikeu,Kilome,Kilome,Makueni,Sultan Hamud Community Health Unit,701416,41918
semi-functional,Muua Dispensary,Kasikeu,Kilome,Kilome,Makueni,Wathini Community Health Unit,701415,41857
semi-functional,Mbiini Dispensary,Kasikeu,Kilome,Kilome,Makueni,Uvaleni Community Health Unit,701414,41806
semi-functional,Kaia Dispensary,Kilungu,Kaiti,Kaiti,Makueni,Kaia Community Health Unit,701413,42507
semi-functional,Mwaani Dispensary,Ilima,Kaiti,Kaiti,Makueni,Mwaani Community Health Unit,701412,42170
semi-functional,AIC Mukaa Dispensary,Mukaa,Kilome,Kilome,Makueni,Aic Mukaa Community Health Unit,701411,41437
Fully-functional,Kamiruri Dispensery,Central,Ndaragwa,Ndaragwa,Nyandarua,Kamiruri (Ndaragwa) Community Health Unit,701410,42675
Fully-functional,Tigoni District Hospital,Ngecha Tigoni,Limuru,Limuru,Kiambu,Lokati Community Health Unit,701409,41136
Fully-functional,Tigoni District Hospital,Ngecha Tigoni,Limuru,Limuru,Kiambu,Kiawaroga Community Health Unit,701408,41075
Fully-functional,Lang'ata Health Centre (Ruiru),Kiuu,Ruiru,Ruiru,Kiambu,Kwa Ngara Community Health Unit,701407,41073
Fully-functional,Kivuuni Dispensary,Mbitini,Kitui Rural,Kitui Rural,Kitui,Kivuuni Community Health Unit,701406,42916
Fully-functional,Githunguri Health Centre (Ruiru),Biashara,Ruiru,Ruiru,Kiambu,Gitothua Community Health Unit,701405,40247
Fully-functional,Karama Dispensary,Karama,Tigania East,Tigania East,Meru,Antuanduru Community Health Unit,701404,41681
Fully-functional,Bomu Medical Hospital (Changamwe),Port Reitz,Changamwe,Changamwe,Mombasa,Bomu Community Health Unit,701402,40060
Fully-functional,Keragia Health Centre,Boochi/Tendere,Bomachoge Chache,Bomachoge Chache,Kisii,Keragia Community Health Unit,701401,41169
Fully-functional,Bobaracho,Bobaracho,Nyaribari Chache,Nyaribari Chache,Kisii,Bobaracho Community Health Unit,701400,39965
Fully-functional,Sengera Health Centre (Gucha),Bosoti/Sengera,Bomachoge Chache,Bomachoge Chache,Kisii,Nyaisero Community Health Unit,701399,41171
Fully-functional,KSDH,Keumbu,Nyaribari Chache,Nyaribari Chache,Kisii,Bomwagi Community Health Unit,701398,39995
Fully-functional,Nyamemiso Dispensary,Bobaracho,Nyaribari Chache,Nyaribari Chache,Kisii,Nyamemiso Community Health Unit,701397,40360
Fully-functional,Nyanko,Bobaracho,Nyaribari Chache,Nyaribari Chache,Kisii,Nyanko Community Health Unit,701396,40422
Fully-functional,Ibeno,Ibeno,Nyaribari Chache,Nyaribari Chache,Kisii,Kirwa Community Health Unit,701395,40087
Fully-functional,Moogi Dispensary,Bosoti/Sengera,Bomachoge Chache,Bomachoge Chache,Kisii,Onseka Community Health Unit,701393,41914
semi-functional,Gucha Sub County Referral Hospital,Boochi/Tendere,Bomachoge Chache,Bomachoge Chache,Kisii,Mangere Community Health Unit,701392,41158
Fully-functional,Mmangani Dispensary,Kakuyuni,Malindi,Malindi,Kilifi,Malimo Community Health Unit,701391,41766
Fully-functional,Kakuyuni Dispensary (Malindi),Kakuyuni,Malindi,Malindi,Kilifi,Kakuyuni Community Health Unit,701390,41859
Fully-functional,Muyeye Health Centre (Municipal),Shella,Malindi,Malindi,Kilifi,Central Community Health Unit,701389,42285
Fully-functional,Muyeye Health Centre (Municipal),Shella,Malindi,Malindi,Kilifi,Shella Community Health Unit,701388,42191
Fully-functional,Gathambi Health Centre,Mukure,Ndia,Kirinyaga West,Kirinyaga,Muragara Community Health Unit,701387,41821
Fully-functional,Muyeye Health Centre (Municipal),Shella,Malindi,Malindi,Kilifi,Barani Community Health Unit,701386,42278
Fully-functional,Mikindani (MCM) Dispensary,Mikindani,Jomvu,Jomvu,Mombasa,Bangaladesh Community Health Unit,701384,39906
Fully-functional,Jomvu Model Health Centre,Jomvu Kuu,Jomvu,Jomvu,Mombasa,Allidina Community Health Unit,701383,39848
Fully-functional,Mulunguni Dispensary,Marafa,Magarini,Magarini,Kilifi,Dakacha Community Health Unit,701382,42549
Fully-functional,Gandini Dispensary,Garashi,Magarini,Magarini,Kilifi,Gandini Community Health Unit,701381,40181
Fully-functional,Adu Dispensary,Adu,Magarini,Magarini,Kilifi,Kadzandani Community Health Unit,701380,41136
non-functinoal,Katheri Health Centre,Abothuguchi West,Central Imenti,Imenti Central,Meru,Katheri Community Health Unit,701379,42628
Fully-functional,Kitungati Dispensary,Mbitini,Kitui Rural,Kitui Rural,Kitui,Kitungati Community Health Unit,701378,42916
Fully-functional,Maliku Health Centre,Kisasi,Kitui Rural,Kitui Rural,Kitui,Maliku Community Health Unit,701377,42916
Fully-functional,Yatta Health Centre,Kwavonza/Yatta,Kitui Rural,Kitui Rural,Kitui,Nyanyaa/Ndunguni Community Health Unit,701376,42916
Fully-functional,Yatta Health Centre,Kwavonza/Yatta,Kitui Rural,Kitui Rural,Kitui,Makusya Community Health Unit,701375,42916
semi-functional,Oruba Dispensary,Ragana-oruba,Suna West,Suna West,Migori,Oruba Nyangubo 3 Community Health Unit,701374,42948
semi-functional,Magacha Dispensary,Wiga,Suna West,Suna West,Migori,Magacha Community Health Unit,701373,42948
Fully-functional,Kopanga Dispensary (CHAK),Wasimbete,Suna West,Suna West,Migori,Kopanga Community Health Unit,701372,42064
Fully-functional,Arombe Dispensary,Wiga,Suna West,Suna West,Migori,Nyasoko Community Health Unit,701371,42156
Fully-functional,Oruba Dispensary,Ragana-oruba,Suna West,Suna West,Migori,Oruba 11 Community Health Unit,701370,42614
Fully-functional,Oruba Dispensary,Ragana-oruba,Suna West,Suna West,Migori,Oruba 1 Community Health Unit,701369,42249
Fully-functional,Masaria Dispensary,Wasimbete,Suna West,Suna West,Migori,Mubachi Community Health Unit,701368,42186
Fully-functional,Nyamaraga Sub County Hospital,Wasimbete,Suna West,Suna West,Migori,Nyamaraga Community Health Unit,701367,42186
Fully-functional,Suba medical center,Waseweta II,Suna West,Suna West,Migori,Sagero Community Health Unit,701366,42186
Fully-functional,Suba medical center,Waseweta II,Suna West,Suna West,Migori,Wasweta 11 Community Health Unit,701365,42186
Fully-functional,Arombe Dispensary,Wiga,Suna West,Suna West,Migori,Masara Community Health Unit,701364,42430
Fully-functional,Nyamilu Dispensary,Waseweta II,Suna West,Suna West,Migori,Nyamilu Community Health Unit,701363,42552
Fully-functional,Arombe Dispensary,Wiga,Suna West,Suna West,Migori,Arombe B Community Health Unit,701362,42795
Fully-functional,Loboi Dispensary,Mochongoi,Baringo South,Marigat,Baringo,Loboi Community Health Unit,701361,41738
Fully-functional,Kampi Samaki Health Centre,Iichamus,Baringo South,Marigat,Baringo,Kampi Ya Samaki Community Health Unit,701359,41708
Fully-functional,Koriema Dispensary,Marigat,Baringo South,Marigat,Baringo,Koriema Community Health Unit,701358,41708
semi-functional,Kiviu Dispensary,Miambani,Kitui Central,Kitui Central,Kitui,Nzaaya Community Health Unit,701357,42795
semi-functional,Miambani Health Centre,Miambani,Kitui Central,Kitui Central,Kitui,Munganga Community Health Unit,701356,42795
semi-functional,Mutukya Dispensary,Miambani,Kitui Central,Kitui Central,Kitui,Mutula/Mutukya Community Health Unit,701355,42795
Fully-functional,Katyethoka Health Centre,Mutha,Kitui South,Kitui South,Kitui,Nzamba Community Health Unit,701354,42915
Fully-functional,Kyoani Dispensary,Ikutha,Kitui South,Kitui South,Kitui,Kiangu Community Health Unit,701353,42915
Fully-functional,Kunyak Dispensary,Kunyak,Kipkelion West,Kipkelion West,Kericho,Kotetni Community Health Unit,701352,42436
Fully-functional,Kunyak Dispensary,Kunyak,Kipkelion West,Kipkelion West,Kericho,Kapias Community Health Unit,701351,42065
Fully-functional,Kunyak Dispensary,Kunyak,Kipkelion West,Kipkelion West,Kericho,Chelele Community Health Unit,701350,42373
Fully-functional,Lelechwet Dispensary (Kipkelion),Kamasian,Kipkelion West,Kipkelion West,Kericho,Morau Community Health Unit,701349,42408
Fully-functional,Lelechwet Dispensary (Kipkelion),Kamasian,Kipkelion West,Kipkelion West,Kericho,Tingatela Community Health Unit,701348,42373
Fully-functional,Miluki Dispensary,Siboti,Bumula,Bumula,Bungoma,Kisawayi B Community Health Unit,701347,42018
Fully-functional,Mwomo Dispensary,West Bukusu,Bumula,Bumula,Bungoma,Lwanja Community Health Unit,701346,40028
Fully-functional,Khasoko Health Centre,Khasoko,Bumula,Bumula,Bungoma,Mungore Community Health Unit,701345,41800
Fully-functional,Khasoko Health Centre,Khasoko,Bumula,Bumula,Bungoma,Namatotoa B Community Health Unit,701344,42012
Fully-functional,Khasoko Health Centre,Khasoko,Bumula,Bumula,Bungoma,Namatotoa A Community Health Unit,701343,41106
Fully-functional,Kibuke Dispensary,West Bukusu,Bumula,Bumula,Bungoma,Mayanja Kibuke Community Health Unit,701342,41101
Fully-functional,Kibuke Dispensary,West Bukusu,Bumula,Bumula,Bungoma,Ng'oli Community Health Unit,701341,41106
Fully-functional,Lunakwe Dispensary,South Bukusu,Bumula,Bumula,Bungoma,Lumboka C Community Health Unit,701340,41655
Fully-functional,Lunakwe Dispensary,South Bukusu,Bumula,Bumula,Bungoma,Lumboka B Community Health Unit,701338,41834
Fully-functional,Lunakwe Dispensary,South Bukusu,Bumula,Bumula,Bungoma,Lumboka A Community Health Unit,701337,41100
Fully-functional,Lunakwe Dispensary,South Bukusu,Bumula,Bumula,Bungoma,Mateka Community Health Unit,701336,41801
Fully-functional,Kimaeti Health Centre,Kimaeti,Bumula,Bumula,Bungoma,Nakhwana B Community Health Unit,701335,41835
Fully-functional,Kimaeti Health Centre,Kimaeti,Bumula,Bumula,Bungoma,Syombe B Community Health Unit,701334,41823
Fully-functional,Kimaeti Health Centre,Kimaeti,Bumula,Bumula,Bungoma,Bitobo B Community Health Unit,701333,42045
Fully-functional,Kimaeti Health Centre,Kimaeti,Bumula,Bumula,Bungoma,Bitobo A Community Health Unit,701332,41556
Fully-functional,Kitabisi Dispensary,Kimaeti,Bumula,Bumula,Bungoma,Khasolo B Community Health Unit,701331,41828
Fully-functional,Kitabisi Dispensary,Kimaeti,Bumula,Bumula,Bungoma,Khasolo A Community Health Unit,701330,41100
Fully-functional,Miluki Dispensary,Siboti,Bumula,Bumula,Bungoma,Kisawayi A Community Health Unit,701329,41822
Fully-functional,Siboti Health Centre,Siboti,Bumula,Bumula,Bungoma,Siboti B Community Health Unit,701328,41891
Fully-functional,Siboti Health Centre,Siboti,Bumula,Bumula,Bungoma,Musakasa B Community Health Unit,701326,41899
Fully-functional,Siboti Health Centre,Siboti,Bumula,Bumula,Bungoma,Musakasa A Community Health Unit,701325,41800
Fully-functional,Miluki Dispensary,Siboti,Bumula,Bumula,Bungoma,Mukwa B Community Health Unit,701324,41885
Fully-functional,Kabula Health Centre,Kabula,Bumula,Bumula,Bungoma,Naburereya Community Health Unit,701323,42019
Fully-functional,Kabula Health Centre,Kabula,Bumula,Bumula,Bungoma,Kabula B Community Health Unit,701322,41897
Fully-functional,Kabula Health Centre,Kabula,Bumula,Bumula,Bungoma,Watoya B Community Health Unit,701320,41892
Fully-functional,Kabula Health Centre,Kabula,Bumula,Bumula,Bungoma,Watoya A Community Health Unit,701319,41009
Fully-functional,Nasianda Health Centre,Bumula,Bumula,Bumula,Bungoma,Nasianda Community Health Unit,701318,42020
Fully-functional,Nasianda Health Centre,Bumula,Bumula,Bumula,Bungoma,Kimatuni B Community Health Unit,701317,42019
Fully-functional,Bumula Sub County Hospital,Bumula,Bumula,Bumula,Bungoma,Lunao Community Health Unit,701316,41075
Fully-functional,Bumula Sub County Hospital,Bumula,Bumula,Bumula,Bungoma,Bumula B Community Health Unit,701315,41260
Fully-functional,Kalanga Dispensary,Nguni,Mwingi Central,Mwingi Central,Kitui,Mbuvu Community Health Unit,701314,42829
Fully-functional,Mukuru Health Centre,Imara Daima,Embakasi South,Embakasi South,Nairobi,Kwapi 2 Community Health Unit,701312,42895
Fully-functional,Mukuru Health Centre,Imara Daima,Embakasi South,Embakasi South,Nairobi,Sisal B Community Health Unit,701311,42895
Fully-functional,Mukuru Health Centre,Imara Daima,Embakasi South,Embakasi South,Nairobi,Moto Moto B Community Health Unit,701310,42894
Fully-functional,Mukuru Health Centre,Imara Daima,Embakasi South,Embakasi South,Nairobi,Mcc Community Health Unit,701309,42893
Fully-functional,Mukuru Health Centre,Imara Daima,Embakasi South,Embakasi South,Nairobi,Riara B Community Health Unit,701308,42893
Fully-functional,Mukuru Health Centre,Imara Daima,Embakasi South,Embakasi South,Nairobi,Riara A Community Health Unit,701307,42892
Fully-functional,Mukuru Mmm Clinic,Kwa Njenga,Embakasi South,Embakasi South,Nairobi,Vietnam B Community Health Unit,701306,42892
Fully-functional,Mukuru Mmm Clinic,Kwa Njenga,Embakasi South,Embakasi South,Nairobi,Vietnam A Community Health Unit,701305,42891
Fully-functional,Reuben Mukuru Health Centre,Kwa Reuben,Embakasi South,Embakasi South,Nairobi,Gatope Community Health Unit,701304,42892
Fully-functional,Reuben Mukuru Health Centre,Kwa Reuben,Embakasi South,Embakasi South,Nairobi,Simba Cool Community Health Unit,701303,42891
Fully-functional,Reuben Mukuru Health Centre,Kwa Reuben,Embakasi South,Embakasi South,Nairobi,Mombasa Community Health Unit,701302,42891
Fully-functional,Reuben Mukuru Health Centre,Kwa Reuben,Embakasi South,Embakasi South,Nairobi,Bins Feed Community Health Unit,701301,42891
Fully-functional,Reuben Mukuru Health Centre,Kwa Reuben,Embakasi South,Embakasi South,Nairobi,Gateway Community Health Unit,701300,42891
Fully-functional,Reuben Mukuru Health Centre,Kwa Reuben,Embakasi South,Embakasi South,Nairobi,Diamond Community Health Unit,701299,42888
Fully-functional,Reuben Mukuru Health Centre,Kwa Reuben,Embakasi South,Embakasi South,Nairobi,Falcon A Community Health Unit,701298,42887
Fully-functional,Mukuru Health Centre,Imara Daima,Embakasi South,Embakasi South,Nairobi,Railways Community Health Unit,701297,42887
Fully-functional,Reuben Mukuru Health Centre,Kwa Reuben,Embakasi South,Embakasi South,Nairobi,Rurii Community Health Unit,701296,42858
Fully-functional,City Jacaranda SDA Church Clinic,Lower Savannah,Embakasi East,Embakasi East,Nairobi,Vuka Community Health Unit,701295,42858
Fully-functional,Embakasi Health Centre,Embakasi,Embakasi East,Embakasi East,Nairobi,Tassia 2 Community Health Unit,701294,42858
Fully-functional,Embakasi Health Centre,Embakasi,Embakasi East,Embakasi East,Nairobi,Tassia 1 Community Health Unit,701293,42858
non-functinoal,Kenegut Dispensary,Kapsoit,Ainamoi,Ainamoi,Kericho,Kenegut Community Health Unit,701292,42037
non-functinoal,GK Prisons Dispensary (Kericho),Kapkugerwet,Ainamoi,Ainamoi,Kericho,Matobo Community Health Unit,701291,42037
semi-functional,Kanzui Dispensary,Kivou,Mwingi Central,Mwingi Central,Kitui,Kanzui Community Health Unit,701290,42828
semi-functional,Mathuki Health Centre,Mui,Mwingi Central,Mwingi Central,Kitui,Kitise Community Health Unit,701289,42828
semi-functional,Mwingi Sub County Hospital,Central,Mwingi Central,Mwingi Central,Kitui,Mwingi Central Community Health Unit,701288,42828
semi-functional,Kanyunga Health Centre,Kivou,Mwingi Central,Mwingi Central,Kitui,Kivou Community Health Unity,701287,42828
Fully-functional,Kathungi Dispensary,Mulango,Kitui Central,Kitui Central,Kitui,Kathungi Community Health Unit,701286,42795
Fully-functional,Katulani Sub County Hospital (Kitui),Mulango,Kitui Central,Kitui Central,Kitui,Katulani Community Health Unit,701285,42795
Fully-functional,Yakalia Dispensary,Mulango,Kitui Central,Kitui Central,Kitui,Kwa Muli Community Health Unit,701284,42795
Fully-functional,Ungaatu Dispensary,Kisasi,Kitui Rural,Kitui Rural,Kitui,Mukameni/Nguuni/Unga'tu Community Health Unit,701283,42916
Fully-functional,Kathome Health Centre,Kwavonza/Yatta,Kitui Rural,Kitui Rural,Kitui,Kawongo/Nthongoni Community Health Unit,701282,42916
Fully-functional,Ilika Dispensary,Kwavonza/Yatta,Kitui Rural,Kitui Rural,Kitui,Ilika Community Health Unit,701281,42916
Closed,Bahati Community Hospital,Umoja I,Embakasi West,Embakasi West,Nairobi,Hi Community Health Unit (Delete),701280,42898
Fully-functional,Mutitu Sub County Hospital,Mutitu/Kaliku,Kitui East,Kitui East,Kitui,Kitoo Community Health Unit,701279,42887
Fully-functional,Kaliku Dispensary,Mutitu/Kaliku,Kitui East,Kitui East,Kitui,Kawala/Kavutei Community Health Unit,701278,42887
Fully-functional,Mutitu Sub County Hospital,Mutitu/Kaliku,Kitui East,Kitui East,Kitui,Kyaimu/Itiko Community Health Unit,701277,42887
Fully-functional,Mutitu Sub County Hospital,Mutitu/Kaliku,Kitui East,Kitui East,Kitui,Manyoeni/Masasini Community Health Unit,701276,42887
Fully-functional,Yoonye Dispensary,Mutitu/Kaliku,Kitui East,Kitui East,Kitui,Musukini Community Health Unit,701275,42887
Fully-functional,Endau Dispensary,Endau/Malalani,Kitui East,Kitui East,Kitui,Yiuku/Kathua Community Health Unit,701273,42887
Fully-functional,Endau Dispensary,Endau/Malalani,Kitui East,Kitui East,Kitui,Ndetani Community Health Unit,701272,42887
Fully-functional,Malalani Health Centre,Endau/Malalani,Kitui East,Kitui East,Kitui,Katumi/Koi Of Twambui Community Health Unit,701271,42887
Fully-functional,Malalani Health Centre,Endau/Malalani,Kitui East,Kitui East,Kitui,Twambui/Makuka Community Health Unit,701270,42887
Fully-functional,Voo Health Centre,Voo/Kyamatu,Kitui East,Kitui East,Kitui,Kasasi Community Health Unit,701269,42887
Fully-functional,Voo Health Centre,Voo/Kyamatu,Kitui East,Kitui East,Kitui,Nzunguni Community Health Unit,701268,42887
Fully-functional,Kyamatu Dispensary,Voo/Kyamatu,Kitui East,Kitui East,Kitui,Kyamatu Community Health Unit,701267,42887
Fully-functional,Muthungue Dispensary,Voo/Kyamatu,Kitui East,Kitui East,Kitui,Muthungue Community Health Unit,701266,42887
Fully-functional,Kinakoni Dispensary,Voo/Kyamatu,Kitui East,Kitui East,Kitui,Imale Community Health Unit,701265,42887
Fully-functional,Kyenini Dispensary,Tseikuru,Mwingi North,Mwingi North,Kitui,Kyaango Community Health Unit,701264,42887
Fully-functional,Nzangathi Health Centre,Chuluni,Kitui East,Kitui East,Kitui,Ithumula Community Health Unit,701263,42887
Fully-functional,Nzangathi Health Centre,Chuluni,Kitui East,Kitui East,Kitui,Kyalele Community Health Unit,701262,42887
Fully-functional,Katumbu Dispensary,Chuluni,Kitui East,Kitui East,Kitui,Kanduti Community Health Unit,701261,42887
Fully-functional,Inyuu Health Centre,Zombe/Mwitika,Kitui East,Kitui East,Kitui,Ngungi Community Health Unit,701260,42887
Fully-functional,Inyuu Health Centre,Zombe/Mwitika,Kitui East,Kitui East,Kitui,Kenze Community Health Unit,701259,42887
Fully-functional,Inyuu Health Centre,Zombe/Mwitika,Kitui East,Kitui East,Kitui,Kyanzai Community Health Unit,701258,42887
Fully-functional,Ikuyuni Dispensary,Nzambani,Kitui East,Kitui East,Kitui,Kangweni Community Health Unit,701257,42887
Fully-functional,Yanzuu Health Centre,Nzambani,Kitui East,Kitui East,Kitui,Ikuyuni Community Health Unit,701256,42887
Fully-functional,Chuluni Health Centre,Nzambani,Kitui East,Kitui East,Kitui,Kilonzo Community Health Unit,701255,42887
Fully-functional,Kakungu Dispensary,Nzambani,Kitui East,Kitui East,Kitui,Kavalula/Ngengi Community Health Unit,701254,42887
Fully-functional,Kakungu Dispensary,Nzambani,Kitui East,Kitui East,Kitui,Kyanika/Mwembe Community Health Unit,701253,42887
Fully-functional,Kikuu Dispensary,Zombe/Mwitika,Kitui East,Kitui East,Kitui,Kikuu Community Health Unit,701252,42887
Fully-functional,Makongo Dispensary,Zombe/Mwitika,Kitui East,Kitui East,Kitui,Makongo/Kavingo Community Health Unit,701251,42887
Fully-functional,Mwitika Health Centre,Zombe/Mwitika,Kitui East,Kitui East,Kitui,Ilaa/Katikoni Community Health Unit,701250,42887
Fully-functional,Rang'ul Dispensary,North Nyakach,Nyakach,Nyakach,Kisumu,Kasaye Community Health Unit,701249,42376
Fully-functional,Nehemiah International Dispensary,Miwani,Muhoroni,Muhoroni,Kisumu,Miwani Central Community Health Unit,701248,37350
Fully-functional,Kavisuni Dispensary,Kisasi,Kitui Rural,Kitui Rural,Kitui,Kavisuni Community Health Unit,701247,42916
Fully-functional,Kisasi Health Centre (Kitui Rural),Kisasi,Kitui Rural,Kitui Rural,Kitui,Masimbini Community Health Unit,701246,42916
semi-functional,Mbitini Health Centre,Mbitini,Kitui Rural,Kitui Rural,Kitui,Kivuuni Community Health Unit,701245,42916
Fully-functional,Mbusyani Dispensary,Kisasi,Kitui Rural,Kitui Rural,Kitui,Mbusyani Community Health Unit,701244,42916
Fully-functional,Ngiluni Dispensary (Kitui Rural),Kisasi,Kitui Rural,Kitui Rural,Kitui,Ngiluni Community Health Unit,701243,42916
Fully-functional,Mosa Dispensary,Kisasi,Kitui Rural,Kitui Rural,Kitui,Mosa Community Health Unit,701242,42916
semi-functional,Kanyangi Sub County Hospital,Kanyangi,Kitui Central,Kitui Rural,Kitui,Nzambia Community Health Unit,701241,42916
Fully-functional,Kalulini Health Centre,Kanyangi,Kitui Central,Kitui Rural,Kitui,Kalulini Community Health Unit (Kitui Rural),701240,42916
semi-functional,Kiseuni Dispensary (Kitui Rural),Kanyangi,Kitui Central,Kitui Rural,Kitui,Kiseuni Community Health Unit (Kitui Rural),701239,42916
Fully-functional,Kanyongonyo Dispensary,Kanyangi,Kitui Central,Kitui Rural,Kitui,Kanyongonyo Community Health Unit,701238,42916
Fully-functional,Kwa Vonza Dispensary,Kwavonza/Yatta,Kitui Rural,Kitui Rural,Kitui,Kwa Vonza Community Health Unit,701237,42916
Fully-functional,Kwa Vonza Dispensary,Kwavonza/Yatta,Kitui Rural,Kitui Rural,Kitui,Kanyonyoo Community Health Unit,701236,42916
semi-functional,Kanyangi Sub County Hospital,Kanyangi,Kitui Central,Kitui Rural,Kitui,Kitooni Community Health Unit,701235,42916
semi-functional,Mathyakani Dispensary,Central,Mwingi Central,Mwingi Central,Kitui,Mathyakani Community Health Unit,701234,42828
semi-functional,Kyalilini Dispensary,Kyangwithya East,Kitui Central,Kitui Central,Kitui,Ivaini Community Health Unit,701233,42920
Fully-functional,Malkamari Health Centre (Malkamari),Malkamari,Banissa,Banissa,Mandera,Guba Community Health Unit,701232,42644
Fully-functional,Derkale Dispensary,Derkhale,Banissa,Banissa,Mandera,Derkhale Community Health Unit,701231,42644
Fully-functional,Eymole Health Centre (Kilwehiri),Kilwehiri,Banissa,Banissa,Mandera,Eymole Community Health Unit,701230,42644
Fully-functional,Kiliweheri Health Centre,Kilwehiri,Banissa,Banissa,Mandera,Kiliwehiri Community Health Unit,701229,42644
semi-functional,Kasyala Health Centre,Kyangwithya East,Kitui Central,Kitui Central,Kitui,Mutune Community Health Unit,701228,42919
semi-functional,Mulundi Dispensary,Kyangwithya East,Kitui Central,Kitui Central,Kitui,Mulundi Community Health Unit,701227,42919
semi-functional,Kabaa Dispensary,Kyangwithya East,Kitui Central,Kitui Central,Kitui,Kalawa/Kabaa Community Health Unit,701226,42919
semi-functional,Syongila Dispensary,Township,Kitui Central,Kitui Central,Kitui,Kaveta Community Health Unit,701225,42919
semi-functional,Syongila Dispensary,Township,Kitui Central,Kitui Central,Kitui,Katyethoka/Ngiini Community Health Unit,701224,42919
semi-functional,GK Prison Dispensary (Kitui),Township,Kitui Central,Kitui Central,Kitui,Kalundu Community Health Unit,701223,42919
semi-functional,Kitui County Referral Hospital,Township,Kitui Central,Kitui Central,Kitui,Town Community Health Unit,701222,42919
semi-functional,Wii Dispensary,Mulango,Kitui Central,Kitui Central,Kitui,Mbusyani Community Health Unit,701221,42920
semi-functional,Kitui County Referral Hospital,Township,Kitui Central,Kitui Central,Kitui,Wikililye Community Health Unit,701220,42920
Fully-functional,Museve Dispensary,Kyangwithya East,Kitui Central,Kitui Central,Kitui,Museve Community Health Unit,701219,42920
semi-functional,Nzunguni Dispensary,Kyangwithya East,Kitui Central,Kitui Central,Kitui,Misewani Community Health Unit,701218,42920
semi-functional,Kyambiti Dispensary,Mulango,Kitui Central,Kitui Central,Kitui,Kyambiti Community Health Unit,701217,42920
semi-functional,Kyangunga Health Centre,Mulango,Kitui Central,Kitui Central,Kitui,Kyangunga Community Health Unit,701216,42920
semi-functional,Wii Dispensary,Mulango,Kitui Central,Kitui Central,Kitui,Wii Community Health Unit,701215,42920
semi-functional,Tungutu Health Centre,Kyangwithya West,Kitui Central,Kitui Central,Kitui,Tungutu Community Health Unit,701214,42920
semi-functional,Itoleka Dispensary,Kyangwithya West,Kitui Central,Kitui Central,Kitui,Itoleka Community Health Unit,701213,42920
semi-functional,Mulutu Mission Dispensary,Kyangwithya West,Kitui Central,Kitui Central,Kitui,Mulutu/Unyaa Community Health Unit,701212,42919
semi-functional,Ndumoni Dispensary,Kyangwithya West,Kitui Central,Kitui Central,Kitui,Kyamathyaka/Nduumoni/Tiva Community Health Unit,701211,42919
semi-functional,Muvuko Dispensary,Mutomo,Kitui South,Kitui South,Kitui,Kitoo Community Health Unit,701210,42915
semi-functional,Mwengea Dispensary,Mutomo,Kitui South,Kitui South,Kitui,Kawelu Community Health Unit,701209,42915
semi-functional,Muamba Dispensary,Mutomo,Kitui South,Kitui South,Kitui,Kibwea Community Health Unit,701208,42915
semi-functional,Mutomo Sub County Hospital,Mutomo,Kitui South,Kitui South,Kitui,Mwala Community Health Unit,701207,42915
semi-functional,Kyatune Health Centre,Ikanga/Kyatune,Kitui South,Kitui South,Kitui,Kyatune Community Health Unit,701206,42915
semi-functional,Nduu Ndune Dispensary,Ikanga/Kyatune,Kitui South,Kitui South,Kitui,"Ilusya,Nduu Ndune,Kwa Song'e Community Health Unit",701205,42915
semi-functional,Ndatani Dispensary,Ikanga/Kyatune,Kitui South,Kitui South,Kitui,Vote Ndatani Community Health Unit,701204,42915
semi-functional,Muvuko Dispensary,Mutomo,Kitui South,Kitui South,Kitui,Maiini Ngaw'uni Community Health Unit,701203,42915
semi-functional,Mutha Health Centre,Mutha,Kitui South,Kitui South,Kitui,Kalia Katune Community Health Unit,701202,42915
semi-functional,Katyethoka Health Centre,Mutha,Kitui South,Kitui South,Kitui,Isaa Community Health Unit,701201,42915
semi-functional,Katyethoka Health Centre,Mutha,Kitui South,Kitui South,Kitui,Kivyuni Kiimani Community Health Unit,701200,42915
semi-functional,Mutha Health Centre,Mutha,Kitui South,Kitui South,Kitui,Ngaani Community Health Unit,701199,42915
semi-functional,Ndakani Dispensary,Mutha,Kitui South,Kitui South,Kitui,Ndakani Community Health Unit,701198,42915
semi-functional,Kalambani Dispensary,Mutha,Kitui South,Kitui South,Kitui,Kalambani Kaatene Community Health Unit,701197,42915
semi-functional,Mwengea Dispensary,Mutomo,Kitui South,Kitui South,Kitui,Kengo Kiati Mwengea Community Health Unit,701196,42915
semi-functional,Ndiuni Health Centre,Kwamutonga/Kithumula,Kitui West,Kitui West,Kitui,Kasaini Community Health Unit,701195,42919
semi-functional,Kwa Mulungu Dispensary,Kwamutonga/Kithumula,Kitui West,Kitui West,Kitui,Kwa Mulungu Community Health Unit,701194,42919
semi-functional,Kakeani Health Centre,Mutongoni,Kitui West,Kitui West,Kitui,Kakeani Community Health Unit,701193,42919
semi-functional,Nzinia Dispensary,Mutongoni,Kitui West,Kitui West,Kitui,Mutonguni Community Health Unit,701192,42919
semi-functional,Tulia Health Centre,Mutongoni,Kitui West,Kitui West,Kitui,Mithini Community Health Unit,701191,42919
semi-functional,Syathani (Kyathani) Dispensary,Mutongoni,Kitui West,Kitui West,Kitui,Musengo Community Health Unit,701190,42919
semi-functional,Muthale Mission Hospital,Mutongoni,Kitui West,Kitui West,Kitui,Kangondi Community Health Unit,701189,42919
semi-functional,Ndiuni Health Centre,Kwamutonga/Kithumula,Kitui West,Kitui West,Kitui,Kithumula Community Health Unit,701188,42919
semi-functional,Mithikwani Dispensary,Kwamutonga/Kithumula,Kitui West,Kitui West,Kitui,Mithikwani Community Health Unity,701187,42919
semi-functional,Kwa Mutonga Health Centre,Kwamutonga/Kithumula,Kitui West,Kitui West,Kitui,Mutonga Community Health Unit,701186,42919
semi-functional,Maseki Dispensary-Kitui West,Matinyani,Kitui West,Kitui West,Kitui,Kathuma Community Health Unit,701185,42919
semi-functional,Kauma Health Centre,Matinyani,Kitui West,Kitui West,Kitui,Kauma/ Musosya Community Health Unit,701184,42919
semi-functional,Matinyani Health Centre,Matinyani,Kitui West,Kitui West,Kitui,Katheuni/Kaliakatya Community Health Unit,701183,42919
semi-functional,Kyondoni Dispensary,Kauwi,Kitui West,Kitui West,Kitui,Kyondoni Community Health Unit,701182,42919
semi-functional,Maseki Dispensary-Kitui West,Matinyani,Kitui West,Kitui West,Kitui,Maseki Community Health Unit,701181,42919
semi-functional,Kalimani Disensary,Matinyani,Kitui West,Kitui West,Kitui,Kalimani Community Health Unit,701180,42919
semi-functional,Katutu Health Centre,Kauwi,Kitui West,Kitui West,Kitui,Katutu Community Health Unit,701179,42919
semi-functional,Katutu Health Centre,Kauwi,Kitui West,Kitui West,Kitui,Kyenge Community Health Unit,701178,42919
semi-functional,Mutanda Dispensary,Kauwi,Kitui West,Kitui West,Kitui,Mutanda Community Health Unit,701177,42919
semi-functional,Kivani Dispensary,Kauwi,Kitui West,Kitui West,Kitui,Kivani Community Health Unit,701176,42919
semi-functional,Kiseveni Dispensary,Kauwi,Kitui West,Kitui West,Kitui,Mutini Community Health Unit,701175,42919
semi-functional,Kauwi Sub County Hospital,Kauwi,Kitui West,Kitui West,Kitui,Kauwi Community Health Unit,701174,42919
semi-functional,Ekani Dispensary,Kanziku,Kitui South,Kitui South,Kitui,Ekani Simisi Community Health Unit,701173,42915
semi-functional,Kanziku Health Centre,Kanziku,Kitui South,Kitui South,Kitui,Ketunda Kyanyaa Community Health Unit,701172,42915
semi-functional,Kanziku Health Centre,Kanziku,Kitui South,Kitui South,Kitui,Ndilili Mivuni Community Health Unit,701171,42915
semi-functional,Kanziku Health Centre,Kanziku,Kitui South,Kitui South,Kitui,Kituvwi Ilamba Community Health Unit,701170,42915
semi-functional,Muthue Dispensary,Kanziku,Kitui South,Kitui South,Kitui,Kavindini Mwanianga Community Health Unit,701169,42915
semi-functional,Ikanga Sub County Hospital,Ikanga/Kyatune,Kitui South,Kitui South,Kitui,Nduu Ndune Kwa Songe Ilusya Community Health Unit,701168,42915
semi-functional,Ikanga Sub County Hospital,Ikanga/Kyatune,Kitui South,Kitui South,Kitui,Ithumula Community Health Unit,701167,42915
semi-functional,Yongela Dispensary,Ikanga/Kyatune,Kitui South,Kitui South,Kitui,Ngwani Yongela Community Health Unit,701166,42915
semi-functional,Ikanga Sub County Hospital,Ikanga/Kyatune,Kitui South,Kitui South,Kitui,Makele Kiangwa Community Health Unit,701165,42915
semi-functional,Kamutei Health Centre,Athi,Kitui South,Kitui South,Kitui,Kalivu Community Health Unit,701164,42915
semi-functional,Katilini Health Centre,Athi,Kitui South,Kitui South,Kitui,Katilini Community Health Unit,701163,42915
semi-functional,Muangeni Dispensary,Athi,Kitui South,Kitui South,Kitui,Lower Kituti Community Health Unit,701162,42915
semi-functional,Muangeni Dispensary,Athi,Kitui South,Kitui South,Kitui,Upper Kituti Community Health Unit,701161,42915
semi-functional,Monguni Dispensary,Athi,Kitui South,Kitui South,Kitui,Monguni Muambani Community Health Unit,701160,42915
semi-functional,Kamutei Health Centre,Athi,Kitui South,Kitui South,Kitui,Maluma Community Health Unit,701159,42915
semi-functional,Kilawa Dispensary,Athi,Kitui South,Kitui South,Kitui,Kilawa Community Health Unit,701158,42915
semi-functional,Katilini Health Centre,Athi,Kitui South,Kitui South,Kitui,Makaiiye Community Health Unit,701157,42915
semi-functional,Athi Mission Clinic,Athi,Kitui South,Kitui South,Kitui,Kisiio Community Health Unit,701156,42915
semi-functional,Kasaala Health Centre,Ikutha,Kitui South,Kitui South,Kitui,Kasaala Uiini Community Health Unit,701155,42915
semi-functional,Kasaala Health Centre,Ikutha,Kitui South,Kitui South,Kitui,Ngwate Community Health Unit,701154,42915
semi-functional,Ikutha Sub County Hospital,Ikutha,Kitui South,Kitui South,Kitui,Ndilili Community Health Unit,701153,42915
Fully-functional,Cheptuech Dispensary,Kiptagich,Kuresoi South,Kuresoi South,Nakuru,Cheptuech Community Health Unit,701152,42917
Fully-functional,Olenguruone Sub-District Hospital,Amalo,Kuresoi South,Kuresoi South,Nakuru,Chepakudi Community Health Unit,701151,39995
Fully-functional,Sasimua Dispensary,Nyota,Kuresoi North,Kuresoi North,Nakuru,Masaita Community Health Unit,701150,42917
Fully-functional,Sasimua Dispensary,Nyota,Kuresoi North,Kuresoi North,Nakuru,Seguton Community Health Unit,701149,42917
Fully-functional,Githiriga Dispensary,Nyota,Kuresoi North,Kuresoi North,Nakuru,Githiriga Community Health Unit,701148,42917
Fully-functional,Molo South Dispensary,Nyota,Kuresoi North,Kuresoi North,Nakuru,Ikumbi Community Health Unit,701147,42917
Fully-functional,Kiptororo Dispensary,Kiptororo,Kuresoi North,Kuresoi North,Nakuru,Kiptororo Community Health Unit,701146,42917
Fully-functional,Githiriga Dispensary,Nyota,Kuresoi North,Kuresoi North,Nakuru,Ndoinet Community Health Unit,701145,42917
Fully-functional,Tulwet Dispensary (Kuresoi),Kiptororo,Kuresoi North,Kuresoi North,Nakuru,Tulwet Community Health Unit,701144,42917
Fully-functional,Kiptororo Dispensary,Kiptororo,Kuresoi North,Kuresoi North,Nakuru,Korabariet Community Health Unit,701143,42917
Fully-functional,Murindoku Dispensary,Kiptororo,Kuresoi North,Kuresoi North,Nakuru,Tegea Community Health Unit,701142,42917
Fully-functional,Sirikwa health centre,Sirikwa,Kuresoi North,Kuresoi North,Nakuru,Gacharage Community Health Unit,701141,42917
Fully-functional,Sirikwa health centre,Sirikwa,Kuresoi North,Kuresoi North,Nakuru,Sirikwa Community Health Unit,701140,42917
Fully-functional,Total Dispensary,Kamara,Kuresoi North,Kuresoi North,Nakuru,Casino Community Health Unit,701139,42917
Fully-functional,Total Dispensary,Kamara,Kuresoi North,Kuresoi North,Nakuru,Total Community Health Unit,701138,42917
Fully-functional,Kamara Dispensary,Kamara,Kuresoi North,Kuresoi North,Nakuru,Kabianga Community Health Unit,701137,42917
Fully-functional,Kamara Dispensary,Kamara,Kuresoi North,Kuresoi North,Nakuru,Kamara Community Health Unit,701136,42887
semi-functional,Ngiluni Dispensary (Mwingi Central),Nguni,Mwingi Central,Mwingi Central,Kitui,Ngiluni Community Health Unit,701135,42828
Fully-functional,Kyethani Health Centre,Kiomo/Kyethani,Mwingi West,Mwingi West,Kitui,Kyethani Community Health Unit,701134,42919
semi-functional,Waita Health Centre,Waita,Mwingi Central,Mwingi Central,Kitui,Waita Community Health Unit,701133,42828
Fully-functional,Karura Dispensary,Kiomo/Kyethani,Mwingi West,Mwingi West,Kitui,Karura/Wikithuki Community Health Unit,701132,42919
Fully-functional,Kairungu Dispensary,Kiomo/Kyethani,Mwingi West,Mwingi West,Kitui,Kairungu Community Health Unit,701131,42919
semi-functional,Enziu Dispensary,Waita,Mwingi Central,Mwingi Central,Kitui,Nyanyaa/Katitika Community Health Unit,701130,42828
Fully-functional,Mbondoni Health Centre,Kiomo/Kyethani,Mwingi West,Mwingi West,Kitui,Mbondoni Community Health Unit,701129,42919
semi-functional,Waita Health Centre,Waita,Mwingi Central,Mwingi Central,Kitui,Mwambui/Ikusya Community Health Unit,701128,42828
Fully-functional,Nzalae Dispensary (Nguutani),Nguutani,Mwingi West,Mwingi West,Kitui,Nzalae/ Kakululo Community Health Unit,701127,42919
Fully-functional,Nzawa Health Centre,Nguutani,Mwingi West,Mwingi West,Kitui,Nzawa/ Mavui Community Health Unit,701126,42919
semi-functional,Muyuni Dispensary,Mui,Mwingi Central,Mwingi Central,Kitui,Ngungi Community Health Unit,701125,42828
Fully-functional,Nzawa Health Centre,Nguutani,Mwingi West,Mwingi West,Kitui,Muthioni/ Katoteni Community Health Unit,701124,42919
semi-functional,Musukini Dispensary,Central,Mwingi Central,Mwingi Central,Kitui,Kanzanzu Community Health Unity,701123,42828
Fully-functional,Nzauni Dispensary,Nguutani,Mwingi West,Mwingi West,Kitui,Kikiini /Nzauni Community Health Unit,701122,42919
Fully-functional,Kea Dispensary,Nguutani,Mwingi West,Mwingi West,Kitui,Muivu Community Health Unit,701121,42919
semi-functional,Mutyangome Dispensary,Nuu,Mwingi Central,Mwingi Central,Kitui,Mutyangome Community Health Unit,701120,42828
Fully-functional,Kakululo Dispensary,Nguutani,Mwingi West,Mwingi West,Kitui,Nguutani /Katuyu/ Mukauni Community Health Unit,701119,42919
semi-functional,Wingemi Health Centre,Nuu,Mwingi Central,Mwingi Central,Kitui,Wingemi Community Health Unit,701118,42828
semi-functional,Mwambiu Dispensary,Nuu,Mwingi Central,Mwingi Central,Kitui,Mwambiu Community Health Unit,701117,42828
semi-functional,Nuu Sub County Hospital,Nuu,Mwingi Central,Mwingi Central,Kitui,Nuu Community Health Unit,701116,42828
semi-functional,Nyanyaa Dispensary,Waita,Mwingi Central,Mwingi Central,Kitui,Nyaani Community Health Unity,701115,42828
semi-functional,Maai Dispensary,Nguni,Mwingi Central,Mwingi Central,Kitui,Maai Community Health Unit,701114,42828
semi-functional,Mulinde Dispensary,Nguni,Mwingi Central,Mwingi Central,Kitui,Imba Community Health Unit,701113,42828
Fully-functional,Kasevi Dispensary,Kyome/Thaana,Mwingi West,Mwingi West,Kitui,Thokoa /Kasevi Community Health Unit,701112,42916
Fully-functional,Thaana Nzau Dispensary,Kyome/Thaana,Mwingi West,Mwingi West,Kitui,Thaana/ Yezuva/ Kyusyani Community Health Unit,701111,42916
Fully-functional,Kanyaa Dispensary,Kyome/Thaana,Mwingi West,Mwingi West,Kitui,Kanyaa/ Katulani Community Health Unit,701110,42916
Fully-functional,Thonzweni Dispensary,Kyome/Thaana,Mwingi West,Mwingi West,Kitui,Kyome /Ndaluni Community Health Unit,701109,42916
Fully-functional,Winzyeei Health Centre,Kyome/Thaana,Mwingi West,Mwingi West,Kitui,Winzyeei Community Health Unit,701108,42916
Fully-functional,Thitani Health Centre,Kyome/Thaana,Mwingi West,Mwingi West,Kitui,Thitani /Kasanga Community Health Unit,701107,42916
Fully-functional,Kanyekini Dispensary,Kyome/Thaana,Mwingi West,Mwingi West,Kitui,Musuani/ Kanyekini /Kitumbi Community Health Unit,701106,42916
semi-functional,Kiomo Dispensary,Kiomo/Kyethani,Mwingi West,Mwingi West,Kitui,Kiomo Community Health Unit,701105,42916
semi-functional,Kiomo Dispensary,Kiomo/Kyethani,Mwingi West,Mwingi West,Kitui,Kiomo Community Health Unit,701104,42916
Fully-functional,Ngongoni Dispensary-Mwingi West,Nguutani,Mwingi West,Mwingi West,Kitui,Ngongoni /Mavui /Kavoloi Community Health Unit,701103,42916
semi-functional,Tharaka Health Centre,Tharaka,Mwingi North,Mwingi North,Kitui,Kamaindi Community Health Unit,701102,42887
semi-functional,Konyu Dispensary,Tharaka,Mwingi North,Mwingi North,Kitui,Kathungu Community Health Unit,701101,42887
Fully-functional,Kavuvwani Dispensary,Kiomo/Kyethani,Mwingi West,Mwingi West,Kitui,Kavuvwani Community Health Unit,701100,42916
semi-functional,Tharaka Health Centre,Tharaka,Mwingi North,Mwingi North,Kitui,Kanyengya/Gatoroni Community Health Unit,701099,42887
semi-functional,Tharaka Health Centre,Tharaka,Mwingi North,Mwingi North,Kitui,Gacigongo Community Health Unit,701098,42887
semi-functional,Ukasi Model Health Centre,Nguni,Mwingi Central,Mwingi Central,Kitui,Ukasi Community Health Unit,701097,42828
semi-functional,Thitha Dispensary,Kivou,Mwingi Central,Mwingi Central,Kitui,Kisama Community Health Unit,701096,42828
semi-functional,Mulangoni Dispensary,Tseikuru,Mwingi North,Mwingi North,Kitui,Mulangoni Community Health Unit,701095,42887
semi-functional,Kanyunga Health Centre,Kivou,Mwingi Central,Mwingi Central,Kitui,Enziu Community Health Unit,701094,42828
semi-functional,Nguni Health Centre,Nguni,Mwingi Central,Mwingi Central,Kitui,Mwasuma Community Health Unit Community Health Unit,701093,42828
semi-functional,Mulangoni Dispensary,Tseikuru,Mwingi North,Mwingi North,Kitui,Katumbi Community Health Unit,701092,42887
semi-functional,Ukasi Model Health Centre,Nguni,Mwingi Central,Mwingi Central,Kitui,Sosoma/Mwanzele Community Health Unit,701091,42828
semi-functional,Yatwa Dispensary,Nuu,Mwingi Central,Mwingi Central,Kitui,Nguuni Community Health Unit,701090,42828
semi-functional,Kavindu Health Centre,Nuu,Mwingi Central,Mwingi Central,Kitui,Kyangati Community Health Unit,701089,42828
semi-functional,Musavani Dispensary,Tseikuru,Mwingi North,Mwingi North,Kitui,Musavani Community Health Unit,701088,42887
semi-functional,Nguni Health Centre,Nguni,Mwingi Central,Mwingi Central,Kitui,Mathyakani Community Health Unit,701087,42829
semi-functional,Kaningo Health Centre,Tseikuru,Mwingi North,Mwingi North,Kitui,Kaningo Community Health Unit,701086,42887
semi-functional,Tseikuru Sub County Hospital,Tseikuru,Mwingi North,Mwingi North,Kitui,Ngalange /Nzanzeni Community Health Unit,701085,42887
semi-functional,Tseikuru Sub County Hospital,Tseikuru,Mwingi North,Mwingi North,Kitui,Tseikuru / Nziitu Community Health Unit,701084,42887
semi-functional,Ngongoni Dispensary ( Mwingi North ),Tseikuru,Mwingi North,Mwingi North,Kitui,Kaivirya /Ngongoni Community Health Unit,701083,42887
semi-functional,Yumbu Dispensary (Mwingi Central),Mui,Mwingi Central,Mwingi Central,Kitui,Itiko/Yumbu Community Health Unit,701082,42795
semi-functional,Nguungani Dispensary,Mumoni,Mwingi North,Mwingi North,Kitui,Ngungani Community Health Unit,701081,42887
semi-functional,Tyaa Kamuthale Health Centre,Mumoni,Mwingi North,Mwingi North,Kitui,Tyaa Community Health Unit,701080,42887
semi-functional,Kalatine Dispensary,Mumoni,Mwingi North,Mwingi North,Kitui,Kakuyu Community Health Unit,701079,42887
semi-functional,Mukong'a Dispensary,Mumoni,Mwingi North,Mwingi North,Kitui,Mukong'a Community Health Unit,701078,42887
semi-functional,Katse Health Centre,Mumoni,Mwingi North,Mwingi North,Kitui,Katse Community Health Unit,701077,42887
semi-functional,Nguuku Dispensary,Mumoni,Mwingi North,Mwingi North,Kitui,Nguuku Community Health Unit,701076,42887
semi-functional,Nguuku Dispensary,Mumoni,Mwingi North,Mwingi North,Kitui,Mutanda Community Health Unit,701075,42887
semi-functional,Mivukoni Health Centre,Kyuso,Mwingi North,Mwingi North,Kitui,Kamula Community Health Unit,701074,42887
semi-functional,Twimyua Dispensary,Kyuso,Mwingi North,Mwingi North,Kitui,Twimyua Community Health Unit,701073,42887
semi-functional,Kimangao Dispensary,Kyuso,Mwingi North,Mwingi North,Kitui,Kimangao Community Health Unit,701072,42887
semi-functional,Kimangao Dispensary,Kyuso,Mwingi North,Mwingi North,Kitui,Kimu Community Health Unit,701071,42887
semi-functional,Tei Wa Yesu Health Centre,Kyuso,Mwingi North,Mwingi North,Kitui,Ngaaie Community Health Unit,701070,42888
semi-functional,Rehoboth Maternity Nursing Home ( Mwingi North ),Kyuso,Mwingi North,Mwingi North,Kitui,Kamuwongo Community Health Unit,701069,42887
semi-functional,Tii Dispensary,Kyuso,Mwingi North,Mwingi North,Kitui,Itivanzou Community Health Unit,701068,42887
semi-functional,Mivukoni Health Centre,Kyuso,Mwingi North,Mwingi North,Kitui,Mivukoni Community Health Unit,701067,42887
semi-functional,Kyuso Sub County Hospital,Kyuso,Mwingi North,Mwingi North,Kitui,Kyuso Community Health Unit,701066,42767
Fully-functional,AIC Zombe Health Centre,Zombe/Mwitika,Kitui East,Kitui East,Kitui,Malatani Community Health Unit,701065,42915
Fully-functional,Kilulu Dispensary,Migwani,Mwingi West,Mwingi West,Kitui,Kisovo Community Health Unit,701064,42915
semi-functional,Kyoani Dispensary,Ikutha,Kitui South,Kitui South,Kitui,Kyoani Community Health Unit,701063,42915
semi-functional,Lundi Dispensary,Mui,Mwingi Central,Mwingi Central,Kitui,Ngoo Community Health Unit,701062,42795
semi-functional,Ngomeni Health Centre,Ngomeni,Mwingi North,Mwingi North,Kitui,Kavaani / Ikime Community Health Unit,701061,42887
semi-functional,Kanyangi Sub County Hospital,Kanyangi,Kitui Central,Kitui Rural,Kitui,Kanyangi Community Health Unit,701060,42915
Fully-functional,Kaumu Health Centre,Zombe/Mwitika,Kitui East,Kitui East,Kitui,Thua Community Health Unit,701059,42915
semi-functional,Musukini Dispensary,Central,Mwingi Central,Mwingi Central,Kitui,Mulanga Community Health Unity,701058,42795
semi-functional,Kamusiliu Dispensary,Ngomeni,Mwingi North,Mwingi North,Kitui,Ndatani/Kamusiliu Community Health Unit,701057,42887
Fully-functional,Kanzau Dispensary (Mbitini),Mbitini,Kitui Rural,Kitui Rural,Kitui,Kanzau Community Health Unit,701056,42915
semi-functional,Mutwangombe Dispensary,Waita,Mwingi Central,Mwingi Central,Kitui,Kathoka Community Health Unit,701055,42795
Fully-functional,Nzeluni Health Centre,Migwani,Mwingi West,Mwingi West,Kitui,Nzeluni /Mung'alu Community Health Unit,701054,42915
Fully-functional,Kasungui Dispensary,Voo/Kyamatu,Kitui East,Kitui East,Kitui,Ngungi Community Health Unit,701053,42461
semi-functional,Waita Health Centre,Waita,Mwingi Central,Mwingi Central,Kitui,Thonoa Community Health Unit,701051,42795
Fully-functional,Nzatani Dispensary,Migwani,Mwingi West,Mwingi West,Kitui,Nzatani /Ilalambyu Community Health Unit,701050,42915
Fully-functional,Ngangani Dispensary,Mbitini,Kitui Rural,Kitui Rural,Kitui,Ngangani Community Health Unit(Kitui Rural),701049,42915
semi-functional,Mitamisyi Dispensary,Ngomeni,Mwingi North,Mwingi North,Kitui,Mitamisyi/Kathaalani Community Health Unit,701048,42887
semi-functional,Makongoni Dispensary,Mutomo,Kitui South,Kitui South,Kitui,Kandae Community Health Unit,701047,42915
semi-functional,Township Dispensary (Kitui),Township,Kitui Central,Kitui Central,Kitui,Majengo/Manyenyoni Community Health Unit,701046,42915
semi-functional,Mwingi Sub County Hospital,Central,Mwingi Central,Mwingi Central,Kitui,Ithumbi Community Health Unit,701045,42795
semi-functional,Yalatani Dispensary,Mutongoni,Kitui West,Kitui West,Kitui,Yalatani Community Health Unit,701044,42915
Fully-functional,Itoloni Dispensary,Migwani,Mwingi West,Mwingi West,Kitui,Migwani/ Itoloni Community Health Unit,701043,42915
Fully-functional,Katwala Dispensary,Mbitini,Kitui Rural,Kitui Rural,Kitui,Katwala Community Health Unit,701042,42915
semi-functional,Mitamisyi Dispensary,Ngomeni,Mwingi North,Mwingi North,Kitui,Kimela /Syumani Community Health Unit,701041,42887
semi-functional,Kalisasi Health Centre,Central,Mwingi Central,Mwingi Central,Kitui,Kalisasi Health Community Health Unit,701040,42795
Fully-functional,Migwani Sub County Hospital,Migwani,Mwingi West,Mwingi West,Kitui,Kyamboo / Kaliluni Community Health Unit,701039,42915
semi-functional,Uae Dispensary,Mutomo,Kitui South,Kitui South,Kitui,Uae Community Health Unit,701038,42915
semi-functional,Mwingi Sub County Hospital,Central,Mwingi Central,Mwingi Central,Kitui,Kyanika Community Health Unit,701037,42915
semi-functional,Mbitini Health Centre,Mbitini,Kitui Rural,Kitui Rural,Kitui,Mbitini Community Health Unit,701036,42915
Fully-functional,Gakanga Dispensary,Gatarakwa,Kieni,Kieni West,Nyeri,Gakanga Community Health Unit,701035,42527
semi-functional,Chepterwai Sub-District Hospital,Chepterwai,Mosop,Mosop,Nandi,Chepterwai Community Health Unit,701034,42160
semi-functional,Tharaka Health Centre,Tharaka,Mwingi North,Mwingi North,Kitui,Gakombe Community Health Unit,701032,42858
semi-functional,Masyungwa Health Centre,Tseikuru,Mwingi North,Mwingi North,Kitui,Masyungwa Community Health Unit,701031,42858
semi-functional,Ngomeni Health Centre,Ngomeni,Mwingi North,Mwingi North,Kitui,Kalwa Kavuti Community Health Unit,701030,42690
Fully-functional,Shimbir Fatuma Health Centre,Shimbir Fatuma,Mandera South,Mandera South,Mandera,Shimbirfatuma Community Health Unit,701029,42718
Fully-functional,Kotulo Health Centre (Mandera Central),Kutulo,Mandera South,Mandera South,Mandera,Kotulo Community Health Unit,701028,42717
semi-functional,Mikuyuni Dispensary,Miambani,Kitui Central,Kitui Central,Kitui,Kanzau Community Health Unit,701027,42906
Fully-functional,St. Raphael,Ugunja,Ugunja,Ugunja,Siaya,Umala Community Health Unit,701026,41275
Fully-functional,Chebaraa Dispensary,Keringet,Kuresoi South,Kuresoi South,Nakuru,Ogiek Community Health Unit,701025,42887
Fully-functional,Mwangate Dispensary,Keringet,Kuresoi South,Kuresoi South,Nakuru,Mwangate Community Health Unit,701024,42887
Fully-functional,Chemaner Dispensary (Kuresoi),Tinet,Kuresoi South,Kuresoi South,Nakuru,Taita Community Health Unit,701023,42887
Fully-functional,Korao Dispensary,Tinet,Kuresoi South,Kuresoi South,Nakuru,Korao Community Health Unit,701022,42887
Fully-functional,Chemaner Dispensary (Kuresoi),Tinet,Kuresoi South,Kuresoi South,Nakuru,Chemaner Community Health Unit,701021,42887
Fully-functional,Emitik Dispensary,Kiptagich,Kuresoi South,Kuresoi South,Nakuru,Emitik Community Health Unit,701020,42887
Fully-functional,Masikita Dispensary,El-barta,Samburu North,Samburu North,Samburu,Masikita Community Health Unit,701019,42791
Fully-functional,Warankara Health Centre,Waranqara,Lafey,Lafey,Mandera,Warankara Community Health Unity,701017,42667
Fully-functional,Khalalio Health Centre,Khalalio,Mandera East,Mandera East,Mandera,Khalalio Community Health Unit,701016,42646
Fully-functional,Dandu Health Centre,Dandu,Mandera West,Mandera West,Mandera,Gagaba Community Health Unit,701015,42588
Fully-functional,Burduras Health Centre,Gither,Mandera West,Mandera West,Mandera,Burduras Community Health Unit,701014,42589
Fully-functional,Gither Dispensary,Gither,Mandera West,Mandera West,Mandera,Gither Community Health Unit,701013,42589
Fully-functional,Mandera West Sub County Hospital,Takaba,Mandera West,Mandera West,Mandera,Takaba Community Health Unit,701012,42556
Fully-functional,Bararget Dispensary,Keringet,Kuresoi South,Kuresoi South,Nakuru,Bararget Community Health Unit,701011,42887
Fully-functional,Olenguruone Sub-District Hospital,Amalo,Kuresoi South,Kuresoi South,Nakuru,Amalo Community Health Unit,701010,42887
Fully-functional,Kerol Health Centre,Keringet,Kuresoi South,Kuresoi South,Nakuru,Millimet Community Health Unit,701009,42887
Fully-functional,Kaplamai Dispensary,Amalo,Kuresoi South,Kuresoi South,Nakuru,Kaplamai Community Health Unit,701008,42887
Fully-functional,Molo South Dispensary,Nyota,Kuresoi North,Kuresoi North,Nakuru,Molo South Community Health Unit,701007,42887
Fully-functional,Tinet Dispensary,Tinet,Kuresoi South,Kuresoi South,Nakuru,Kapket Community Health Unit,701006,42887
Fully-functional,Kerol Health Centre,Keringet,Kuresoi South,Kuresoi South,Nakuru,Keringet Community Health Unit,701005,42887
Fully-functional,Nyaore Dispensary,Bogeka,Kitutu Chache South,Kitutu Chache South,Kisii,Gesoni Community Health Unit,701004,41652
Fully-functional,Mungetho Dispensary,Nyota,Kuresoi North,Kuresoi North,Nakuru,Mungetho Community Health Units,701003,42736
Fully-functional,Munyange Gikoe Dispensary,Mahiga,Nyeri South,Nyeri South,Nyeri,Munyange Community Health Unit,701002,42370
Fully-functional,Kiaguthu Dispensary,Chinga,Nyeri South,Nyeri South,Nyeri,Karuthi Community Health Unit,701001,42370
Fully-functional,Witima Health Centre,Karima,Nyeri South,Nyeri South,Nyeri,Itemeini Community Health Unit,701000,42370
Fully-functional,Othaya Sub-District Hospital,Iria-ini,Nyeri South,Nyeri South,Nyeri,Kiahagu Community Health Unit,700999,42370
Fully-functional,Kihuri Dispensary,Iria-ini,Nyeri South,Nyeri South,Nyeri,Kiandemi Community Health Unit,700998,42370
Fully-functional,Thunguri Dispensary,Iria-ini,Nyeri South,Nyeri South,Nyeri,Thunguri Community Health Unit,700997,42370
Fully-functional,Ruruguti Dispensary,Iria-ini,Nyeri South,Nyeri South,Nyeri,Gitundu Community Health Unit,700996,42370
Fully-functional,Kagonye Dispensary,Mahiga,Nyeri South,Nyeri South,Nyeri,Rukira Community Health Unit,700995,42370
Fully-functional,Kamoko Health Centre,Mahiga,Nyeri South,Nyeri South,Nyeri,Gaturuturu Community Health Unit,700994,42370
Fully-functional,Kagere Dispensary,Mahiga,Nyeri South,Nyeri South,Nyeri,Kagere Community Health Unit,700993,42370
Fully-functional,Kariko Dispensary (Nyeri South),Chinga,Nyeri South,Nyeri South,Nyeri,Mucharage Community Health Unit,700992,42370
Fully-functional,Kariko Dispensary (Nyeri South),Chinga,Nyeri South,Nyeri South,Nyeri,Kariko Community Health Unit,700991,42370
Fully-functional,Kiamuya Dispensary,Chinga,Nyeri South,Nyeri South,Nyeri,Kiamuya Community Health Unit,700990,42370
Fully-functional,Kairuthi Dispensary,Iria-ini,Nyeri South,Nyeri South,Nyeri,Kairuthi Community Health Unit,700989,42370
Fully-functional,Ngaru Dispensary,Chinga,Nyeri South,Nyeri South,Nyeri,Gathera Community Health Unit,700988,42370
Fully-functional,Kagicha Dispensary,Chinga,Nyeri South,Nyeri South,Nyeri,Mumbuini Community Health Unit,700987,42370
semi-functional,Makunga Rhdc,Malaha/Isongo/Makunga,Mumias East,Mumias East,Kakamega,Ikoli Community Health Unit,700986,42389
semi-functional,Nyaporo Dispensary,Malaha/Isongo/Makunga,Mumias East,Mumias East,Kakamega,Nyaporo Community Health Unit,700985,42527
Fully-functional,Nyaporo Dispensary,Malaha/Isongo/Makunga,Mumias East,Mumias East,Kakamega,Isongo Community Health Unit,700984,41253
Fully-functional,Nyaporo Dispensary,Malaha/Isongo/Makunga,Mumias East,Mumias East,Kakamega,Khaimba Community Health Unit,700983,41556
semi-functional,Lusheya Health Centre,Lusheya/Lubinu,Mumias East,Mumias East,Kakamega,Emakhwale Community Health Unit,700982,41009
semi-functional,Lusheya Health Centre,Lusheya/Lubinu,Mumias East,Mumias East,Kakamega,Emwaku Community Health Unit,700981,42170
semi-functional,Lusheya Health Centre,Lusheya/Lubinu,Mumias East,Mumias East,Kakamega,Shanderema Community Health Unit,700980,42142
Fully-functional,Mung'ang'a Dispensary,East Wanga,Mumias East,Mumias East,Kakamega,Mung'ang'a Community Health Unit,700979,41340
semi-functional,Eluche,East Wanga,Mumias East,Mumias East,Kakamega,Mwitoti Community Health Unit,700978,40865
Fully-functional,Malaha Dispensary,Malaha/Isongo/Makunga,Mumias East,Mumias East,Kakamega,Ebusia Community Health Unit,700977,41532
semi-functional,Khaunga Dispensary,East Wanga,Mumias East,Mumias East,Kakamega,Mahola Community Health Unit,700976,41526
semi-functional,Elwasambi Dispensary,Lusheya/Lubinu,Mumias East,Mumias East,Kakamega,Shibinga Community Health Unit,700975,41091
Fully-functional,Lusheya Health Centre,Lusheya/Lubinu,Mumias East,Mumias East,Kakamega,Kamashia Community Health Unit,700974,41206
semi-functional,Malaha Dispensary,Malaha/Isongo/Makunga,Mumias East,Mumias East,Kakamega,Munungo Community Health Unit,700973,41866
semi-functional,Elwasambi Dispensary,Lusheya/Lubinu,Mumias East,Mumias East,Kakamega,Elwasambi Community Health Unit,700972,41091
semi-functional,Shianda Dispensary,East Wanga,Mumias East,Mumias East,Kakamega,Khabakaya Community Health Unit,700971,41805
semi-functional,Mung'ang'a Dispensary,East Wanga,Mumias East,Mumias East,Kakamega,Bumini Community Health Unit,700970,41458
semi-functional,Shianda Dispensary,East Wanga,Mumias East,Mumias East,Kakamega,Shianda Community Health Unit,700969,40750
semi-functional,Makunga Rhdc,Malaha/Isongo/Makunga,Mumias East,Mumias East,Kakamega,Maraba Community Health Unit,700968,42468
semi-functional,Musango Dispensary,Malaha/Isongo/Makunga,Mumias East,Mumias East,Kakamega,Musango Community Health Unit,700967,42468
semi-functional,Makunga Rhdc,Malaha/Isongo/Makunga,Mumias East,Mumias East,Kakamega,Makunga Community Health Unit,700966,42124
Fully-functional,Lusheya Health Centre,Lusheya/Lubinu,Mumias East,Mumias East,Kakamega,Ekero Community Health Unit,700965,41401
semi-functional,Mung'ang'a Dispensary,East Wanga,Mumias East,Mumias East,Kakamega,Bubere Community Health Unit,700964,42457
semi-functional,Mung'ang'a Dispensary,East Wanga,Mumias East,Mumias East,Kakamega,Buloma Community Health Unit,700962,42284
Fully-functional,Lusheya Health Centre,Lusheya/Lubinu,Mumias East,Mumias East,Kakamega,Lusheya Community Health Unit,700961,41075
semi-functional,Malaha Dispensary,Malaha/Isongo/Makunga,Mumias East,Mumias East,Kakamega,Malaha Community Health Unit,700960,39979
semi-functional,Nyabioto Dispensary,Bogiakumu,Bonchari,Bonchari,Kisii,Bogiakumu B Community Health Unit,700959,42511
Fully-functional,Riotanchi Health Centre,Bomorenda,Bonchari,Bonchari,Kisii,Bomakombi Community Health Unit,700958,41827
semi-functional,Entanke Dispensary,Bomariba,Bonchari,Bonchari,Kisii,Keboye Community Health Unit,700957,40964
Fully-functional,Ekerubo Dispensary (Kisii South),Bomorenda,Bonchari,Bonchari,Kisii,Bomwancha Community Health Unit,700956,42492
semi-functional,Isamwera Dispensary,Bomariba,Bonchari,Bonchari,Kisii,Boroko Community Health Unit,700955,41827
Fully-functional,Riotanchi Health Centre,Bomorenda,Bonchari,Bonchari,Kisii,Bonyaoro Community Health Unit,700954,41827
Fully-functional,Gesuguri Dispensary,Bogiakumu,Bonchari,Bonchari,Kisii,Bogiakumu A Community Health Unit,700953,41827
Fully-functional,Bura District Hospital,Bura,Fafi,Fafi,Garissa,Bura Community Health Unit,700952,40183
semi-functional,Amuma Mobile Dispensary,Fafi,Fafi,Fafi,Garissa,Diiso Community Health Unit,700951,41279
semi-functional,Fafi Dispensary,Fafi,Fafi,Fafi,Garissa,Fafi Community Health Unit,700950,41279
semi-functional,Yumbis Dispensary,Fafi,Fafi,Fafi,Garissa,Yumbis Community Health Unit,700949,41309
Fully-functional,Alinjugur Health Centre,Jarajila,Fafi,Fafi,Garissa,Alinjugur Community Health Unit,700948,40183
semi-functional,Amuma Dispensary,Jarajila,Fafi,Fafi,Garissa,Amuma Community Health Unit,700947,41279
Fully-functional,Nabongo Dispensary,Sheywe,Lurambi,Lurambi,Kakamega,Township C Community Health Unit,700946,42165
Fully-functional,Nabongo Dispensary,Sheywe,Lurambi,Lurambi,Kakamega,Township B Community Health Unit,700945,42165
Fully-functional,Sakali Dispensary,Mahiakalo,Lurambi,Lurambi,Kakamega,Makhomo Community Health Unit,700944,42165
Fully-functional,Elwesero Model Health Centre,Shirere,Lurambi,Lurambi,Kakamega,Rosterman Community Health Unit,700943,42165
Fully-functional,Iguhu Sub County Hospital,Idakho East,Ikolomani,Ikolomani,Kakamega,Lirhembe A Community Health Unit,700942,40134
Fully-functional,Shiseso Health Centre,Idakho North,Ikolomani,Ikolomani,Kakamega,Shiseso B Community Health Unit,700941,42233
Fully-functional,Shiseso Health Centre,Idakho North,Ikolomani,Ikolomani,Kakamega,Shiseso A Community Health Unit,700940,39860
Fully-functional,Imalaba Dispensary,Idakho South,Ikolomani,Ikolomani,Kakamega,Madivini B Community Health Unit,700939,42170
Fully-functional,Imalaba Dispensary,Idakho South,Ikolomani,Ikolomani,Kakamega,Madivini A Community Health Unit,700938,39979
Fully-functional,St. Monica Eregi Mission Health Centre,Idakho South,Ikolomani,Ikolomani,Kakamega,Shanjetso Community Health Unit,700937,41248
Fully-functional,Iguhu Sub County Hospital,Idakho East,Ikolomani,Ikolomani,Kakamega,Ivonda Community Health Unit,700936,40232
Fully-functional,Imulama Dispensary,Idakho North,Ikolomani,Ikolomani,Kakamega,Mutaho Community Health Unit,700935,40560
Fully-functional,Savane Dispensary,Idakho East,Ikolomani,Ikolomani,Kakamega,Shiveye Community Health Unit,700934,41064
Fully-functional,Bushiangala Health Centre,Idakho Central,Ikolomani,Ikolomani,Kakamega,Mukongolo Community Health Unit,700933,41246
semi-functional,Shikumu Dispensary,Idakho Central,Ikolomani,Ikolomani,Kakamega,Shibuname Community Health Unit,700932,41962
Fully-functional,Shikokho Dispensary,Idakho East,Ikolomani,Ikolomani,Kakamega,Shitoli Community Health Unit,700931,41961
Fully-functional,Imulama Dispensary,Idakho North,Ikolomani,Ikolomani,Kakamega,Shimanyiro B Community Health Unit,700930,41960
semi-functional,Shibwe Sub-County Hospital,Idakho Central,Ikolomani,Ikolomani,Kakamega,Shivagala Community Health Unit,700929,39842
Fully-functional,Labasigale Dispensary,Labisgale,Daadab,Dadaab,Garissa,Labasigale Community Health Unit,700928,42282
Fully-functional,malaylay dispensary,Liboi,Daadab,Dadaab,Garissa,Malaylay Community Health Unit,700927,42373
Fully-functional,Liboi Health Centre,Liboi,Daadab,Dadaab,Garissa,Liboi 2 Community Health Unit,700926,42037
Fully-functional,Liboi Health Centre,Liboi,Daadab,Dadaab,Garissa,Liboi 1 Community Health Unit,700925,42009
Fully-functional,Damajaley Dispensary,Damajale,Daadab,Dadaab,Garissa,Damajaley Community Health Unit,700924,42039
Fully-functional,Ijara Sub County Hospital - Masalani,Masalani,Ijara,Ijara,Garissa,Masalani Township Community Health Unit,700923,42401
Fully-functional,Ijara Sub County Hospital - Masalani,Masalani,Ijara,Ijara,Garissa,Gumarey Community Health Unit,700922,42401
Fully-functional,Gababa Dispensary,Masalani,Ijara,Ijara,Garissa,Gababa Community Health Unit,700921,42401
Fully-functional,Ruqa Dispensary,Ijara,Ijara,Ijara,Garissa,Ruqa Community Health Unit,700920,42401
Fully-functional,Ijara Health Centre,Ijara,Ijara,Ijara,Garissa,Bila Golol Community Health Unit,700919,42401
Fully-functional,Ijara Health Centre,Ijara,Ijara,Ijara,Garissa,Bula Gerrile Community Health Unit,700918,42401
Fully-functional,Hara Health Centre,Masalani,Ijara,Ijara,Garissa,Hara Community Health Unit,700917,42401
Fully-functional,Shimbrey Dispensary,Sankuri,Balambala,Balambala,Garissa,Shimbrey Community Health Unit,700916,42037
semi-functional,Mudey Dispensary,Danyere,Balambala,Balambala,Garissa,Mudey Community Health Unit,700915,42037
Fully-functional,Sankuri Health Centre,Sankuri,Balambala,Balambala,Garissa,Sankuri Community Health Unit,700914,42037
Fully-functional,Balich Dispensary,Sankuri,Balambala,Balambala,Garissa,Balich Community Health Unit,700913,42037
Fully-functional,Raya Dispensary,Sankuri,Balambala,Balambala,Garissa,Raya Community Health Unit,700912,42037
Fully-functional,Libahlow Nomadic Clinic,Danyere,Balambala,Balambala,Garissa,Libahlow Community Health Unit,700911,42037
Fully-functional,Danyere Health Centre,Danyere,Balambala,Balambala,Garissa,Danyere Community Health Unit,700910,42037
Fully-functional,Saka Health Centre,Saka,Balambala,Balambala,Garissa,Saka Community Health Unit,700909,42037
Fully-functional,Abdisamad Dispensary,Sankuri,Balambala,Balambala,Garissa,Abdisamad Community Health Unit,700908,42037
semi-functional,Della Dispensary,Della,Eldas,Eldas,Wajir,Dela Community Health Unit,700907,42679
semi-functional,Abdiwaqo Dispensary,Della,Eldas,Eldas,Wajir,Abdiwaqo Community Health Unit,700906,42653
Fully-functional,Elnoor Dispensary,Elnur/Tula Tula,Eldas,Eldas,Wajir,El-nur Community Health Unit,700904,40452
Fully-functional,Eldas Health Centre,Eldas,Eldas,Eldas,Wajir,Eldas Community Health Unit,700903,40452
Fully-functional,Ndovu Health Centre,Kaloleni,Voi,Voi,Taita Taveta,Gimba Community Health Unit,700902,42475
Fully-functional,Makwasinyi Dispensary,Kasigau,Voi,Voi,Taita Taveta,Makwasinyi Community Health Unit,700901,42391
Fully-functional,Namanga Health Centre,Matapato South,Kajiado Central,Kajiado Central,Kajiado,Engaboli Community Health Unit,700900,42711
semi-functional,Sakali Dispensary,Mahiakalo,Lurambi,Lurambi,Kakamega,Makhomo Community Health Unit,700899,42254
Fully-functional,Bukura Health Centre,Butsotso South,Lurambi,Lurambi,Kakamega,Emukaya B Community Health Unit,700898,42055
semi-functional,Emukaba Dispensary,Butsotso East,Lurambi,Lurambi,Kakamega,Indagalasia C Community Health Unit,700897,41646
semi-functional,Emukaba Dispensary,Butsotso East,Lurambi,Lurambi,Kakamega,Indagalasia A Community Health Unit,700896,41245
Fully-functional,Bukura Health Centre,Butsotso South,Lurambi,Lurambi,Kakamega,Bukura C Community Health Unit,700895,42168
Fully-functional,Elukhambi Dispensary,Butsotso South,Lurambi,Lurambi,Kakamega,Elukhambi Community Health Unit,700894,42170
Fully-functional,Emusanda Health Centre,Butsotso Central,Lurambi,Lurambi,Kakamega,Eshisiru B Community Health Unit,700893,42065
Fully-functional,Approved Dispensary,Mahiakalo,Lurambi,Lurambi,Kakamega,Schirai G Community Health Unit,700892,42198
Fully-functional,Eshikhuyu Dispensary,Butsotso Central,Lurambi,Lurambi,Kakamega,Shibulic Community Health Unit,700891,42198
Fully-functional,Eshikulu Dispensary,Etenje,Mumias West,Mumias West,Kakamega,Buchifi B Community Health Unit,700890,41394
Fully-functional,Mumias Model Health Centre,Mumias Central,Mumias West,Mumias West,Kakamega,Lureko Community Health Unit,700889,42124
Fully-functional,Mumias Model Health Centre,Mumias Central,Mumias West,Mumias West,Kakamega,Matawa C Community Health Unit,700888,39933
Fully-functional,Mumias Model Health Centre,Mumias Central,Mumias West,Mumias West,Kakamega,Matawa A Community Health Unit,700887,39994
Fully-functional,Eshirembe Dispensary,Butsotso South,Lurambi,Lurambi,Kakamega,Eshibeye Community Health Unit,700886,41470
Fully-functional,Sango Dispensary,Sango,Likuyani,Likuyani,Kakamega,Sango B Community Health Unit,700885,41887
Fully-functional,Mabusi Health Centre,Nzoia,Likuyani,Likuyani,Kakamega,Muruli Community Health Unit,700884,42359
Fully-functional,Turbo Forest Dispensary,Likuyani,Likuyani,Likuyani,Kakamega,Turbo Forest Community Health Unit,700883,41264
Fully-functional,Kongoni Health Centre,Kongoni,Likuyani,Likuyani,Kakamega,Mukuyu Community Health Unit,700882,42359
Fully-functional,Kongoni Health Centre,Kongoni,Likuyani,Likuyani,Kakamega,Nasianda Community Health Unit,700881,41629
Fully-functional,Soy Sambu Dispensary,Sango,Likuyani,Likuyani,Kakamega,Mapera Community Health Unit,700880,42309
Fully-functional,Sango Dispensary,Sango,Likuyani,Likuyani,Kakamega,Lukusi Community Health Unit,700879,42350
Fully-functional,Kongoni Health Centre,Kongoni,Likuyani,Likuyani,Kakamega,Nangili Community Health Unit,700878,42339
Fully-functional,Kongoni Health Centre,Kongoni,Likuyani,Likuyani,Kakamega,Mukunga Community Health Unit,700877,42339
non-functinoal,Matunda Sub-District Hospital,Nzoia,Likuyani,Likuyani,Kakamega,Matunda Community Health Unit,700876,41244
Fully-functional,Mlimani Dispensary,Sinoko,Likuyani,Likuyani,Kakamega,Mlimani Community Health Unit,700875,41629
Fully-functional,Mlimani Dispensary,Sinoko,Likuyani,Likuyani,Kakamega,Ludodo Community Health Unit,700874,41629
Fully-functional,Mlimani Dispensary,Sinoko,Likuyani,Likuyani,Kakamega,Machine Community Health Unit,700873,41629
Fully-functional,Sinoko Dispensary (Likuyani),Sinoko,Likuyani,Likuyani,Kakamega,Mwiba Community Health Unit,700872,41223
Fully-functional,Sinoko Dispensary (Likuyani),Sinoko,Likuyani,Likuyani,Kakamega,Nzoia Community Health Unit,700871,41629
Fully-functional,Mumias Model Health Centre,Mumias Central,Mumias West,Mumias West,Kakamega,Lukoye B Community Health Unit,700870,42187
Fully-functional,Bukaya Health Centre,Etenje,Mumias West,Mumias West,Kakamega,Ikulumoyo Community Health Unit,700869,42184
Fully-functional,Mumias Model Health Centre,Mumias Central,Mumias West,Mumias West,Kakamega,Mission Community Health Unit,700868,42228
Fully-functional,Mumias Model Health Centre,Mumias Central,Mumias West,Mumias West,Kakamega,Lumino Community Health Unit,700866,42536
Fully-functional,Bukaya Health Centre,Etenje,Mumias West,Mumias West,Kakamega,Nyapeta Community Health Unit,700865,42536
Fully-functional,Bungasi Health Centre,Musanda,Mumias West,Mumias West,Kakamega,Eshibina Community Health Unit,700863,41487
Fully-functional,Bukaya Health Centre,Etenje,Mumias West,Mumias West,Kakamega,Eshikalame Community Health Unit,700862,41487
Fully-functional,Bungasi Health Centre,Musanda,Mumias West,Mumias West,Kakamega,Bungasi A Community Health Unit,700861,41395
Fully-functional,Bungasi Health Centre,Musanda,Mumias West,Mumias West,Kakamega,Bungasi B Community Health Unit,700860,42181
Fully-functional,Mumias Model Health Centre,Mumias Central,Mumias West,Mumias West,Kakamega,Booker Community Health Unit,700859,42228
Fully-functional,Sinoko Dispensary (Likuyani),Sinoko,Likuyani,Likuyani,Kakamega,Namunyiri Community Health Unit,700858,41629
Fully-functional,Mabusi Health Centre,Nzoia,Likuyani,Likuyani,Kakamega,Musemwa Community Health Unit,700857,41629
Fully-functional,Lumino Dispensary,Likuyani,Likuyani,Likuyani,Kakamega,Soy Community Health Unit,700856,41261
Fully-functional,Likuyani Sub-County Hospital,Likuyani,Likuyani,Likuyani,Kakamega,Likuyani Community Health Unit,700855,41609
Fully-functional,Mumias Model Health Centre,Mumias Central,Mumias West,Mumias West,Kakamega,Lukoye A Community Health Unit,700854,42209
Fully-functional,Mumias Model Health Centre,Mumias Central,Mumias West,Mumias West,Kakamega,Township C Community Health Unit,700853,41337
Fully-functional,Eshikulu Dispensary,Etenje,Mumias West,Mumias West,Kakamega,Buchifi A Community Health Unit,700852,41733
Fully-functional,Mumias Model Health Centre,Mumias Central,Mumias West,Mumias West,Kakamega,Ichinga B Community Health Unit,700850,40791
Fully-functional,Mumias Model Health Centre,Mumias Central,Mumias West,Mumias West,Kakamega,Ichinga A Community Health Unit,700849,41887
Fully-functional,Mumias Model Health Centre,Mumias Central,Mumias West,Mumias West,Kakamega,Township B Community Health Unit,700848,40660
Fully-functional,Mumias Model Health Centre,Mumias Central,Mumias West,Mumias West,Kakamega,Shibale Community Health Unit,700847,40660
Fully-functional,Matunda Sub-District Hospital,Nzoia,Likuyani,Likuyani,Kakamega,Mtoni Community Health Unit,700846,42339
Fully-functional,Matunda Sub-District Hospital,Nzoia,Likuyani,Likuyani,Kakamega,Kona Community Health Unit,700845,42339
non-functinoal,Mabusi Health Centre,Nzoia,Likuyani,Likuyani,Kakamega,Vinyenya Community Health Unit,700844,41244
Fully-functional,Mabusi Health Centre,Nzoia,Likuyani,Likuyani,Kakamega,Moi's Bridge Community Health Unit,700843,41244
Fully-functional,Bungasi Health Centre,Musanda,Mumias West,Mumias West,Kakamega,Mushikuri Community Health Unit,700842,42184
Fully-functional,Bungasi Health Centre,Musanda,Mumias West,Mumias West,Kakamega,Musanda B Community Health Unit,700841,41456
Fully-functional,Bungasi Health Centre,Musanda,Mumias West,Mumias West,Kakamega,Musanda A Community Health Unit,700840,41456
Fully-functional,Eshikulu Dispensary,Etenje,Mumias West,Mumias West,Kakamega,Buchifi C Community Health Unit,700839,42069
Fully-functional,Bukaya Health Centre,Etenje,Mumias West,Mumias West,Kakamega,Emukhuwa A Community Health Unit,700838,40576
Fully-functional,Bukaya Health Centre,Etenje,Mumias West,Mumias West,Kakamega,Emukhuwa B Community Health Unit,700837,42184
Fully-functional,Bukaya Health Centre,Etenje,Mumias West,Mumias West,Kakamega,Bukaya Community Health Unit,700836,41456
Fully-functional,Bukaya Health Centre,Etenje,Mumias West,Mumias West,Kakamega,Lukongo Community Health Unit,700834,42157
Fully-functional,Shitsitswi Health Centre,Marama Central,Butere,Butere,Kakamega,Bukolwe Community Health Unit,700833,41838
Fully-functional,Imanga Health Centre,Marama Central,Butere,Butere,Kakamega,Bulanda Community Health Unit,700832,40004
Fully-functional,Manyala Sub-District Hospital,Marama South,Butere,Butere,Kakamega,Bukuti Community Health Unit,700831,39762
Fully-functional,Mabole Health Centre,Marenyo-shianda,Butere,Butere,Kakamega,Bukhoko Community Health Unit,700830,39985
Fully-functional,Eshimukoko Health Centre,Marama North,Butere,Butere,Kakamega,Inaya Community Health Unit,700829,39580
Fully-functional,Lukohe Health Centre,Marama North,Butere,Butere,Kakamega,Shikomere Community Health Unit,700828,39884
Fully-functional,Shiraha Health Centre,Marama North,Butere,Butere,Kakamega,Shiasa Community Health Unit,700827,39588
Fully-functional,Shitsitswi Health Centre,Marama Central,Butere,Butere,Kakamega,Matawa Community Health Unit,700826,40066
Fully-functional,Shitsitswi Health Centre,Marama Central,Butere,Butere,Kakamega,Ibokolo Community Health Unit,700825,40040
Fully-functional,Shitsitswi Health Centre,Marama Central,Butere,Butere,Kakamega,Musere Community Health Unit,700824,41781
Fully-functional,Eshimukoko Health Centre,Marama North,Butere,Butere,Kakamega,Eshibimbi Community Health Unit,700823,40648
Fully-functional,Eshimukoko Health Centre,Marama North,Butere,Butere,Kakamega,Elukaka Community Health Unit,700822,40379
Fully-functional,Butere Iranda Health Centre,Marama West,Butere,Butere,Kakamega,Matende Community Health Unit,700821,39736
Fully-functional,Butere Iranda Health Centre,Marama West,Butere,Butere,Kakamega,Iranda Community Health Unit,700820,40250
Fully-functional,Butere Iranda Health Centre,Marama West,Butere,Butere,Kakamega,Ituti Community Health Unit,700819,39788
Fully-functional,Butere Sub County Hospital,Marama Central,Butere,Butere,Kakamega,Ebulafu Community Health Unit,700818,40742
Fully-functional,Butere Sub County Hospital,Marama Central,Butere,Butere,Kakamega,Emuleche Community Health Unit,700817,40740
Fully-functional,Butere Sub County Hospital,Marama Central,Butere,Butere,Kakamega,Ibati Community Health Unit,700816,40379
Fully-functional,Butere Sub County Hospital,Marama Central,Butere,Butere,Kakamega,Shiyiro Community Health Unit,700815,39984
Fully-functional,Manyala Sub-District Hospital,Marama South,Butere,Butere,Kakamega,Shishebu Community Health Unit,700814,41807
Fully-functional,Shisaba Dispensary,Marama West,Butere,Butere,Kakamega,Emukangu Community Health Unit,700813,39977
Fully-functional,Shisaba Dispensary,Marama West,Butere,Butere,Kakamega,Manyika Community Health Unit,700812,39977
Fully-functional,Shisaba Dispensary,Marama West,Butere,Butere,Kakamega,Mwirunya Community Health Unit,700811,41811
Fully-functional,Mungungune Dispensary,Marama West,Butere,Butere,Kakamega,Emunuku Community Health Unit,700810,41010
Fully-functional,Shisaba Dispensary,Marama West,Butere,Butere,Kakamega,Shisaba Community Health Unit,700809,39974
Fully-functional,Namulungu Dispensary,Kholera,Matungu,Matungu,Kakamega,Namulungu B Community Health Unit,700808,41339
Fully-functional,Shibanze Dispensary,Kholera,Matungu,Matungu,Kakamega,Kholera D Community Health Unit,700807,41339
Fully-functional,Shibanze Dispensary,Kholera,Matungu,Matungu,Kakamega,Kholera C Community Health Unit,700806,41339
Fully-functional,Shibanze Dispensary,Kholera,Matungu,Matungu,Kakamega,Kholera B Community Health Unit,700805,41339
Fully-functional,Mung'ung'u Dispensary,Koyonzo,Matungu,Matungu,Kakamega,Nanyeni D Community Health Unit,700804,41437
Fully-functional,Mung'ung'u Dispensary,Koyonzo,Matungu,Matungu,Kakamega,Nanyeni C Community Health Unit,700803,42165
Fully-functional,Mung'ung'u Dispensary,Koyonzo,Matungu,Matungu,Kakamega,Nanyeni B Community Health Unit,700802,42165
Fully-functional,Indangalasia Dispensary,Koyonzo,Matungu,Matungu,Kakamega,Indangalasia B Community Health Unit,700801,42165
Fully-functional,Matungu Sub-County Hospital,Mayoni,Matungu,Matungu,Kakamega,Matungu A Community Health Unit,700800,42165
Fully-functional,Matungu Sub-County Hospital,Mayoni,Matungu,Matungu,Kakamega,Mayoni B Community Health Unit,700799,42165
Fully-functional,Matungu Sub-County Hospital,Mayoni,Matungu,Matungu,Kakamega,Mayoni C Community Health Unit,700798,42165
Fully-functional,Matungu Sub-County Hospital,Mayoni,Matungu,Matungu,Kakamega,Matungu B Community Health Unit,700797,42165
Fully-functional,Matungu Sub-County Hospital,Mayoni,Matungu,Matungu,Kakamega,Makale B Community Health Unit,700796,42165
Fully-functional,Matungu Sub-County Hospital,Mayoni,Matungu,Matungu,Kakamega,Makale A Community Health Unit,700795,42165
Fully-functional,Mirere Health Centre,Namamali,Matungu,Matungu,Kakamega,Namamali B Community Health Unit,700794,41491
Fully-functional,Mirere Health Centre,Namamali,Matungu,Matungu,Kakamega,Namamali A Community Health Unit,700793,41255
Fully-functional,Lubanga Dispensary,Namamali,Matungu,Matungu,Kakamega,Lunganyiro B Community Health Unit,700792,41437
Fully-functional,Lubanga Dispensary,Namamali,Matungu,Matungu,Kakamega,Lunganyiro A Community Health Unit,700791,41437
Fully-functional,Mirere Health Centre,Namamali,Matungu,Matungu,Kakamega,Mirere B Community Health Unit,700790,42206
Fully-functional,Mirere Health Centre,Namamali,Matungu,Matungu,Kakamega,Mirere A Community Health Unit,700789,41506
Fully-functional,Lung'anyiro Health Centre,Namamali,Matungu,Matungu,Kakamega,Munami B Community Health Unit,700788,41430
Fully-functional,Lung'anyiro Health Centre,Namamali,Matungu,Matungu,Kakamega,Munami A Community Health Unit,700787,41430
Fully-functional,Indangalasia Dispensary,Koyonzo,Matungu,Matungu,Kakamega,Indangalasia C Community Health Unit,700786,41345
Fully-functional,Jilango Dispensary,Modogashe,Lagdera,Lagdera,Garissa,Jilango Community Health Unit,700785,42005
Fully-functional,Eldere Dispensary,Modogashe,Lagdera,Lagdera,Garissa,Eldere Community Health Unit,700784,42005
non-functinoal,Barquqe Dispensary,Modogashe,Lagdera,Lagdera,Garissa,Barquqe Community Health Unit,700783,42005
Fully-functional,Ilan Dispensary,Maalamin,Lagdera,Lagdera,Garissa,Ilan Community Health Unit,700782,42005
Fully-functional,Shantaabaq Health Centre (Lagdera),Goreale,Lagdera,Lagdera,Garissa,Shantaabaq Community Health Unit,700781,42005
Fully-functional,Shantaabaq Health Centre (Lagdera),Goreale,Lagdera,Lagdera,Garissa,Goreale Community Health Unit,700780,42005
Fully-functional,Benane Health Centre,Benane,Lagdera,Lagdera,Garissa,Tokojo Community Health Unit,700779,42005
Fully-functional,Benane Health Centre,Benane,Lagdera,Lagdera,Garissa,Benane B Community Health Unit,700778,42005
Fully-functional,Baraki Dispensary,Baraki,Lagdera,Lagdera,Garissa,Baraki Community Health Unit,700777,42005
Fully-functional,Afwein Dispensary,Baraki,Lagdera,Lagdera,Garissa,Afwein Community Health Unit,700776,42005
Fully-functional,Medina Health Centre,Galbet,Garissa Township,Garissa,Garissa,Medina Two Community Health Unit,700775,42795
Fully-functional,Garissa County Referral Hospital,Waberi,Garissa Township,Garissa,Garissa,Garissa County Referral Community Health Unit,700774,42795
Fully-functional,Al-Faruq Dispensary,Waberi,Garissa Township,Garissa,Garissa,Alfaruq Community Health Unit,700773,42795
Fully-functional,Utawala Dispensary,Galbet,Garissa Township,Garissa,Garissa,Utawala Community Health Unit,700772,42065
Fully-functional,GK Prison Dispensary (Garissa),Township,Garissa Township,Garissa,Garissa,Gk Prisons Community Health Unit,700771,42795
Fully-functional,Police Line Dispensary (Garissa),Township,Garissa Township,Garissa,Garissa,Policeline Community Health Unit,700770,42795
Fully-functional,Bulla Mzuri Dispensary,Waberi,Garissa Township,Garissa,Garissa,Bulla Mzuri Community Health Unit,700769,42767
Fully-functional,Iftin Sub-District Hospital,Iftin,Garissa Township,Garissa,Garissa,Iftin West Community Health Unit,700768,42767
Fully-functional,Iftin Sub-District Hospital,Iftin,Garissa Township,Garissa,Garissa,Iftin One Community Health Unit,700767,42795
Fully-functional,Iftin Sub-District Hospital,Iftin,Garissa Township,Garissa,Garissa,Ifin East Community Health Unit,700766,42096
Fully-functional,Bour-Algy Dispensary,Iftin,Garissa Township,Garissa,Garissa,Bouargi Community Health Unit,700765,42675
Fully-functional,Korakora Health Centre,Iftin,Garissa Township,Garissa,Garissa,Korakora Community Health Unit,700763,42340
semi-functional,Eshiongo Dispensary,Shinoyi-shikomari-esumeiya,Navakholo,Navakholo,Kakamega,Esumeyia B Community Health Unit,700762,41927
semi-functional,Eshiongo Dispensary,Shinoyi-shikomari-esumeiya,Navakholo,Navakholo,Kakamega,Shikomari B Community Health Unit,700761,42139
semi-functional,Eshiongo Dispensary,Shinoyi-shikomari-esumeiya,Navakholo,Navakholo,Kakamega,Shikomari A Community Health Unit,700760,41289
semi-functional,Ematiha Dispensary,Ingoste-matiha,Navakholo,Navakholo,Kakamega,Ematiha C Community Health Unit,700759,41289
semi-functional,Ematiha Dispensary,Ingoste-matiha,Navakholo,Navakholo,Kakamega,Ematiha B Community Health Unit,700758,41927
semi-functional,Bushiri Health Centre,Ingoste-matiha,Navakholo,Navakholo,Kakamega,Shinoyi B Community Health Unit,700757,41075
semi-functional,Bushiri Health Centre,Ingoste-matiha,Navakholo,Navakholo,Kakamega,Shinoyi A Community Health Unit,700756,41075
semi-functional,Bushiri Health Centre,Ingoste-matiha,Navakholo,Navakholo,Kakamega,Ingotse B Community Health Unit,700755,41075
semi-functional,Sisokhe Dispensary,Bunyala West,Navakholo,Navakholo,Kakamega,Sisokhe Community Health Unit,700754,41075
semi-functional,Kisembe Dispensary,Bunyala West,Navakholo,Navakholo,Kakamega,Kisembe Community Health Unit,700753,41289
semi-functional,Kharanda Health Centre,Bunyala West,Navakholo,Navakholo,Kakamega,Kochwa Community Health Unit,700752,41289
semi-functional,Butingo Dispensary,Bunyala West,Navakholo,Navakholo,Kakamega,Lusumu B Community Health Unit,700751,40862
semi-functional,Budonga Dispensary,Bunyala West,Navakholo,Navakholo,Kakamega,Budonga C Community Health Unit,700750,41927
semi-functional,Budonga Dispensary,Bunyala West,Navakholo,Navakholo,Kakamega,Budonga B Community Health Unit,700749,40862
semi-functional,Sivilie Health Centre,Bunyala East,Navakholo,Navakholo,Kakamega,Sivilie B Community Health Unit,700748,42139
semi-functional,Namirama Dispensary,Bunyala East,Navakholo,Navakholo,Kakamega,Namirama B Community Health Unit,700747,42170
semi-functional,Namirama Dispensary,Bunyala East,Navakholo,Navakholo,Kakamega,Namirama A Community Health Unit,700746,41927
semi-functional,Navakholo Sub-District Hospital,Bunyala Central,Navakholo,Navakholo,Kakamega,Siyenga Community Health Unit,700745,41289
semi-functional,Navakholo Sub-District Hospital,Bunyala Central,Navakholo,Navakholo,Kakamega,Sirigoi Community Health Unit,700744,40921
semi-functional,Namirama Dispensary,Bunyala East,Navakholo,Navakholo,Kakamega,Nambacha Community Health Unit,700743,42139
semi-functional,Navakholo Sub-District Hospital,Bunyala Central,Navakholo,Navakholo,Kakamega,Matoi Community Health Unit,700742,41334
semi-functional,Buchangu Dispensary,Bunyala Central,Navakholo,Navakholo,Kakamega,Buchangu B Community Health Unit,700741,42125
Fully-functional,Ghazi Dispensary,Ngolia,Voi,Voi,Taita Taveta,Ghazi Community Health Unit,700740,42065
Fully-functional,Lukhokhwe Dispensary,Milima,Tongaren,Tongaren,Bungoma,Maliki Community Health Unit,700739,41092
Fully-functional,Wamba Health Centre,Wamba East,Samburu East,Samburu East,Samburu,Sordo Namunyak Community Health Unit.,700738,42681
Fully-functional,Archers Post Health Centre,Waso,Samburu East,Samburu East,Samburu,Lorubae Community Health Unit,700737,42702
Fully-functional,Makutano Health Centre,Soysambu/Mitua,Tongaren,Tongaren,Bungoma,Buyanzi Community Health Unit,700736,41936
Fully-functional,Tongaren Model Health Centre,Tongaren,Tongaren,Tongaren,Bungoma,Katimba Community Health Unit,700735,42320
Fully-functional,Naitiri Sub-County Hospital,Mbakalo,Tongaren,Tongaren,Bungoma,Luuya Community Health Unit,700734,41936
Fully-functional,Kibisi Dispensary,Mbakalo,Tongaren,Tongaren,Bungoma,Lutonyi Community Health Unity,700733,42005
Fully-functional,Kibisi Dispensary,Mbakalo,Tongaren,Tongaren,Bungoma,Lunyu Community Health Unit,700732,41936
Fully-functional,Makutano Health Centre,Soysambu/Mitua,Tongaren,Tongaren,Bungoma,Mitua Community Health Unit,700731,41936
Fully-functional,Soteni Dispensary,Mbakalo,Tongaren,Tongaren,Bungoma,Mbakalo Community Health Unit,700730,41936
Fully-functional,Naitiri Sub-County Hospital,Mbakalo,Tongaren,Tongaren,Bungoma,Milima Community Health Unit,700729,41936
Fully-functional,Makutano Health Centre,Soysambu/Mitua,Tongaren,Tongaren,Bungoma,Siangalamwe Community Health Unit,700728,41936
Fully-functional,Kahawa West Health Centre,Kahawa,Roysambu,Roysambu,Nairobi,Githurai Majengo Community Health Unit,700727,41863
Closed,Marurui Dispensary,Roysambu,Roysambu,Roysambu,Nairobi,Marurui Glucola Community Health Unit,700726,41800
semi-functional,Mihuu Dispensary,Mihuu,Webuye East,Webuye East,Bungoma,Satellite Community Health Unit,700725,42745
Fully-functional,Nyamasibi Sub-County Hospital,Nyamasibi,Nyaribari Masaba,Nyaribari Masaba,Kisii,Ebachwa Community Health Unit,700724,40666
Fully-functional,Sosera Health Centre,Nyamasibi,Nyaribari Masaba,Nyaribari Masaba,Kisii,Sosera Community Health Unit,700723,40667
Fully-functional,Kiamokama health centre,Gesusu,Nyaribari Masaba,Nyaribari Masaba,Kisii,Getare Community Health Unit,700722,40701
Fully-functional,Ibacho Sub-County Hospital,Kiamokama,Nyaribari Masaba,Nyaribari Masaba,Kisii,Ibacho Community Health Unit,700721,40703
Fully-functional,Ekerubo Health Centre (Masaba South),Ichuni,Nyaribari Masaba,Nyaribari Masaba,Kisii,Chitago Community Health Unit,700720,40704
Fully-functional,Masimba Sub-County Hospital,Masimba,Nyaribari Masaba,Nyaribari Masaba,Kisii,Ibanchore Community Health Unit,700719,40695
Fully-functional,Gesusu Sub-County Referral Hospital,Gesusu,Nyaribari Masaba,Nyaribari Masaba,Kisii,Getacho Community Health Unit,700718,40701
Fully-functional,Lukhuna Dispensary,Tongaren,Tongaren,Tongaren,Bungoma,Lukhuna Community Health Unit,700717,40028
Fully-functional,Tabani Dispensary,Ndalu,Tongaren,Tongaren,Bungoma,Bunambo Community Health Unit,700716,41936
Fully-functional,Tabani Dispensary,Ndalu,Tongaren,Tongaren,Bungoma,Tabani Community Health Unit,700715,41092
Fully-functional,Kibisi Dispensary,Mbakalo,Tongaren,Tongaren,Bungoma,Musembe Community Health Unit,700714,41821
Fully-functional,Lukhokhwe Dispensary,Milima,Tongaren,Tongaren,Bungoma,Kambi Chura Community Health Unit,700713,41936
Fully-functional,Pwani Dispensary,Naitiri/Kabuyefwe,Tongaren,Tongaren,Bungoma,Pwani Community Health Unit,700712,41092
Fully-functional,Sango Kabuyefwe Dispensary,Naitiri/Kabuyefwe,Tongaren,Tongaren,Bungoma,Siumbwa Community Health Unit,700711,41936
Fully-functional,Ndalu Health Centre,Ndalu,Tongaren,Tongaren,Bungoma,Misanga Community Health Unit,700710,39995
Fully-functional,Naitiri Sub-County Hospital,Mbakalo,Tongaren,Tongaren,Bungoma,Nabing'eng'e Community Health Unit,700709,41072
Fully-functional,Tongaren Model Health Centre,Tongaren,Tongaren,Tongaren,Bungoma,Kakamwe Community Health Unit,700708,41100
Fully-functional,Naitiri Sub-County Hospital,Mbakalo,Tongaren,Tongaren,Bungoma,Bondeni Community Health Unit,700707,42157
Fully-functional,Makutano Health Centre,Soysambu/Mitua,Tongaren,Tongaren,Bungoma,Narati Community Health Unit,700706,41821
Fully-functional,Kamukuywa (ACK) Dispensary,Milima,Tongaren,Tongaren,Bungoma,Bilibili Community Health Unit,700705,40724
Fully-functional,Ndalu Health Centre,Ndalu,Tongaren,Tongaren,Bungoma,Musangura Community Health Unit,700704,41969
Fully-functional,Tongaren Model Health Centre,Tongaren,Tongaren,Tongaren,Bungoma,Mabusi Community Health Unit,700703,41927
Fully-functional,Tongaren Model Health Centre,Tongaren,Tongaren,Tongaren,Bungoma,Binyenya Community Health Unit,700702,42045
Fully-functional,Ndalu Health Centre,Ndalu,Tongaren,Tongaren,Bungoma,Muliro Community Health Unit,700701,41883
Fully-functional,Karima Dispensary,Mbakalo,Tongaren,Tongaren,Bungoma,Karima Community Health Unit,700700,41948
Fully-functional,Karima Dispensary,Mbakalo,Tongaren,Tongaren,Bungoma,Makunga Community Health Unit,700699,41948
Fully-functional,Nyacheki Sub County Hospital,Nyacheki,Bobasi,Bobasi,Kisii,Isena Community Health Unit,700698,40945
Fully-functional,Itibo Eramani Dispensary,Nyacheki,Bobasi,Bobasi,Kisii,Itibo Eramani Community Health Unit,700697,41337
Fully-functional,Omosaria Dispensary,Masige West,Bobasi,Bobasi,Kisii,Omosaria Community Health Unit,700696,41764
Fully-functional,Nyachenge Dispensary,Masige West,Bobasi,Bobasi,Kisii,Nyachenge Community Health Unit,700695,41673
Fully-functional,Kionyo Health Centre,Masige East,Bobasi,Bobasi,Kisii,Turwa Community Health Unit,700694,41334
Fully-functional,Nyachogochogo Dispensary,Bassi Bogetaorio,Bobasi,Bobasi,Kisii,Nyachogochogo Community Health Unit,700693,41306
Fully-functional,Gesabakwa Health Centre,Bassi Bogetaorio,Bobasi,Bobasi,Kisii,Gesabakwa Community Health Unit,700692,41306
Fully-functional,Nyamache Sub County Referral Hospital,Basi Central,Bobasi,Bobasi,Kisii,Nyoera Community Health Unity,700691,40909
Fully-functional,Kenyambi Health Centre,Basi Central,Bobasi,Bobasi,Kisii,Kegochi B Community Health Unity,700690,40513
Fully-functional,Kenyambi Health Centre,Basi Central,Bobasi,Bobasi,Kisii,Kegochi A Community Health Unity,700687,40513
Fully-functional,Sango Natiri Dispensary,Naitiri/Kabuyefwe,Tongaren,Tongaren,Bungoma,Sango Community Health Unit,700686,40724
Fully-functional,Sirakaru Dispensary,Naitiri/Kabuyefwe,Tongaren,Tongaren,Bungoma,Sirakaru Community Health Unit,700685,41967
Fully-functional,Lungai Dispensary,Naitiri/Kabuyefwe,Tongaren,Tongaren,Bungoma,Lungai Community Health Unit,700684,39840
semi-functional,Mihuu Dispensary,Mihuu,Webuye East,Webuye East,Bungoma,Sipala Community Health Unit,700683,42745
Fully-functional,Apatit Dispensary,Amukura Central,Teso South,Teso South,Busia,Aderema Community Health Unit,700682,42412
Fully-functional,Amukura Health Centre,Amukura East,Teso South,Teso South,Busia,Katelenyang Community Health Unit,700679,42412
Fully-functional,Likoni District Hospital,Timbwani,Likoni,Likoni,Mombasa,Kibuyuni Community Health Unit,700676,41591
Fully-functional,Nys Dispensary (Likoni),Mtongwe,Likoni,Likoni,Mombasa,Midodoni Community Health Unit,700675,41591
Fully-functional,Mtongwe (MCM) Dispensary,Mtongwe,Likoni,Likoni,Mombasa,Mweza Community Health Unit,700674,41591
Fully-functional,Upendo Dispensary,Hospital,Mathare,Mathare,Nairobi,Kosovo Community Health Unit,700673,40182
Fully-functional,Kitale County Hospital,Hospital,Kiminini,Kiminini,Trans Nzoia,Gatua Community Health Unit,700672,42430
Fully-functional,Tulwet Health Centre,Waitaluk,Kiminini,Kiminini,Trans Nzoia,Kahuho Community Health Unit,700671,42374
Fully-functional,Entanda Health Centre,Monyerero,Kitutu Chache North,Kitutu Chache North,Kisii,Kenyoro Community Health Unit,700670,41918
Fully-functional,Kegogi Health Centre,Kegogi,Kitutu Chache North,Kitutu Chache North,Kisii,Metembe Community Health Unit,700669,41918
semi-functional,Riokindo Health Centre,Bokimonge,Bomachoge Borabu,Bomachoge Borabu,Kisii,Bokimonge Community Health Unit,700668,41075
Fully-functional,Kegogi Health Centre,Kegogi,Kitutu Chache North,Kitutu Chache North,Kisii,Omoenga Community Health Unit,700667,41918
semi-functional,Riokindo Health Centre,Bokimonge,Bomachoge Borabu,Bomachoge Borabu,Kisii,Nyabitunwa Community Health Unit,700666,41075
Fully-functional,Sieka Dispensary,Marani,Kitutu Chache North,Kitutu Chache North,Kisii,Onywere Community Health Unit,700665,41575
non-functinoal,Magena Health Centre,Boochi Borabu,Bomachoge Borabu,Bomachoge Borabu,Kisii,Nyamesocho Community Health Unit,700664,41075
Fully-functional,Sieka Dispensary,Marani,Kitutu Chache North,Kitutu Chache North,Kisii,Megogo Community Health Unit,700663,41575
Fully-functional,Omobera Dispensary,Bokimonge,Bomachoge Borabu,Bomachoge Borabu,Kisii,Kiru Community Health Unit,700662,41075
Fully-functional,Nyasore Dispensary,Marani,Kitutu Chache North,Kitutu Chache North,Kisii,Borabu Community Health Unit,700661,41575
Fully-functional,Magena Health Centre,Boochi Borabu,Bomachoge Borabu,Bomachoge Borabu,Kisii,Ichuni Community Health Unit,700660,41075
Fully-functional,Nyasore Dispensary,Marani,Kitutu Chache North,Kitutu Chache North,Kisii,Nyamage Community Health Unit,700659,41575
Fully-functional,Magena Health Centre,Boochi Borabu,Bomachoge Borabu,Bomachoge Borabu,Kisii,Igorera Community Health Unit,700658,41805
Fully-functional,Entanda Health Centre,Monyerero,Kitutu Chache North,Kitutu Chache North,Kisii,Ikuruma Community Health Unit,700657,41918
Fully-functional,Magena Health Centre,Boochi Borabu,Bomachoge Borabu,Bomachoge Borabu,Kisii,Mogonga Community Health Unit,700656,41805
Fully-functional,Marani District Hospital,Marani,Kitutu Chache North,Kitutu Chache North,Kisii,Igemo Community Health Unit,700655,41074
non-functinoal,Magenche Health Centre,Magenche,Bomachoge Borabu,Bomachoge Borabu,Kisii,Igwera Community Health Unit,700654,40436
Fully-functional,Magenche Health Centre,Magenche,Bomachoge Borabu,Bomachoge Borabu,Kisii,Nyamecheo Community Health Unit,700653,41090
Fully-functional,Magena Health Centre,Boochi Borabu,Bomachoge Borabu,Bomachoge Borabu,Kisii,Emesa Community Health Unit,700652,41455
semi-functional,Nzoia Matete Dispensary,Lwandeti,Lugari,Lugari,Kakamega,Nzoia B Community Health Unit,700651,42159
semi-functional,Nzoia Matete Dispensary,Lwandeti,Lugari,Lugari,Kakamega,Nzoia Community Health Unit,700650,41066
semi-functional,National Youth Service Dispensary (Turbo),Lumakanda,Lugari,Lugari,Kakamega,Nys B Community Health Unit,700649,42158
semi-functional,National Youth Service Dispensary (Turbo),Lumakanda,Lugari,Lugari,Kakamega,Nys Community Health Unit,700648,41276
Fully-functional,Nyagesenda Dispensary,Sensi,Kitutu Chache North,Kitutu Chache North,Kisii,Sensi Community Health Unit,700647,41074
semi-functional,Musembe Dispensary (Lugari),Chekalini,Lugari,Lugari,Kakamega,Musembe Community Health Unit,700646,41248
Fully-functional,Marani District Hospital,Marani,Kitutu Chache North,Kitutu Chache North,Kisii,Nyakeiri Community Health Unit,700645,41074
semi-functional,Munyuki Dispensary,Lumakanda,Lugari,Lugari,Kakamega,Munyuki Community Health Unit,700644,40849
semi-functional,Mukuyu Dispensary,Mautuma,Lugari,Lugari,Kakamega,Mukuyu Community Health Unit,700643,41064
semi-functional,Mukuyu Dispensary,Mautuma,Lugari,Lugari,Kakamega,Makutano Community Health Unit,700642,41914
semi-functional,Mbagara Dispensary,Mautuma,Lugari,Lugari,Kakamega,Mbagara B Community Health Unit,700641,42128
semi-functional,Mbagara Dispensary,Mautuma,Lugari,Lugari,Kakamega,Mbagara Community Health Unit,700640,41276
semi-functional,Mautuma Sub County Hospital,Mautuma,Lugari,Lugari,Kakamega,Mlimani Community Health Unit,700639,41276
semi-functional,Maturu Dispensary,Lwandeti,Lugari,Lugari,Kakamega,Mukhonje Community Health Unit,700638,41914
semi-functional,Matete Health Centre,Chevaywa,Lugari,Lugari,Kakamega,Kivaywa C Community Health Unit,700637,41064
semi-functional,Matete Health Centre,Chevaywa,Lugari,Lugari,Kakamega,Kivaywa B Community Health Unit,700636,41064
semi-functional,Matete Health Centre,Chevaywa,Lugari,Lugari,Kakamega,Kivaywa Community Health Unit,700635,41064
semi-functional,Marakusi Dispensary,Lugari,Lugari,Lugari,Kakamega,Kutwa Community Health Unit,700634,42128
semi-functional,Mapengo Dispensary,Chekalini,Lugari,Lugari,Kakamega,Mapengo Community Health Unit,700633,42157
semi-functional,Majengo Dispensary,Lumakanda,Lugari,Lugari,Kakamega,Majengo B Community Health Unit,700632,41913
semi-functional,Majengo Dispensary,Lumakanda,Lugari,Lugari,Kakamega,Majengo A Community Health Unit,700631,41276
semi-functional,Mahanga Dispensary (Lugari),Lwandeti,Lugari,Lugari,Kakamega,Mahanga Community Health Unit,700630,40910
semi-functional,Lwandeti Dispensary,Lwandeti,Lugari,Lugari,Kakamega,Mutua Community Health Unit,700629,42128
semi-functional,Mahanga Dispensary (Lugari),Lwandeti,Lugari,Lugari,Kakamega,Lukhokho Community Health Unit,700628,42128
semi-functional,Lumani Dispensary,Chevaywa,Lugari,Lugari,Kakamega,Kulumbeni C Community Health Unit,700627,41064
semi-functional,Lumani Dispensary,Chevaywa,Lugari,Lugari,Kakamega,Kulumbeni B Community Health Unit,700626,41064
semi-functional,Lumakanda Sub County Hospital,Lumakanda,Lugari,Lugari,Kakamega,Lumakanda B Community Health Unit,700625,42157
semi-functional,Lumakanda Sub County Hospital,Lumakanda,Lugari,Lugari,Kakamega,Lumakanda A Community Health Unit,700624,42157
semi-functional,Lugari Forest Dispensary,Lugari,Lugari,Lugari,Kakamega,Lugari Forest Community Health Unit,700623,42156
Fully-functional,GK Prisons Dispensary (Busia),Bukhayo West,Matayos,Matayos,Busia,Namalenga Community Health Unit,700622,41061
Fully-functional,Matayos Health Centre,Matayos South,Matayos,Matayos,Busia,Igero Community Health Unit,700621,41426
Fully-functional,Busibwabo Dispensary,Busibwabo,Matayos,Matayos,Busia,Alungoli Community Health Unit,700620,41426
Fully-functional,Busibwabo Dispensary,Busibwabo,Matayos,Matayos,Busia,Nakhakina Community Health Unit,700619,41791
Fully-functional,Matayos Health Centre,Matayos South,Matayos,Matayos,Busia,Luliba Community Health Unit,700618,41791
Fully-functional,Matayos Health Centre,Matayos South,Matayos,Matayos,Busia,Busende Community Health Unit,700617,41791
Fully-functional,Nasewa Health Centre,Matayos South,Matayos,Matayos,Busia,Mabunge Community Health Unit,700616,41061
Fully-functional,Nasira Dispensary,Busibwabo,Matayos,Matayos,Busia,Nasira Community Health Unit,700615,41061
Fully-functional,Nasewa Health Centre,Matayos South,Matayos,Matayos,Busia,Buyama Community Health Unit,700614,41061
Fully-functional,Nasewa Health Centre,Matayos South,Matayos,Matayos,Busia,Lunga Community Health Unit,700613,41791
Fully-functional,Matayos Health Centre,Matayos South,Matayos,Matayos,Busia,Muyafwa Community Health Unit,700612,41821
Fully-functional,Bukalama Dispensary,Bukhayo West,Matayos,Matayos,Busia,Bugeng'i A Community Health Unit,700611,40330
Fully-functional,Bukalama Dispensary,Bukhayo West,Matayos,Matayos,Busia,Bugeng'i B Community Health Unit,700610,40210
semi-functional,Malekha Dispensary,Shirungu-mugai,Malava,Malava,Kakamega,Shipala Community Health Unit,700609,42046
semi-functional,Mumbule Dispensary,East Sang'alo,Kanduyi,Kanduyi,Bungoma,Kimugui Community Health Unit,700608,41309
semi-functional,Mechimeru Model Health Center,East Sang'alo,Kanduyi,Kanduyi,Bungoma,Sikalame Community Health Unit,700607,41309
semi-functional,Bukembe Dispensary,Bukembe East,Kanduyi,Kanduyi,Bungoma,Misanga Community Health Unit,700606,41309
semi-functional,Ndengelwa Dispensary,Bukembe West,Kanduyi,Kanduyi,Bungoma,Nalutiri Community Health Unit,700605,41309
Fully-functional,Ndengelwa Dispensary,Bukembe West,Kanduyi,Kanduyi,Bungoma,Muyayi Community Health Unit,700604,41673
semi-functional,Ekitale Dispensary,West Sang'alo,Kanduyi,Kanduyi,Bungoma,Siangwe Community Health Unit,700603,41306
semi-functional,Musikoma Dispensary,Musikoma,Kanduyi,Kanduyi,Bungoma,Walala Community Health Unit,700602,41309
semi-functional,Mayanja Dispensary,Marakaru/Tuuti,Kanduyi,Kanduyi,Bungoma,Kabusasi Community Health Unit,700601,41316
semi-functional,Mayanja Dispensary,Marakaru/Tuuti,Kanduyi,Kanduyi,Bungoma,Kikwechi Community Health Unit,700600,41309
semi-functional,Mayanja Dispensary,Marakaru/Tuuti,Kanduyi,Kanduyi,Bungoma,Marakaru Community Health Unit,700599,41309
semi-functional,Kibabii Health Centre,Marakaru/Tuuti,Kanduyi,Kanduyi,Bungoma,Namikelo Community Health Unit,700598,41680
semi-functional,Kibabii Health Centre,Marakaru/Tuuti,Kanduyi,Kanduyi,Bungoma,Tuuti Community Health Unit,700597,41309
semi-functional,Bungoma County Referral Hospital,Township,Kanduyi,Kanduyi,Bungoma,Siloba Community Health Unit,700596,41673
semi-functional,Bungoma County Referral Hospital,Township,Kanduyi,Kanduyi,Bungoma,Lukhuna Community Health Unit,700595,41673
semi-functional,Bungoma County Referral Hospital,Township,Kanduyi,Kanduyi,Bungoma,Bwema Community Health Unit,700594,41680
semi-functional,Bungoma County Referral Hospital,Township,Kanduyi,Kanduyi,Bungoma,Bondeni Community Health Unit,700593,41316
Fully-functional,Bungoma County Referral Hospital,Township,Kanduyi,Kanduyi,Bungoma,South Kanduyi Community Health Unit,700592,41309
Fully-functional,Bungoma County Referral Hospital,Township,Kanduyi,Kanduyi,Bungoma,Township Community Health Unit,700591,40819
semi-functional,Mansile Dispensary,Heillu/Manyatta,Moyale,Moyale,Marsabit,Mansile Community Health Unit,700590,42038
semi-functional,Anona Dispensary,Sololo,Moyale,Moyale,Marsabit,Anona Community Health Unit,700589,42044
semi-functional,Ambalo Dispensary,Obbu,Moyale,Moyale,Marsabit,Ambalo Community Health Unit,700588,42038
semi-functional,Walda Health Centre,Uran,Moyale,Moyale,Marsabit,Walda Community Health Unit,700587,42047
semi-functional,Sololo Makutano Dispensary,Sololo,Moyale,Moyale,Marsabit,Sololo Makutano Community Health Unit,700586,42046
Fully-functional,Butiye Dispensary,Butiye,Moyale,Moyale,Marsabit,Butiye Community Health Unit,700585,42041
Fully-functional,Yaballo Dispensary,Golbo,Moyale,Moyale,Marsabit,Yaballo Community Health Unit,700584,42040
Fully-functional,Kinisa Dispensary,Golbo,Moyale,Moyale,Marsabit,Kinisa Community Health Unit,700583,42039
Fully-functional,Somare Dispensary,Butiye,Moyale,Moyale,Marsabit,Somare Community Health Unit,700582,42041
Fully-functional,Bori Dispensary,Butiye,Moyale,Moyale,Marsabit,Bori Community Health Unit,700581,41676
semi-functional,Uran Health Centre,Uran,Moyale,Moyale,Marsabit,Uran Community Health Unit,700580,42040
semi-functional,Golole Dispensary,Uran,Moyale,Moyale,Marsabit,Golole Community Health Unit,700579,42038
semi-functional,Waye Godha Dispensary,Sololo,Moyale,Moyale,Marsabit,Waye Godha Community Health Unit,700578,41671
semi-functional,Lwandanyi Dispensary,Lwandanyi,Sirisia,Sirisia,Bungoma,Tulienge Community Health Unit,700577,42646
semi-functional,Dambalafachana Health Centre,Obbu,Moyale,Moyale,Marsabit,Dambala Fachana Community Health Unit,700576,41671
semi-functional,Heillu Dispensary,Heillu/Manyatta,Moyale,Moyale,Marsabit,Heillu Community Health Unit,700575,41671
semi-functional,Dabel Health Centre,Golbo,Moyale,Moyale,Marsabit,Dabel Community Health Unit,700574,41671
semi-functional,Odda Dispensary (Moyale),Golbo,Moyale,Moyale,Marsabit,Odda Community Health Unit,700573,42040
semi-functional,Nana Dispensary,Golbo,Moyale,Moyale,Marsabit,Nana Community Health Unit,700572,41640
semi-functional,Godoma Model Health Centre (Moyale),Golbo,Moyale,Moyale,Marsabit,Godoma Community Health Unit,700571,42340
Fully-functional,Chepkerer Dispensary,Kaptama,Mt. Elgon,Mt Elgon,Bungoma,Chepkerer Community Health Unit,700570,41348
Fully-functional,Mokomoni Health Centre,Kiabonyoru,Borabu,Borabu,Nyamira,Mokomoni Community Health Unit,700569,41920
Fully-functional,Chepngombe Health Centre,Esise,Borabu,Borabu,Nyamira,Manga Community Health Unit,700567,41311
semi-functional,Kaboywo Dispensary,Kaptama,Mt. Elgon,Mt Elgon,Bungoma,Toboo Community Health Unit,700566,42500
semi-functional,Mt Elgon Sub County Hospital,Elgon,Mt. Elgon,Mt Elgon,Bungoma,Laboot Community Health Unit,700565,42500
Fully-functional,Sambocho Health Centre,Elgon,Mt. Elgon,Mt Elgon,Bungoma,Sambocho Community Health Unit,700563,41348
Fully-functional,Koshok Dispensary,Elgon,Mt. Elgon,Mt Elgon,Bungoma,Kipyeto Community Health Unit,700562,41348
Fully-functional,Koshok Dispensary,Elgon,Mt. Elgon,Mt Elgon,Bungoma,Koshok Community Health Unit,700561,41348
Fully-functional,Koshok Dispensary,Elgon,Mt. Elgon,Mt Elgon,Bungoma,Nomorio Community Health Unit,700560,41348
Fully-functional,Mt Elgon Sub County Hospital,Elgon,Mt. Elgon,Mt Elgon,Bungoma,Kimobo Community Health Unit,700559,41348
Fully-functional,Mt Elgon Sub County Hospital,Elgon,Mt. Elgon,Mt Elgon,Bungoma,Kibuk Community Health Unit,700558,41348
Fully-functional,Mt Elgon Sub County Hospital,Elgon,Mt. Elgon,Mt Elgon,Bungoma,Bugaa Community Health Unit,700557,41348
Fully-functional,Mt Elgon Sub County Hospital,Elgon,Mt. Elgon,Mt Elgon,Bungoma,Kapsokwony Community Health Unit,700556,41348
Fully-functional,Chemworemwo Dispensary,Elgon,Mt. Elgon,Mt Elgon,Bungoma,Chemworemwo Community Health Unit,700555,41348
Fully-functional,Chemses Dispensary,Elgon,Mt. Elgon,Mt Elgon,Bungoma,Chemses Community Health Unit,700554,41348
Fully-functional,Chemses Dispensary,Elgon,Mt. Elgon,Mt Elgon,Bungoma,Chemoge Community Health Unit,700553,41289
Fully-functional,Kaptalelio Dispensary,Kaptama,Mt. Elgon,Mt Elgon,Bungoma,Kongit Community Health Unit,700552,40765
Fully-functional,Kamenjo Dispensary,Kaptama,Mt. Elgon,Mt Elgon,Bungoma,Kamenjo Community Health Unit,700551,40765
Fully-functional,Kamuneru Dispensary,Elgon,Mt. Elgon,Mt Elgon,Bungoma,Kamuneru Community Health Unit,700550,40765
Fully-functional,Kaptama (Friends) Health Centre,Kaptama,Mt. Elgon,Mt Elgon,Bungoma,Kaptama Community Health Unit,700549,40765
Fully-functional,Chesinende Dispensary,Kaptama,Mt. Elgon,Mt Elgon,Bungoma,Chesinende Community Health Unit,700548,41289
Fully-functional,Kaboywo Dispensary,Kaptama,Mt. Elgon,Mt Elgon,Bungoma,Kaboywo Community Health Unit,700547,41289
semi-functional,Mukhe Dispensary,Misikhu,Webute West,Webuye West,Bungoma,Sirende Community Health Unit,700546,42370
semi-functional,Mukhe Dispensary,Misikhu,Webute West,Webuye West,Bungoma,Nambami Community Health Unit,700545,42370
semi-functional,Mukhe Dispensary,Misikhu,Webute West,Webuye West,Bungoma,Mukhe Community Health Unit,700544,42370
semi-functional,Mukhe Dispensary,Misikhu,Webute West,Webuye West,Bungoma,Bunjosi Community Health Unit,700543,42370
semi-functional,Misikhu Dispensary,Misikhu,Webute West,Webuye West,Bungoma,Misikhu Community Health Unit,700542,42370
semi-functional,Kayaya Dispensary,Matulo,Webute West,Webuye West,Bungoma,Sirisia Community Health Unit,700541,42370
semi-functional,Kayaya Dispensary,Matulo,Webute West,Webuye West,Bungoma,Lugulu Community Health Unit,700540,42370
semi-functional,Kayaya Dispensary,Matulo,Webute West,Webuye West,Bungoma,Kayaya Community Health Unit,700539,42005
semi-functional,Webuye Hospital,Matulo,Webute West,Webuye West,Bungoma,Township D Community Health Unit,700538,42370
semi-functional,Webuye Hospital,Matulo,Webute West,Webuye West,Bungoma,Township C Community Health Unit,700537,42370
semi-functional,Webuye Hospital,Matulo,Webute West,Webuye West,Bungoma,Township B Community Health Unit,700536,42370
semi-functional,Webuye Hospital,Matulo,Webute West,Webuye West,Bungoma,Township A Community Health Unit,700535,42005
semi-functional,Miendo Dispensary,Bokoli,Webute West,Webuye West,Bungoma,Miendo B Community Health Unit,700534,41640
semi-functional,Miendo Dispensary,Bokoli,Webute West,Webuye West,Bungoma,Miendo A Community Health Unity,700533,41640
semi-functional,Matisi Dispensary,Bokoli,Webute West,Webuye West,Bungoma,Matisi B Community Health Unity,700532,42005
semi-functional,Matisi Dispensary,Bokoli,Webute West,Webuye West,Bungoma,Matisi A Community Health Unity,700531,42005
semi-functional,Mahanga Dispensary,Bokoli,Webute West,Webuye West,Bungoma,Mahanga B Community Health Unit,700530,42370
semi-functional,Matulo Dispensary,Matulo,Webute West,Webuye West,Bungoma,Matulo B Community Health Unit,700529,42370
semi-functional,Bokoli Hospital,Bokoli,Webute West,Webuye West,Bungoma,Bokoli B Community Health Unit,700528,42370
Fully-functional,Kirogo Dispensary,Gathigiriri,Mwea,Kirinyaga South,Kirinyaga,Mahiga-ini Community Health Unit,700527,42292
Fully-functional,Burumba Dispensary,Burumba,Matayos,Matayos,Busia,Mjini Community Health Unit,700526,40909
Fully-functional,Shikusi Dispensary,Isukha South,Shinyalu,Shinyalu,Kakamega,Shirulu Community Health Unit,700525,41240
semi-functional,Shikusi Dispensary,Isukha South,Shinyalu,Shinyalu,Kakamega,Shidodo C Community Health Unit,700524,42195
semi-functional,Shikusi Dispensary,Isukha South,Shinyalu,Shinyalu,Kakamega,Shidodo B Community Health Unit,700523,41355
Fully-functional,Shikusi Dispensary,Isukha South,Shinyalu,Shinyalu,Kakamega,Shidodo A Community Health Unit,700522,41355
Fully-functional,Chief Milimu Dispensary,Isukha South,Shinyalu,Shinyalu,Kakamega,Shitochi B Community Health Unit,700521,41355
Fully-functional,Chief Milimu Dispensary,Isukha South,Shinyalu,Shinyalu,Kakamega,Shitochi A Community Health Unit,700520,41355
Fully-functional,Chief Milimu Dispensary,Isukha South,Shinyalu,Shinyalu,Kakamega,Museno B Community Health Unit,700519,42199
Fully-functional,Chief Milimu Dispensary,Isukha South,Shinyalu,Shinyalu,Kakamega,Museno A Community Health Unit,700518,40620
Fully-functional,Shikusi Dispensary,Isukha South,Shinyalu,Shinyalu,Kakamega,Lugose B Community Health Unit,700517,42195
Fully-functional,Mugomari Dispensary,Isukha West,Shinyalu,Shinyalu,Kakamega,Mugomari B Community Health Unit,700516,42020
Fully-functional,Mugomari Dispensary,Isukha West,Shinyalu,Shinyalu,Kakamega,Mukhonje C Community Health Unit,700515,42202
Fully-functional,Mugomari Dispensary,Isukha West,Shinyalu,Shinyalu,Kakamega,Mukhonje B Community Health Unit,700514,42202
Fully-functional,Mugomari Dispensary,Isukha West,Shinyalu,Shinyalu,Kakamega,Mukhonje A Community Health Unit,700513,41050
Fully-functional,Mugomari Dispensary,Isukha West,Shinyalu,Shinyalu,Kakamega,Malimili B Community Health Unit,700512,42202
Fully-functional,Mugomari Dispensary,Isukha West,Shinyalu,Shinyalu,Kakamega,Malimili A Community Health Unit,700511,41050
Fully-functional,Ileho Health Centre,Isukha East,Shinyalu,Shinyalu,Kakamega,Ikuywa Community Health Unit,700510,40620
Fully-functional,Ileho Health Centre,Isukha East,Shinyalu,Shinyalu,Kakamega,Lunyu B Community Health Unit,700509,40990
Fully-functional,Ileho Health Centre,Isukha East,Shinyalu,Shinyalu,Kakamega,Lukusi B Community Health Unit,700508,42202
Fully-functional,Ileho Health Centre,Isukha East,Shinyalu,Shinyalu,Kakamega,Lukusi A Community Health Unit,700507,40620
Fully-functional,Kambiri Health Centre,Isukha North,Shinyalu,Shinyalu,Kakamega,Bulovi B Community Health Unit,700506,41355
Fully-functional,Buyangu Dispensary,Isukha North,Shinyalu,Shinyalu,Kakamega,Buyangu Community Health Unit,700505,41239
Fully-functional,Shinyalu Model Health Centre,Isukha Central,Shinyalu,Shinyalu,Kakamega,Shing'odo B Community Health Unit,700504,41355
Fully-functional,Shinyalu Model Health Centre,Isukha Central,Shinyalu,Shinyalu,Kakamega,Shing'odo A Community Health Unit,700503,41355
Fully-functional,Chepkombe Dispensary,Isukha Central,Shinyalu,Shinyalu,Kakamega,Shiasava B Community Health Unit,700502,41355
Fully-functional,Chepkombe Dispensary,Isukha Central,Shinyalu,Shinyalu,Kakamega,Shiasava A Community Health Unit,700501,41355
Fully-functional,Kakamega Forest Dispensary,Isukha Central,Shinyalu,Shinyalu,Kakamega,Virhembe B Community Health Unit,700500,40003
Fully-functional,Musembe Dispensary,Isukha Central,Shinyalu,Shinyalu,Kakamega,Mukango B Community Health Unit,700499,41829
Fully-functional,Musembe Dispensary,Isukha Central,Shinyalu,Shinyalu,Kakamega,Mukango A Community Health Unit,700498,40003
Fully-functional,Ivochio Dispensary,Murhanda,Shinyalu,Shinyalu,Kakamega,Shiswa B Community Health Unit,700496,42202
Fully-functional,Shamakhubu Health Centre,Murhanda,Shinyalu,Shinyalu,Kakamega,Mukulusu B Community Health Unit,700495,40990
semi-functional,Kimangeti Dispensary,Chemuche,Malava,Malava,Kakamega,Nguvuli Community Health Unit,700494,41470
semi-functional,Kimangeti Dispensary,Chemuche,Malava,Malava,Kakamega,Lukhokho Community Health Unit,700493,42294
semi-functional,Ekambuli Health Centre,Kisa Central,Khwisero,Khwisero,Kakamega,Ekambuli Community Health Unit,700492,42354
semi-functional,Natukobenyo Health Centre,Kalobeyei,Turkana West,Turkana West,Turkana,Kalobeyei Settlement Community Health Unit,700491,42675
semi-functional,Bulondo Dispensary,West Sang'alo,Kanduyi,Kanduyi,Bungoma,Luyekhe Community Health Unit,700490,41673
Fully-functional,Musikoma Dispensary,Musikoma,Kanduyi,Kanduyi,Bungoma,Namasanda Community Health Unit,700489,40945
Fully-functional,Ekitale Dispensary,West Sang'alo,Kanduyi,Kanduyi,Bungoma,Sang'alo Community Health Unit,700488,42037
semi-functional,Ekitale Dispensary,West Sang'alo,Kanduyi,Kanduyi,Bungoma,Namirembe Community Health Unit,700487,40546
semi-functional,Musikoma Dispensary,Musikoma,Kanduyi,Kanduyi,Bungoma,Tulienge Community Health Unit,700486,41730
semi-functional,Ranje Dispensary,West Sang'alo,Kanduyi,Kanduyi,Bungoma,Ranje Community Health Unit,700485,42522
semi-functional,Ekitale Dispensary,West Sang'alo,Kanduyi,Kanduyi,Bungoma,Ekitale Community Health Unit,700484,41946
semi-functional,Musikoma Dispensary,Musikoma,Kanduyi,Kanduyi,Bungoma,Samoya Community Health Unit,700483,42065
Fully-functional,Bulondo Dispensary,West Sang'alo,Kanduyi,Kanduyi,Bungoma,Kamba Community Health Unit,700482,41673
semi-functional,Bulondo Dispensary,West Sang'alo,Kanduyi,Kanduyi,Bungoma,Namamuka Community Health Unit,700481,42370
semi-functional,Kongoli Dispensary,Bukembe East,Kanduyi,Kanduyi,Bungoma,Nandolia Community Health Unit,700479,42037
Fully-functional,Kongoli Dispensary,Bukembe East,Kanduyi,Kanduyi,Bungoma,Kongoli Community Health Unit,700478,41673
semi-functional,Mumbule Dispensary,East Sang'alo,Kanduyi,Kanduyi,Bungoma,Mwibale Community Health Unit,700477,41673
semi-functional,Mumbule Dispensary,East Sang'alo,Kanduyi,Kanduyi,Bungoma,Fuchani Community Health Unit,700476,42401
semi-functional,Mumbule Dispensary,East Sang'alo,Kanduyi,Kanduyi,Bungoma,Nzoia Community Health Unit,700475,41673
Fully-functional,Bulondo Dispensary,West Sang'alo,Kanduyi,Kanduyi,Bungoma,Bulondo Community Health Unit,700474,42340
Fully-functional,Kambini Dispensary,Kimilili,Kimilili,Kimilili,Bungoma,Kambini B Community Health Unit,700473,41730
Fully-functional,Kimilili Subcounty Hospital,Kibingei,Kimilili,Kimilili,Bungoma,Township Community Health Unit,700472,41988
Fully-functional,Sulwe Dispensary,Kamukuywa,Kimilili,Kimilili,Bungoma,Mbongi Community Health Unit,700471,40555
Fully-functional,Kamukuywa Dispensary,Kamukuywa,Kimilili,Kimilili,Bungoma,Nabikoto B Community Health Unit,700469,42312
Fully-functional,Chebukwabi Dispensary,Kibingei,Kimilili,Kimilili,Bungoma,Chebukwabi B Community Health Unit,700468,42353
Fully-functional,Namanga Health Centre,Matapato South,Kajiado Central,Kajiado Central,Kajiado,Namanga Community Health Unit,700467,42095
Fully-functional,Enkorika Health Centre,Dalalekutuk,Kajiado Central,Kajiado Central,Kajiado,Enkorika Community Health Unit,700466,42065
Fully-functional,Ngatataek Health Centre,Matapato North,Kajiado Central,Kajiado Central,Kajiado,Oloililai Community Health Unit,700465,42654
semi-functional,Lwandanyi Dispensary,Lwandanyi,Sirisia,Sirisia,Bungoma,Boiki Community Health Unit,700464,42646
Fully-functional,Mwanguda Dispensary,Dzombo,Lunga Lunga,Lunga Lunga,Kwale,Mwanguda Community Health Unit,700463,42466
Fully-functional,Mrima (Catholic) Dispensary,Dzombo,Lunga Lunga,Lunga Lunga,Kwale,Hillside Community Health Unit,700462,42555
Fully-functional,Vwivwini Dispensary,Pongwe/Kikokeni,Lunga Lunga,Lunga Lunga,Kwale,Neema Community Health Unit,700461,42529
Fully-functional,Mtumwa Dispensary,Mwereni,Lunga Lunga,Lunga Lunga,Kwale,Mtumwa Community Health Unit,700460,42529
Fully-functional,Mzizima (CDF) Dispensary,Pongwe/Kikokeni,Lunga Lunga,Lunga Lunga,Kwale,Mzizima B Community Health Unit,700459,42529
Fully-functional,Mrima (Catholic) Dispensary,Dzombo,Lunga Lunga,Lunga Lunga,Kwale,Mrima Community Health Unit,700458,42536
Fully-functional,Kilimangodo Dispensary,Mwereni,Lunga Lunga,Lunga Lunga,Kwale,Bidinimole Community Health Unit,700457,42529
Fully-functional,Mwangwei Dispensary,Pongwe/Kikokeni,Lunga Lunga,Lunga Lunga,Kwale,Mwangwei Community Health Unit,700456,42529
Fully-functional,Vanga Health Centre,Vanga,Lunga Lunga,Lunga Lunga,Kwale,Imarika (Vanga B) Community Health Unit,700455,42529
Fully-functional,Kilimangodo Dispensary,Mwereni,Lunga Lunga,Lunga Lunga,Kwale,Mambani Community Health Unit,700454,42529
Fully-functional,Mamba Dispensary,Dzombo,Lunga Lunga,Lunga Lunga,Kwale,Gandini Community Health Unit,700453,42529
Fully-functional,Vanga Health Centre,Vanga,Lunga Lunga,Lunga Lunga,Kwale,Vanga Community Health Unit,700452,42529
Fully-functional,Mwangulu Dispensary,Mwereni,Lunga Lunga,Lunga Lunga,Kwale,Mwena Community Health Unit,700451,42529
Fully-functional,Lungalunga Subcounty Hospital,Vanga,Lunga Lunga,Lunga Lunga,Kwale,Shikamano Community Health Unit,700450,42529
Fully-functional,Godo Dispensary,Mwereni,Lunga Lunga,Lunga Lunga,Kwale,Wema Community Health Unit,700449,42529
Fully-functional,Godo Dispensary,Mwereni,Lunga Lunga,Lunga Lunga,Kwale,Godo Community Health Unit,700448,42529
Fully-functional,Godo Dispensary,Mwereni,Lunga Lunga,Lunga Lunga,Kwale,Pangani Community Health Unit,700447,42529
Fully-functional,Godo Dispensary,Mwereni,Lunga Lunga,Lunga Lunga,Kwale,Makutano Community Health Unit,700446,42529
Fully-functional,Kimilili Subcounty Hospital,Kibingei,Kimilili,Kimilili,Bungoma,Kamusinga A Community Health Unit,700445,42324
Fully-functional,Kimilili Subcounty Hospital,Kibingei,Kimilili,Kimilili,Bungoma,Kamusinga B Community Health Unit,700444,42324
Fully-functional,Kibingei Dispensary,Kibingei,Kimilili,Kimilili,Bungoma,Kitayi Community Health Unit,700443,41988
Fully-functional,Bahai Dispensary,Kimilili,Kimilili,Kimilili,Bungoma,Khamulati Community Health Unit,700442,42464
Fully-functional,Kamasielo Dispensary,Maeni,Kimilili,Kimilili,Bungoma,Kamasielo Community Health Unit,700441,40612
Fully-functional,Maeni Dispensary,Maeni,Kimilili,Kimilili,Bungoma,Kibisi Community Health Unit,700440,42547
Fully-functional,Nasusi Dispensary,Maeni,Kimilili,Kimilili,Bungoma,Nasusi Community Health Unit,700439,41057
Fully-functional,Kambini Dispensary,Kimilili,Kimilili,Kimilili,Bungoma,Kambini A Community Health Unit,700438,41036
Fully-functional,Kamukuywa Dispensary,Kamukuywa,Kimilili,Kimilili,Bungoma,Musembe Community Health Unit,700437,41057
Fully-functional,Kamukuywa Dispensary,Kamukuywa,Kimilili,Kimilili,Bungoma,Kimakwa Community Health Unit,700436,41957
Fully-functional,Makhonge Health Centre,Kamukuywa,Kimilili,Kimilili,Bungoma,Mapera Community Health Unit,700435,41593
Fully-functional,Kimilili Subcounty Hospital,Kibingei,Kimilili,Kimilili,Bungoma,Amutala Community Health Unit,700434,42200
semi-functional,Mugunda Dispensary,Mugunda,Kieni,Kieni West,Nyeri,Nairutia Community Health Unit,700433,42597
semi-functional,Mugunda Dispensary,Mugunda,Kieni,Kieni West,Nyeri,Kamiruri Community Health Unit,700432,42597
semi-functional,Karemeno Health Centre,Mugunda,Kieni,Kieni West,Nyeri,Ruirii Community Health Unit,700431,42597
semi-functional,Lamuria Dispensary (Nyeri North),Mugunda,Kieni,Kieni West,Nyeri,Lamuria Community Health Unit,700430,42597
semi-functional,Bellevue Health Centre,Mugunda,Kieni,Kieni West,Nyeri,Kabendera Community Health Unit,700429,42597
semi-functional,Bellevue Health Centre,Mugunda,Kieni,Kieni West,Nyeri,Kamariki Community Health Unit,700428,42597
semi-functional,Endarasha Rural Health Centre,Mwiyogo/Endarasha,Kieni,Kieni West,Nyeri,Gitegi Community Health Unit,700426,42597
semi-functional,Endarasha Rural Health Centre,Mwiyogo/Endarasha,Kieni,Kieni West,Nyeri,Charity Community Health Unit,700425,42597
Fully-functional,Embaringo Dispensary,Gatarakwa,Kieni,Kieni West,Nyeri,Kimunyuru Community Health Unit,700424,42597
Fully-functional,Embaringo Dispensary,Gatarakwa,Kieni,Kieni West,Nyeri,Embaringo Community Health Unit,700423,42597
Fully-functional,Kabati Dispensary,Gatarakwa,Kieni,Kieni West,Nyeri,Muthuini Community Health Unit,700422,42597
semi-functional,Wendiga Dispensary,Mwiyogo/Endarasha,Kieni,Kieni West,Nyeri,Labura Community Health Unit,700421,42597
Fully-functional,Kabati Dispensary,Gatarakwa,Kieni,Kieni West,Nyeri,Kabati Community Health Unit,700420,42597
Fully-functional,Kabati Dispensary,Gatarakwa,Kieni,Kieni West,Nyeri,Mwiyogo Community Health Unit,700419,42597
Fully-functional,Endarasha Rural Health Centre,Mwiyogo/Endarasha,Kieni,Kieni West,Nyeri,Kinyaiti Community Health Unit,700418,42597
Fully-functional,Endarasha Rural Health Centre,Mwiyogo/Endarasha,Kieni,Kieni West,Nyeri,Mitero Community Health Unit,700417,42597
Fully-functional,Endarasha Rural Health Centre,Mwiyogo/Endarasha,Kieni,Kieni West,Nyeri,Endarasha Community Health Unit,700416,42597
Fully-functional,Mweiga Health Centre,Mweiga,Kieni,Kieni West,Nyeri,Kamatongu Community Health Unit,700415,42597
semi-functional,Amboni Dispensary,Mweiga,Kieni,Kieni West,Nyeri,Amboni Community Health Unit,700414,42597
Fully-functional,Namarambi Dispensary,Ndivisi,Webuye East,Webuye East,Bungoma,Marinda B Community Health Unit,700413,42402
Fully-functional,Namarambi Dispensary,Ndivisi,Webuye East,Webuye East,Bungoma,Marinda A Community Health Unit,700412,42401
Fully-functional,Mulachi Dispensary,Mihuu,Webuye East,Webuye East,Bungoma,Mitukuyu B Community Health Unit,700411,42464
Fully-functional,Mihuu Dispensary,Mihuu,Webuye East,Webuye East,Bungoma,Mihuu B Community Health Unit,700410,42464
semi-functional,Amboni Dispensary,Mweiga,Kieni,Kieni West,Nyeri,Bondeni Community Health Unit,700409,42597
Fully-functional,Mweiga Health Centre,Mweiga,Kieni,Kieni West,Nyeri,Mweiga Community Health Unit,700408,42597
semi-functional,Shivanga Health Centre,Manda-shivanga,Malava,Malava,Kakamega,Tombo Community Health Unit,700407,42325
semi-functional,Shivanga Health Centre,Manda-shivanga,Malava,Malava,Kakamega,Cheptuli Community Health Unit,700406,42324
semi-functional,Shihome Dispensary,South Kabras,Malava,Malava,Kakamega,Lunyinya Community Health Unit,700405,42324
semi-functional,Shamberere Health Centre,South Kabras,Malava,Malava,Kakamega,Shilongo Community Health Unit,700404,42189
semi-functional,Shamberere Health Centre,South Kabras,Malava,Malava,Kakamega,Shamberere Community Health Unit,700403,42688
semi-functional,Namagara Dispensary,Manda-shivanga,Malava,Malava,Kakamega,Teresia Community Health Unit,700402,42324
semi-functional,Namagara Dispensary,Manda-shivanga,Malava,Malava,Kakamega,Mukavakava Community Health Unit,700401,41589
semi-functional,Muting'ong'o Dispensary,Chemuche,Malava,Malava,Kakamega,Mukhoje Community Health Unit,700400,42324
semi-functional,Muting'ong'o Dispensary,Chemuche,Malava,Malava,Kakamega,Mtingongo Community Health Unit,700399,42324
semi-functional,Mugai Dispensary,Shirungu-mugai,Malava,Malava,Kakamega,Sundulo Community Health Unit,700398,42324
semi-functional,Manda Dispensary,Manda-shivanga,Malava,Malava,Kakamega,Manda Community Health Unit,700397,42324
semi-functional,Malichi Dispensary,Chemuche,Malava,Malava,Kakamega,Malichi Community Health Unit,700396,42324
semi-functional,Malava Sub County Hospital,Shirungu-mugai,Malava,Malava,Kakamega,Tumbeni Community Health Unit,700395,42688
semi-functional,Malava Sub County Hospital,Shirungu-mugai,Malava,Malava,Kakamega,Kakunga Community Health Unit,700394,42688
semi-functional,Malava Sub County Hospital,Shirungu-mugai,Malava,Malava,Kakamega,Isanjiro Community Health Unit,700393,42323
semi-functional,Malava Sub County Hospital,Shirungu-mugai,Malava,Malava,Kakamega,Fuvale Community Health Unit,700392,42324
semi-functional,Malava Sub County Hospital,Shirungu-mugai,Malava,Malava,Kakamega,Butali Community Health Unit,700391,42324
semi-functional,Kuvasali Health Centre,East Kabras,Malava,Malava,Kakamega,Kuvasali Community Health Unit,700390,42324
semi-functional,Kamuchisu Dispensary,West Kabras,Malava,Malava,Kakamega,Mutsuma Community Health Unity,700389,42324
semi-functional,Kamuchisu Dispensary,West Kabras,Malava,Malava,Kakamega,Indulusia Community Health Unit,700388,42324
semi-functional,Kamuchisu Dispensary,West Kabras,Malava,Malava,Kakamega,Burundu Community Health Unit,700387,42324
semi-functional,Imbiakalo Dispensary,West Kabras,Malava,Malava,Kakamega,Shimuli Community Health Unit,700386,42324
semi-functional,Imbiakalo Dispensary,West Kabras,Malava,Malava,Kakamega,Shikutse Community Health Unit,700385,42324
semi-functional,Imbiakalo Dispensary,West Kabras,Malava,Malava,Kakamega,Sawawa Community Health Unit,700384,42324
semi-functional,Imbiakalo Dispensary,West Kabras,Malava,Malava,Kakamega,Lukume Community Health Unit,700383,42324
semi-functional,Imbiakalo Dispensary,West Kabras,Malava,Malava,Kakamega,Lukala West Community Health Unit,700382,42324
non-functinoal,Sheywe Dispensary,Shirungu-mugai,Malava,Malava,Kakamega,Sheywe Community Health Unit,700381,42324
semi-functional,Chevoso Dispensary,South Kabras,Malava,Malava,Kakamega,Chevoso Community Health Unit,700380,42323
semi-functional,Malekha Dispensary,Shirungu-mugai,Malava,Malava,Kakamega,Shirugu B Community Health Unit,700379,40575
semi-functional,Chebwai Mission Dispensary,Butali/Chegulo,Malava,Malava,Kakamega,Mausi Community Health Unit,700378,42189
semi-functional,Chebwai Mission Dispensary,Butali/Chegulo,Malava,Malava,Kakamega,Tande Community Health Unit,700377,42189
semi-functional,Chebwai Mission Dispensary,Butali/Chegulo,Malava,Malava,Kakamega,Matsakha Community Health Unit,700376,42312
semi-functional,Chebwai Mission Dispensary,Butali/Chegulo,Malava,Malava,Kakamega,Chebwai Community Health Unit,700375,42189
semi-functional,Malichi Dispensary,Chemuche,Malava,Malava,Kakamega,Chimoroni Community Health Unit,700374,42189
semi-functional,Shihome Dispensary,South Kabras,Malava,Malava,Kakamega,Shamoni Community Health Unit,700373,42312
Fully-functional,Itundu Dispensary,Iriaini,Mathira,Mathira East,Nyeri,Itundu Community Health Unit,700371,41701
Fully-functional,Kipeto Dispensary,Keekonyokie,Kajiado West,Kajiado West,Kajiado,Oloirien Community Health Unit,700370,42552
Fully-functional,Gatondo Dispensary (Nyeri North),Iriaini,Mathira,Mathira East,Nyeri,Kariki Community Health Unit,700369,41701
Fully-functional,Kahuru Dispensary (Nyeri North),Iriaini,Mathira,Mathira East,Nyeri,Kahuru Community Health Unit,700368,41701
Fully-functional,Kahuru Dispensary (Nyeri North),Iriaini,Mathira,Mathira East,Nyeri,Gikororo Community Health Unit,700367,41701
Fully-functional,Gatei Dispensary,Magutu,Mathira,Mathira East,Nyeri,Gatei Community Health Unit,700365,41701
Fully-functional,Gatei Dispensary,Magutu,Mathira,Mathira East,Nyeri,Kagochi Community Health Unit,700364,41701
Fully-functional,Gatei Dispensary,Magutu,Mathira,Mathira East,Nyeri,Kanjuri Community Health Unit,700363,41701
Fully-functional,Gatei Dispensary,Magutu,Mathira,Mathira East,Nyeri,Ndumanu Community Health Unit,700362,41701
Fully-functional,Gatei Dispensary,Magutu,Mathira,Mathira East,Nyeri,Giakaibei Community Health Unit,700361,41701
Fully-functional,Karatina District Hospital,Karatina Town,Mathira,Mathira East,Nyeri,Kiharo Community Health Unit,700360,41701
Fully-functional,Karatina District Hospital,Karatina Town,Mathira,Mathira East,Nyeri,Cheru/Kiangararu Community Health Unit,700359,41701
Fully-functional,Gatina Dispensary,Konyu,Mathira,Mathira East,Nyeri,Gatina Community Health Unit,700358,41701
Fully-functional,Ndimaini Dispensary,Konyu,Mathira,Mathira East,Nyeri,Gakuyu Community Health Unit,700357,41701
Fully-functional,Kiamabara Health Centre,Konyu,Mathira,Mathira East,Nyeri,Gathugu Community Health Unit,700356,41701
Fully-functional,Kiamabara Health Centre,Konyu,Mathira,Mathira East,Nyeri,Mukore Community Health Unit,700355,41701
Fully-functional,Kiamabara Health Centre,Konyu,Mathira,Mathira East,Nyeri,Gathaithini Community Health Unit,700354,41701
Fully-functional,Kiamabara Health Centre,Konyu,Mathira,Mathira East,Nyeri,Kiamabara Community Health Unit,700353,41701
Fully-functional,Longewan Dispensary,Suguta Marmar,Samburu Central,Samburu Central,Samburu,Longewan Community Health Unit,700352,41913
Fully-functional,Kirimun GK Dispensary,Lodokejek,Samburu Central,Samburu Central,Samburu,Kirimun Community Health Unit,700351,41699
Fully-functional,Homa Bay County Teaching and Referral Hospital,Homa Bay Central,Homa Bay Town,Homa Bay Town,Homa Bay,Arujo D Community Health Unit,700350,42186
Fully-functional,Homa Bay County Teaching and Referral Hospital,Homa Bay Central,Homa Bay Town,Homa Bay Town,Homa Bay,Arujo C Community Health Unit,700349,42186
Fully-functional,Homa Bay County Teaching and Referral Hospital,Homa Bay Central,Homa Bay Town,Homa Bay Town,Homa Bay,Arujo B Community Health Unit,700348,42186
Fully-functional,Homa Bay County Teaching and Referral Hospital,Homa Bay Central,Homa Bay Town,Homa Bay Town,Homa Bay,Arujo A Community Health Unit,700347,42186
Fully-functional,Homa Bay County Teaching and Referral Hospital,Homa Bay Central,Homa Bay Town,Homa Bay Town,Homa Bay,Hospital Quarters Community Health Unit,700346,41821
Fully-functional,Latakweny Health Centre,Ndoto,Samburu North,Samburu North,Samburu,Latakweny Community Health Unit,700345,42563
Fully-functional,Lesirikan Health Centre,Ndoto,Samburu North,Samburu North,Samburu,Lesirikan Community Health Unit,700344,41579
Fully-functional,Arsim Lutheran Health Center,Ndoto,Samburu North,Samburu North,Samburu,Arsim Community Health Unit,700343,42526
Fully-functional,Porro Health Centre,Porro,Samburu Central,Samburu Central,Samburu,Porro Community Health Unit,700342,42552
Fully-functional,Nachola Health Centre,Nachola,Samburu North,Samburu North,Samburu,Nachola Community Health Unit,700341,41557
Fully-functional,Tuum Dispensary,Nyiro,Samburu North,Samburu North,Samburu,Tuum Community Health Unit,700340,41579
Fully-functional,Marti Dispensary,Nachola,Samburu North,Samburu North,Samburu,Marti Community Health Unit,700339,42529
Fully-functional,Baragoi Sub-County Hospital,El-barta,Samburu North,Samburu North,Samburu,Nalingangor Community Health Unit,700338,41565
Fully-functional,Lodungokwe Health Centre,Wamba West,Samburu East,Samburu East,Samburu,Lodungokwe Community Health Unit,700336,42587
Fully-functional,Sereolipi Health Centre,Waso,Samburu East,Samburu East,Samburu,Sereolipi Community Health Unit,700335,42592
Fully-functional,Ngilai Dispensary,Wamba North,Samburu East,Samburu East,Samburu,Lolkuniani Community Health Unit,700334,42587
Fully-functional,Ngilai Dispensary,Wamba North,Samburu East,Samburu East,Samburu,Ngilai Community Health Unit,700333,42534
Fully-functional,Lerrata Dispensary,Wamba East,Samburu East,Samburu East,Samburu,Lerata Community Health Unit,700332,42592
semi-functional,Angata Nanyokie Dispensary,Angata Nayokie,Samburu North,Samburu North,Samburu,Angata Nanyukie Community Health Unit,700331,42654
Fully-functional,Barsaloi GK Dispensary,Angata Nayokie,Samburu North,Samburu North,Samburu,Barsaloi Community Health Unit,700330,41795
Fully-functional,Sirata Oirobi Dispensary,Porro,Samburu Central,Samburu Central,Samburu,Sirata Community Health Unit,700329,41407
Fully-functional,Lolmolog Dispensary,Suguta Marmar,Samburu Central,Samburu Central,Samburu,Lolmolog Community Health Unit,700327,42447
Fully-functional,Loosuk Health Centre,Loosuk,Samburu Central,Samburu Central,Samburu,Loosuk Community Health Unit,700326,42461
Fully-functional,Kaitese Dispensary,Turkwel,Loima,Loima,Turkana,Kawalathe Community Health Unit,700323,42282
Fully-functional,Kaapus Dispensary,Turkwel,Loima,Loima,Turkana,Kaapus Community Health Unit,700320,42114
Fully-functional,Kabulokor Dispensary,Turkwel,Loima,Loima,Turkana,Kabulokor Community Health Unit,700319,41487
Fully-functional,Kenyoro Health Centre,Itibo,North Mugirango,Nyamira North,Nyamira,Boisanga 2 Community Health Unit,700318,42471
Fully-functional,Esianyi Dispensary,Magwagwa,North Mugirango,Nyamira North,Nyamira,Bonyengwe 2 Community Health Unit,700317,42590
Fully-functional,Kerobo Health Centre,Bomwagamo,North Mugirango,Nyamira North,Nyamira,Nyambiri Community Health Unit,700316,42555
Fully-functional,Orwaki Dispensary,Bokeira,North Mugirango,Nyamira North,Nyamira,Nyakenimo 1 Community Health Unit,700315,42527
Fully-functional,Ikonge Dispensary,Ekerenyo,North Mugirango,Nyamira North,Nyamira,Bonyakoni Community Health Unit,700314,42283
Fully-functional,Nyamusi Sub-District Hospital,Bokeira,North Mugirango,Nyamira North,Nyamira,Nyakenimo 2 Community Health Unit,700313,41800
Fully-functional,Gesima Health Centre,Gesima,Kitutu Masaba,Masaba North,Nyamira,Enchoro Community Health Unit,700312,41528
Fully-functional,Nyagancha Dispensary,Gachuba,Kitutu Masaba,Masaba North,Nyamira,Bonyunyu Community Health Unit,700311,38991
Fully-functional,Girango Dispensary,Gachuba,Kitutu Masaba,Masaba North,Nyamira,Girango Community Health Unit,700310,40822
Fully-functional,Magombo Health Centre,Gachuba,Kitutu Masaba,Masaba North,Nyamira,Kegogi Community Health Unit,700309,40100
Fully-functional,Mwongori Dispensary,Mekenene,Borabu,Borabu,Nyamira,Mogusii Community Health Unit,700308,42289
Fully-functional,Chepngombe Health Centre,Esise,Borabu,Borabu,Nyamira,Chepngombe Community Health Unit,700307,41923
Fully-functional,Kijauri Sub County Hospital,Nyansiongo,Borabu,Borabu,Nyamira,Township Community Health Unit,700306,41367
Fully-functional,Gesima Health Centre,Gesima,Kitutu Masaba,Masaba North,Nyamira,Nyakongo Community Health Unit,700305,41193
Fully-functional,Nyangweta Health Centre,Bosamaro,West Mugirango,Nyamira,Nyamira,Kegogi Community Health Unit,700304,42278
Fully-functional,Mosobeti Dispensary,Gesima,Kitutu Masaba,Masaba North,Nyamira,Riooga Community Health Unit,700302,41557
Fully-functional,Mong'oni,Rigoma,Kitutu Masaba,Masaba North,Nyamira,Mongoni Community Health Unit,700301,40457
Fully-functional,Masaba District Hospital,Rigoma,Kitutu Masaba,Masaba North,Nyamira,Bocharia Community Health Unit,700300,40787
Fully-functional,Itibo Mission Health Centre,Itibo,North Mugirango,Nyamira North,Nyamira,Nyamauro Community Health Unit,700299,42655
Fully-functional,Getiesi Health Centre,Bogichora,West Mugirango,Nyamira,Nyamira,Nyameru Community Health Unit,700298,42370
Fully-functional,Emalindi Health Centre,Kisa East,Khwisero,Khwisero,Kakamega,Emalindi Community Health Unit,700297,41288
Fully-functional,Mundoli Health Centre,Kisa Central,Khwisero,Khwisero,Kakamega,Mushiangubu Community Health Unit,700296,41862
Fully-functional,Khwisero Health Centre,Kisa North,Khwisero,Khwisero,Kakamega,Eshirandu Community Health Unit,700295,42226
Fully-functional,Muhaka Health Centre,Kisa West,Khwisero,Khwisero,Kakamega,Muhaka Community Health Unit,700294,41061
semi-functional,Thageini Dispensary,Aguthi-gaaki,Tetu,Tetu,Nyeri,Thageini Community Health Unit,700291,42451
semi-functional,Gichira Health Centre,Aguthi-gaaki,Tetu,Tetu,Nyeri,Gaaki Community Health Unit,700290,42451
semi-functional,Gichira Health Centre,Aguthi-gaaki,Tetu,Tetu,Nyeri,Mung'aria Community Health Unit,700289,42451
semi-functional,Gichira Health Centre,Aguthi-gaaki,Tetu,Tetu,Nyeri,Kiawathanji Community Health Unit,700288,42451
semi-functional,Thageini Dispensary,Aguthi-gaaki,Tetu,Tetu,Nyeri,Ithekahuno Community Health Unit,700287,42451
semi-functional,Kiandere Dispensary,Dedan Kimathi,Tetu,Tetu,Nyeri,Karaihu Community Health Unit,700286,42451
semi-functional,Ichagachiru Dispensary,Dedan Kimathi,Tetu,Tetu,Nyeri,Kigogoini Community Health Unit,700285,42451
semi-functional,Ichagachiru Dispensary,Dedan Kimathi,Tetu,Tetu,Nyeri,Ichagachiru Community Health Unit,700284,42451
semi-functional,Ichagachiru Dispensary,Dedan Kimathi,Tetu,Tetu,Nyeri,Gatumbiro Community Health Unit,700283,42451
semi-functional,Kirurumi Dispensary,Dedan Kimathi,Tetu,Tetu,Nyeri,Kirurumi Community Health Unit,700282,42451
semi-functional,Ihururu Health Centre,Dedan Kimathi,Tetu,Tetu,Nyeri,Kanjora Community Health Unit,700281,42451
semi-functional,Unjiru Health Centre,Wamagana,Tetu,Tetu,Nyeri,Kihora Community Health Unit,700280,42451
semi-functional,Wamagana Health Centre,Wamagana,Tetu,Tetu,Nyeri,Kaiguri Community Health Unit,700279,42451
semi-functional,Unjiru Health Centre,Wamagana,Tetu,Tetu,Nyeri,Kigwandi Community Health Unit,700278,42451
semi-functional,Unjiru Health Centre,Wamagana,Tetu,Tetu,Nyeri,Unjiru Community Health Unit,700277,42451
semi-functional,Ihururu Health Centre,Dedan Kimathi,Tetu,Tetu,Nyeri,Thatha Community Health Unit,700276,42451
semi-functional,Zaina Dispensary,Dedan Kimathi,Tetu,Tetu,Nyeri,Ngooru Community Health Unit,700275,42451
semi-functional,Zaina Dispensary,Dedan Kimathi,Tetu,Tetu,Nyeri,Karunaini Community Health Unit,700274,42549
semi-functional,Molosirwe Dispensary,Kisanana,Mogotio,Mogotio,Baringo,Molosirwe Community Health Unit,700272,41746
semi-functional,Sirwa Dispensary (Mogotio),Mogotio,Mogotio,Mogotio,Baringo,Sirwa Community Health Unit,700271,41128
semi-functional,Mugurin Dispensary,Kisanana,Mogotio,Mogotio,Baringo,Mugurin Community Health Unit,700270,40735
semi-functional,Maji Moto Dispensary,Kisanana,Mogotio,Mogotio,Baringo,Majimoto Community Health Unit,700269,41127
semi-functional,Kipsogon Dispensary,Mogotio,Mogotio,Mogotio,Baringo,Kipsogon Community Health Unit,700268,42047
Fully-functional,Loruth Dispensary,Kibish,Turkana North,Kibish,Turkana,Kapoko Community Health Unit,700267,42433
Fully-functional,Napak Dispensary,Kibish,Turkana North,Kibish,Turkana,Loperokok Community Health Unit,700266,42433
Fully-functional,Napak Dispensary,Kibish,Turkana North,Kibish,Turkana,Lotikile Community Health Unit,700265,42433
Fully-functional,Kaikor Health Centre,Kibish,Turkana North,Kibish,Turkana,Ngikarebok Community Health Unit,700264,42433
non-functinoal,Lochorangierengo Dispensary,Kakuma,Turkana West,Turkana West,Turkana,Tarach Community Health Unit,700263,42475
non-functinoal,Lokipoto Dispensary,Letea,Turkana West,Turkana West,Turkana,Lokipoto Community Health Unit,700262,42475
Fully-functional,Eshiabwali Health Centre,Kisa East,Khwisero,Khwisero,Kakamega,Mundaha Community Health Unit,700261,41072
Fully-functional,Mundobelwa Health centre,Kisa North,Khwisero,Khwisero,Kakamega,Mundobelwa Community Health Unit,700260,42231
Fully-functional,Mundoli Health Centre,Kisa Central,Khwisero,Khwisero,Kakamega,Mundoli Community Health Unit,700259,41870
Fully-functional,Kanawoi Dispensary,Kanamkemer,Turkana Central,Turkana Central,Turkana,Nawoitorong Community Health Unit,700258,40909
Fully-functional,Lochoraikeny Dispensary,Kang'atotha,Turkana Central,Turkana Central,Turkana,Lochoraikeny Community Health Unit,700257,42370
Fully-functional,Eliye Springs Community Dispensary,Kang'atotha,Turkana Central,Turkana Central,Turkana,Eliye Community Health Unit,700256,40909
Fully-functional,Kangatosa Dispensary,Kang'atotha,Turkana Central,Turkana Central,Turkana,Kangirisae Community Health Unit,700255,40909
Fully-functional,Lorengelup Dispensary,Kerio Delta,Turkana Central,Turkana Central,Turkana,Lorengelup Community Health Unit,700254,41640
Fully-functional,Kangirisae Dispensary,Kerio Delta,Turkana Central,Turkana Central,Turkana,Kangirisae Community Health Unit,700253,42370
Fully-functional,Kangagetei Dispensary,Kang'atotha,Turkana Central,Turkana Central,Turkana,Lomopus Community Health Unit,700252,42370
Fully-functional,Naoros Dispensary,Kang'atotha,Turkana Central,Turkana Central,Turkana,Naoros Community Health Unit,700251,40909
Fully-functional,Mulwanda Health Centre,Kisa Central,Khwisero,Khwisero,Kakamega,Mulwanda Community Health Unit,700250,41879
Fully-functional,St Catherine Napetet Dispensary,Lodwar Township,Turkana Central,Turkana Central,Turkana,Napetet Community Health Unit,700249,41731
Fully-functional,Nakechichok Dispensary,Kerio Delta,Turkana Central,Turkana Central,Turkana,Nakechichok Community Health Unit,700248,42370
Fully-functional,Kosikiria Dispensary,Kerio Delta,Turkana Central,Turkana Central,Turkana,Kakimat Community Health Unit,700247,40909
Fully-functional,Khwisero Health Centre,Kisa North,Khwisero,Khwisero,Kakamega,Wambulishe West Community Health Unit,700246,42231
Fully-functional,Khwisero Health Centre,Kisa North,Khwisero,Khwisero,Kakamega,Wambulishe East Community Health Unit,700245,42231
Fully-functional,St Patrick Kanamkemer Dispensary,Kanamkemer,Turkana Central,Turkana Central,Turkana,Kanamkemer Community Health Unit,700244,40918
Fully-functional,Ikomero Dispensary,Kisa West,Khwisero,Khwisero,Kakamega,Eshirombe Community Health Unit,700243,41863
Fully-functional,Lolupe Dispensary (Turkana Central),Kanamkemer,Turkana Central,Turkana Central,Turkana,Lolupe Community Health Unit,700242,40909
Fully-functional,Nadoto Dispensary,Kerio Delta,Turkana Central,Turkana Central,Turkana,Nadoto Community Health Unit,700241,40909
Fully-functional,St Monica Nakwamekwi Dispensary,Lodwar Township,Turkana Central,Turkana Central,Turkana,Nakwamekwi Community Health Unit,700240,40909
Fully-functional,Muhaka Health Centre,Kisa West,Khwisero,Khwisero,Kakamega,Dudi Community Health Unit,700239,41071
Fully-functional,Lodwar County Referral Hospital,Lodwar Township,Turkana Central,Turkana Central,Turkana,Township Community Health Unit,700238,41730
Fully-functional,Lodwar County Referral Hospital,Lodwar Township,Turkana Central,Turkana Central,Turkana,Kawalase Community Health Unit,700237,41183
Fully-functional,Milima Tatu Dispensary,Kaeris,Turkana North,Turkana North,Turkana,Mlimatatu Community Health Unit,700226,42475
non-functinoal,Narengewoi Dispensary,Lakezone,Turkana North,Turkana North,Turkana,Narengewoi Community Health Unit,700225,42475
Fully-functional,Nadunga Dispensary,Kaeris,Turkana North,Turkana North,Turkana,Nadunga Community Health Unit,700224,42013
Fully-functional,Kaeris Dispensary,Kaeris,Turkana North,Turkana North,Turkana,Lomi Dispensary Community Health Unit,700223,43074
Fully-functional,Kaaleng Health Centre,Kaaleng/Kaikor,Turkana North,Turkana North,Turkana,Kakelae Community Health Unit,700222,42475
Fully-functional,Kachoda Dispensary,Lapur,Turkana North,Turkana North,Turkana,Kachoda Community Health Unit,700221,42475
Fully-functional,Lokitaung Sub County Hospital,Lapur,Turkana North,Turkana North,Turkana,Riokomor Community Health Unit,700220,43074
non-functinoal,Kokiselei Dispensary,Lakezone,Turkana North,Turkana North,Turkana,Koksilei Community Health Unit,700219,42475
non-functinoal,Nachukui Dispensary,Lakezone,Turkana North,Turkana North,Turkana,Nachukui Community Health Unit,700218,42475
non-functinoal,Lomekwi Dispensary,Lakezone,Turkana North,Turkana North,Turkana,Lomekwi Community Health Unit,700217,42475
Fully-functional,Oropoi Medicare Limited,Kakuma,Turkana West,Turkana West,Turkana,Lopur Community Health Unit,700216,42475
Fully-functional,Namon Dispensary,Lopur,Turkana West,Turkana West,Turkana,Namon Community Health Unit,700215,42475
Fully-functional,Makutano Health Centre (Turkana West),Nakalale,Turkana North,Turkana North,Turkana,Losajait Community Health Unit,700214,42475
Fully-functional,Makutano Health Centre (Turkana West),Nakalale,Turkana North,Turkana North,Turkana,Lolupe Community Health Unit,700213,42475
Fully-functional,Kakuma Health Centre,Kakuma,Turkana West,Turkana West,Turkana,Musug Community Health Unit,700212,42475
Fully-functional,Kakuma Health Centre,Kakuma,Turkana West,Turkana West,Turkana,Nakoyo Community Health Unit,700211,42475
Fully-functional,Kakuma Health Centre,Kakuma,Turkana West,Turkana West,Turkana,Nadapal Community Health Unit,700210,42475
Fully-functional,Naduat Dispensary,Nakalale,Turkana North,Turkana North,Turkana,Naduat Community Health Unit,700207,41223
semi-functional,Lomil Dispensary,Turkwel,Loima,Loima,Turkana,Nachuro Community Health Unit,700206,42282
semi-functional,Lokiriama Dispensary,Lokiriama/Lorengippi,Loima,Loima,Turkana,Loya Community Health Unit,700205,42401
semi-functional,Lokiriama Dispensary,Lokiriama/Lorengippi,Loima,Loima,Turkana,Lodwat Community Health Unit,700204,42065
Fully-functional,Lokiriama Dispensary,Lokiriama/Lorengippi,Loima,Loima,Turkana,Nakurio Community Health Unit,700203,42248
Fully-functional,Lokwatubwa (PAG) Dispensary,Loima,Loima,Loima,Turkana,Puch Community Health Unit,700202,42282
Fully-functional,Namoruputh (PAG) Health Centre,Loima,Loima,Loima,Turkana,Lochoredome Community Health Unit,700201,42248
Fully-functional,Kangalita Dispensary,Turkwel,Loima,Loima,Turkana,Kangalita Community Health Unit,700200,42186
Fully-functional,Lochorekuyen Dispensary,Loima,Loima,Loima,Turkana,Lochorekuyen Community Health Unit,700199,41883
Fully-functional,Napeikar Dispensary,Turkwel,Loima,Loima,Turkana,Napeikar Community Health Unit,700198,42187
Fully-functional,Urum Dispensary,Lokiriama/Lorengippi,Loima,Loima,Turkana,Naipa Community Health Unit,700197,42125
Fully-functional,Urum Dispensary,Lokiriama/Lorengippi,Loima,Loima,Turkana,Kotaruk Community Health Unit,700196,42219
semi-functional,Urum Dispensary,Lokiriama/Lorengippi,Loima,Loima,Turkana,Urum Community Health Unit,700195,42389
semi-functional,Urum Dispensary,Lokiriama/Lorengippi,Loima,Loima,Turkana,Lokipetot Arengan Community Health Unit,700194,42282
Fully-functional,Lokiriama Dispensary,Lokiriama/Lorengippi,Loima,Loima,Turkana,Lochor Alomala Community Health Unit,700193,42248
Fully-functional,Lokiriama Dispensary,Lokiriama/Lorengippi,Loima,Loima,Turkana,Atala Komusio Community Health Unit,700192,42248
Fully-functional,Loruth Dispensary,Kibish,Turkana North,Kibish,Turkana,Kaawo Community Health Unit,700191,42433
Fully-functional,Loruth Dispensary,Kibish,Turkana North,Kibish,Turkana,Ilemkajokon Community Health Unit,700190,42433
Fully-functional,Napak Dispensary,Kibish,Turkana North,Kibish,Turkana,Natumakaalei Community Health Unit,700189,42433
Fully-functional,Ekicheles Dispensary,Kibish,Turkana North,Kibish,Turkana,Lochilamuya Community Health Unit,700188,42433
semi-functional,Meyan Dispensary,Kibish,Turkana North,Kibish,Turkana,Liwan Community Health Unit,700187,42433
semi-functional,Meyan Dispensary,Kibish,Turkana North,Kibish,Turkana,Meyan Community Health Unit,700186,42433
Fully-functional,Kaikor Health Centre,Kibish,Turkana North,Kibish,Turkana,Nayook Community Health Unit,700185,42433
Fully-functional,Kokuro Health Centre,Kibish,Turkana North,Kibish,Turkana,Edoot Community Health Unit,700184,42433
non-functinoal,Kamuge Dispensary,Kapedo/Napeitom,Turkana East,Turkana East,Turkana,Kamuge Community Health Unit,700183,42614
semi-functional,Todonyang Dispensary,Lakezone,Turkana North,Turkana North,Turkana,Todonyang Community Health Unit,700182,42433
semi-functional,Lomelo Dispensary,Kapedo/Napeitom,Turkana East,Turkana East,Turkana,Lomelo Community Health Unit,700181,42583
Fully-functional,Lopedur Dispensary,Katilia,Turkana East,Turkana East,Turkana,Lopeduru Community Health Unit,700180,42583
Fully-functional,Napeitom Dispensary,Kapedo/Napeitom,Turkana East,Turkana East,Turkana,Napeitom Community Health Unit,700179,42583
Fully-functional,Karebur Dispensary,Kibish,Turkana North,Kibish,Turkana,Toiunae Community Health Unit,700178,42433
Fully-functional,Awendo Sub-County Hospital,Central Sakwa,Awendo,Awendo,Migori,South Kombok Community Health Unit,700177,41550
Fully-functional,Dede Health Centre,West Sakwa,Awendo,Awendo,Migori,North Kanyamgony Community Health Unit,700176,40463
Fully-functional,Mariwa Health Centre,South Sakwa,Awendo,Awendo,Migori,East Kogelo Community Health Unit,700175,40457
Fully-functional,Angaga Dispensary,South Sakwa,Awendo,Awendo,Migori,South Kogelo Community Health Unit,700174,41828
Fully-functional,Ng'ong'a Dispensary,South Sakwa,Awendo,Awendo,Migori,Waundha Community Health Unit,700173,41830
Fully-functional,Siruti Dispensary,West Sakwa,Awendo,Awendo,Migori,South Kanyamgony Community Health Unit,700172,41829
Fully-functional,Kwoyo Kodalo Dispensary,North Sakwa,Awendo,Awendo,Migori,Kwoyo Kadera Community Health Unit,700171,41823
Fully-functional,Rabondo Dispensary,West Sakwa,Awendo,Awendo,Migori,Rabondo Community Health Unit,700170,41556
Fully-functional,Mariwa Health Centre,South Sakwa,Awendo,Awendo,Migori,Alego Central Community Health Unit,700169,42191
Fully-functional,Awendo Sub-County Hospital,Central Sakwa,Awendo,Awendo,Migori,Lianda Community Health Unit,700168,41613
Fully-functional,Otacho Dispensary,Central Sakwa,Awendo,Awendo,Migori,Kanyagwala Community Health Unit,700167,41136
Fully-functional,Awendo Sub-County Hospital,Central Sakwa,Awendo,Awendo,Migori,Waware Community Health Unit,700166,40092
Fully-functional,Kuja Dispensary,North Sakwa,Awendo,Awendo,Migori,Kanyasrega Community Health Unit,700165,42340
Fully-functional,Ombo Bita Dispensary,Central Sakwa,Awendo,Awendo,Migori,Kombok North Community Health Unit,700164,41926
Fully-functional,Ranen (SDA) Dispensary,North Sakwa,Awendo,Awendo,Migori,Kadera Lwala Community Health Unit,700163,41918
Fully-functional,Locheremoit Dispensary,Lokichar,Turkana South,Turkana South,Turkana,Locheremoit Community Health Unit,700162,41739
Fully-functional,Kangakipur Dispensary,Kalapata,Turkana South,Turkana South,Turkana,Kangakipur Community Health Unit,700161,41958
Fully-functional,Juluk Dispensary,Kaputir,Turkana South,Turkana South,Turkana,Juluk Community Health Unit,700160,41776
Fully-functional,Napusimoru Dispensary,Lokichar,Turkana South,Turkana South,Turkana,Napusimoru Community Health Unit,700159,42041
Fully-functional,Lokichar (RCEA) Health Centre,Lokichar,Turkana South,Turkana South,Turkana,Lokichar Community Health Unit,700156,41702
Fully-functional,Kaakong'u Dispensary,Lobokat,Turkana South,Turkana South,Turkana,Kaakong Community Health Unit,700155,42288
Fully-functional,Kanaodon Dispensary,Katilu,Turkana South,Turkana South,Turkana,Kanaodon Community Health Unit,700154,42200
Fully-functional,Nasiger Dispensary,Turkwel,Loima,Loima,Turkana,Nasiger Community Health Unit,700153,41884
Fully-functional,Napeililim Dispensary,Turkwel,Loima,Loima,Turkana,Napeililim Community Health Unit,700152,41883
Fully-functional,Lorengippi Dispensary,Lokiriama/Lorengippi,Loima,Loima,Turkana,Lorengippi Community Health Unit,700151,41519
Fully-functional,Nadapal Dispensary,Turkwel,Loima,Loima,Turkana,Nadapal Community Health Unit,700150,41155
Fully-functional,Lorugum Health Centre,Turkwel,Loima,Loima,Turkana,Lorugum Sub County Hospital Community Health Unit,700149,42248
Fully-functional,Lochoredome Dispensary (Loima),Loima,Loima,Loima,Turkana,Lobei Community Health Unit,700148,41519
Fully-functional,Kalobeyei Dispensary,Kalobeyei,Turkana West,Turkana West,Turkana,Timu Community Health Unit,700147,41223
Fully-functional,Nakururum Dispensary,Lokichoggio,Turkana West,Turkana West,Turkana,Loremet Community Health Unit,700146,42419
Fully-functional,Lokangae Health Centre,Songot,Turkana West,Turkana West,Turkana,Lokangae Community Health Unit,700145,41223
Fully-functional,Nanam Dispensary,Nanaam,Turkana West,Turkana West,Turkana,Nameyan Community Health Unit,700144,42496
Fully-functional,Lokichogio (AIC) Health Centre,Lokichoggio,Turkana West,Turkana West,Turkana,Ngapetan 1 Community Health Unit,700143,41835
Fully-functional,Lokichogio (AIC) Health Centre,Lokichoggio,Turkana West,Turkana West,Turkana,Ngapetan 2 Community Health Unit,700142,41840
Fully-functional,Kakuma Mission Hospital,Kakuma,Turkana West,Turkana West,Turkana,Morungole 2 Community Health Unit,700141,42482
semi-functional,Natira Dispensary,Kalobeyei,Turkana West,Turkana West,Turkana,Lomunyanakrionok Community Health Unit,700140,42475
Fully-functional,Natira Dispensary,Kalobeyei,Turkana West,Turkana West,Turkana,Namortotio Community Health Unit,700139,41192
Fully-functional,Aposta Dispensary,Songot,Turkana West,Turkana West,Turkana,Lopwarin Community Health Unit,700138,41275
Fully-functional,Aposta Dispensary,Songot,Turkana West,Turkana West,Turkana,Songot Community Health Unit,700137,41275
Fully-functional,Aposta Dispensary,Songot,Turkana West,Turkana West,Turkana,Napeikar Community Health Unit,700136,41275
Fully-functional,Kakuma Mission Hospital,Kakuma,Turkana West,Turkana West,Turkana,Morungole 1 Community Health Unit,700135,41223
Fully-functional,Nanam Dispensary,Nanaam,Turkana West,Turkana West,Turkana,Ngadakarin Asegis Community Health Unit,700134,41346
Fully-functional,Letea Dispensary,Letea,Turkana West,Turkana West,Turkana,Lorengesinyen Community Health Unit,700133,41592
Fully-functional,Lopiding Sub County Hospital,Nanaam,Turkana West,Turkana West,Turkana,Aochole Community Health Unit,700132,42064
Fully-functional,Lopiding Sub County Hospital,Nanaam,Turkana West,Turkana West,Turkana,Mogila Community Health Unit,700131,42576
Fully-functional,Nakururum Dispensary,Lokichoggio,Turkana West,Turkana West,Turkana,Nakasegan Community Health Unit,700130,42327
Fully-functional,SOS Children Medical Clinic,Central Kisumu,Kisumu West,Kisumu West,Kisumu,Mkendwa Community Health Unit,700129,42289
Fully-functional,Nyahera Sub Sub County Hospital,Kisumu North,Kisumu West,Kisumu West,Kisumu,Dago Community Health Unit,700128,41516
Fully-functional,Kodiaga Prison Health Centre,Central Kisumu,Kisumu West,Kisumu West,Kisumu,Korando A Community Health Unit,700127,41575
Fully-functional,Ober Kamoth Sub County Hospital,South West Kisumu,Kisumu West,Kisumu West,Kisumu,Kanyawegi B Community Health Unit,700126,41872
Fully-functional,Airport Health Centre,Central Kisumu,Kisumu West,Kisumu West,Kisumu,Airport Community Health Unit,700125,41821
Fully-functional,Koyasa Dispensary,Kibish,Turkana North,Kibish,Turkana,Naita Community Health Unit,700124,42433
Fully-functional,Koyasa Dispensary,Kibish,Turkana North,Kibish,Turkana,Kichubi Community Health Unit,700123,42433
Fully-functional,Lokamarinyang Dispensary,Kibish,Turkana North,Kibish,Turkana,Kachuromongin Community Health Unit,700122,42433
Fully-functional,Kibish GK Dispensary,Kibish,Turkana North,Kibish,Turkana,Naitese Community Health Unit,700121,42433
Fully-functional,Karebur Dispensary,Kibish,Turkana North,Kibish,Turkana,Sasame Community Health Unit,700120,42433
Fully-functional,Karebur Dispensary,Kibish,Turkana North,Kibish,Turkana,Nabulkok Community Health Unit,700119,42433
Fully-functional,Mutitu Community Dispensary,Kanyekini,Kirinyaga Central,Kirinyaga Central,Kirinyaga,Kiaga Community Health Unit,700118,41050
Fully-functional,Kariko Dispensary,Inoi,Kirinyaga Central,Kirinyaga Central,Kirinyaga,Kariko Community Health Unit,700117,42200
Fully-functional,Gatuto Dispensary,Kanyekini,Kirinyaga Central,Kirinyaga Central,Kirinyaga,Ngaru Community Health Unit,700116,40333
Fully-functional,Gatuto Dispensary,Kanyekini,Kirinyaga Central,Kirinyaga Central,Kirinyaga,Nduini Community Health Unit,700115,40333
Fully-functional,Gatuto Dispensary,Kanyekini,Kirinyaga Central,Kirinyaga Central,Kirinyaga,Karia Community Health Unit,700114,40333
Fully-functional,Misori Dispensary,West Uyoma,Rarieda,Rarieda,Siaya,Nyabera Lower Community Health Unit,700113,41129
Fully-functional,Misori Dispensary,West Uyoma,Rarieda,Rarieda,Siaya,Nyabera Upper Community Health Unit,700112,41129
Fully-functional,Matare SDA Dispensary,Ntimaru West,Kuria East,Kuria East,Migori,Matare Community Health Unit,700110,40818
Fully-functional,Kegonga Sub County Hospital,Nyabasi East,Kuria East,Kuria East,Migori,Nyamanche Community Health Unit,700109,41000
Fully-functional,Nyametembe Dispensary,Ntimaru West,Kuria East,Kuria East,Migori,Nyametembe Community Health Unit,700108,41004
Fully-functional,Kugitimo Health Centre,Nyabasi East,Kuria East,Kuria East,Migori,Kugitimo Community Health Unit,700107,40817
Fully-functional,Kemakoba Dispensary,Nyabasi West,Kuria East,Kuria East,Migori,Kemakoba Community Health Unit,700106,41002
Fully-functional,Chinato Health Centre,Nyabasi West,Kuria East,Kuria East,Migori,Tebesi Community Health Unit,700105,41000
Fully-functional,Chinato Health Centre,Nyabasi West,Kuria East,Kuria East,Migori,Kebaroti Community Health Unity,700104,41001
Fully-functional,Nyaroha Dispensary,Nyabasi West,Kuria East,Kuria East,Migori,Nyaroha Community Health Unit,700103,40818
Fully-functional,Kugitimo Health Centre,Nyabasi East,Kuria East,Kuria East,Migori,Nyamagenga Community Health Unit,700102,40818
Fully-functional,Kaalem Dispensary,Kaaleng/Kaikor,Turkana North,Turkana North,Turkana,Kaalem Community Health Unit,700101,42603
Fully-functional,Kaeris Dispensary,Kaeris,Turkana North,Turkana North,Turkana,Kaeris Community Health Unit,700100,41129
Fully-functional,Kaaleng Health Centre,Kaaleng/Kaikor,Turkana North,Turkana North,Turkana,Kaaleng Community Health Unit,700099,39662
Fully-functional,Kataboi Dispensary,Lakezone,Turkana North,Turkana North,Turkana,Kataboi Community Health Unit,700098,41509
Fully-functional,Nariokotome Dispensary,Lakezone,Turkana North,Turkana North,Turkana,Nariokotome Community Health Unit,700097,41852
Fully-functional,Lowarengak Health Centre,Lakezone,Turkana North,Turkana North,Turkana,Lowarengak Community Health Unit,700096,41133
Fully-functional,Lokitaung Sub County Hospital,Lapur,Turkana North,Turkana North,Turkana,Lokitaung Community Health Unit,700095,41507
Fully-functional,Gairoro Dispensary,Ntimaru West,Kuria East,Kuria East,Migori,Masangora Community Health Unit,700094,40818
semi-functional,Getongoroma Health Centre,Nyabasi East,Kuria East,Kuria East,Migori,Getongoroma Community Health Unit,700093,41002
Fully-functional,Nyamaranya Dispensary,Gokeharaka/Getambwega,Kuria East,Kuria East,Migori,Nyamaranya Community Health Unit,700092,41003
Fully-functional,Getambwega Dispensary,Gokeharaka/Getambwega,Kuria East,Kuria East,Migori,Getambwega Community Health Unit,700091,41004
Fully-functional,Maeta Dispensary,Nyabasi West,Kuria East,Kuria East,Migori,Maeta Community Health Unit,700090,41002
Fully-functional,Kegonga Sub County Hospital,Nyabasi East,Kuria East,Kuria East,Migori,Sakuri Community Health Unit,700089,41002
Fully-functional,Siabai Makonge Dispensary,Ntimaru East,Kuria East,Kuria East,Migori,Siabai Community Health Unit,700088,41000
Fully-functional,Ntimaru Sub County Hospital,Ntimaru West,Kuria East,Kuria East,Migori,Igena Itambe Community Health Unit,700087,40299
Fully-functional,Taragai Dispensary,Ntimaru East,Kuria East,Kuria East,Migori,Itongo Community Health Unit,700086,41000
semi-functional,Lokwamosing Dispensary,Lokori/Kochodin,Turkana East,Turkana East,Turkana,Kochodin Community Health Unit,700085,42536
Fully-functional,Lopii Dispensary,Lokori/Kochodin,Turkana East,Turkana East,Turkana,Lopii Community Health Unit,700084,42536
Fully-functional,Lokwii Health Center,Lokori/Kochodin,Turkana East,Turkana East,Turkana,Lokwii Community Health Unit,700083,41075
semi-functional,Lokori Primary Health Care Programme,Lokori/Kochodin,Turkana East,Turkana East,Turkana,Lochakula Community Health Unit,700082,42475
Fully-functional,Lokwamosing Dispensary,Lokori/Kochodin,Turkana East,Turkana East,Turkana,Lokwamosing Community Health Unit,700081,41075
Fully-functional,Katilia Dispensary,Katilia,Turkana East,Turkana East,Turkana,Katilia Community Health Unit,700080,42536
Fully-functional,Lotubae (AIC) Dispensary,Lokori/Kochodin,Turkana East,Turkana East,Turkana,Lotubae Community Health Unit,700079,42412
Fully-functional,Nakukulas Dispensary,Lokori/Kochodin,Turkana East,Turkana East,Turkana,Nakukulas Community Health Unit,700078,40344
Fully-functional,Lokori (AIC) Health Centre,Lokori/Kochodin,Turkana East,Turkana East,Turkana,Lokori Community Health Unit,700077,41136
Fully-functional,Morulem Dispensary,Lokori/Kochodin,Turkana East,Turkana East,Turkana,Morulem Community Health Unit,700076,42522
Fully-functional,Lukusi Dispensary,Mihuu,Webuye East,Webuye East,Bungoma,Misimo B Community Health Unit,700075,42415
Fully-functional,Lukusi Dispensary,Mihuu,Webuye East,Webuye East,Bungoma,Misimo A Community Health Unit,700074,42370
Fully-functional,Lukusi Dispensary,Mihuu,Webuye East,Webuye East,Bungoma,Lutacho A Community Health Unit,700073,42370
Fully-functional,Lukusi Dispensary,Mihuu,Webuye East,Webuye East,Bungoma,Misimo C Community Health Unit,700072,42401
Fully-functional,Lukusi Dispensary,Mihuu,Webuye East,Webuye East,Bungoma,Lutacho B Community Health Unit,700071,42464
semi-functional,Sirisia Sub County Hospital,Malakisi/South Kulisiru,Sirisia,Sirisia,Bungoma,Kulisiru Community Health Unit,700070,42430
semi-functional,Sirisia Sub County Hospital,Malakisi/South Kulisiru,Sirisia,Sirisia,Bungoma,Wekelekha Community Health Unit,700069,42430
semi-functional,Sirisia Sub County Hospital,Malakisi/South Kulisiru,Sirisia,Sirisia,Bungoma,Sirisia Community Health Unit,700068,41883
semi-functional,Sirisia Sub County Hospital,Malakisi/South Kulisiru,Sirisia,Sirisia,Bungoma,Chepkutumi Community Health Unit,700067,41701
semi-functional,Sirisia Sub County Hospital,Malakisi/South Kulisiru,Sirisia,Sirisia,Bungoma,Chenjeni Community Health Unit,700066,41852
semi-functional,Sirisia Sub County Hospital,Malakisi/South Kulisiru,Sirisia,Sirisia,Bungoma,Bisunu Community Health Unit,700065,41122
semi-functional,Korosiandet Dispensary,Lwandanyi,Sirisia,Sirisia,Bungoma,Makutano Community Health Unit,700064,41701
semi-functional,Lwandanyi Dispensary,Lwandanyi,Sirisia,Sirisia,Bungoma,Wamono Community Health Unit,700063,41795
semi-functional,Lwandanyi Dispensary,Lwandanyi,Sirisia,Sirisia,Bungoma,Kaprot Community Health Unit,700062,41883
semi-functional,Lwandanyi Dispensary,Lwandanyi,Sirisia,Sirisia,Bungoma,Machakha Community Health Unit,700061,40969
semi-functional,Chwele Friends Dispensary,Namwela,Sirisia,Sirisia,Bungoma,Kolani Community Health Unit,700060,41701
semi-functional,Malakisi Health Centre,Lwandanyi,Sirisia,Sirisia,Bungoma,Malakisi Community Health Unit,700059,41155
semi-functional,A.C.K Butonge Dispensary,Malakisi/South Kulisiru,Sirisia,Sirisia,Bungoma,Butonge Community Health Unit,700058,41701
semi-functional,Tamlega Dispensary,Lwandanyi,Sirisia,Sirisia,Bungoma,Tamlega Community Health Unit,700057,41701
semi-functional,Tamlega Dispensary,Lwandanyi,Sirisia,Sirisia,Bungoma,Sitabicha B Community Health Unit,700056,42065
Fully-functional,Chwele Friends Dispensary,Namwela,Sirisia,Sirisia,Bungoma,Sibumba Community Health Unit,700055,42009
Fully-functional,Kaptanai Dispensary,Namwela,Sirisia,Sirisia,Bungoma,Kikai Community Health Unit,700054,41061
semi-functional,Kaptanai Dispensary,Namwela,Sirisia,Sirisia,Bungoma,Research Community Health Unit,700053,42522
Fully-functional,Kaptanai Dispensary,Namwela,Sirisia,Sirisia,Bungoma,Menu Community Health Unit,700052,41439
Fully-functional,Sikusi Dispensary,Kabuchai/Chwele,Kabuchai,Kabuchai,Bungoma,Sikusi Community Health Unit,700051,41497
semi-functional,Makhonge Dispensary,Mukuyuni,Kabuchai,Kabuchai,Bungoma,Makhonge Community Health Unit,700050,42492
Fully-functional,Luuya Dispensary,Bwake/Luuya,Kabuchai,Kabuchai,Bungoma,Bwake Community Health Unit,700049,41044
Fully-functional,Ngalasia Dispensary,West Nalondo,Kabuchai,Kabuchai,Bungoma,Kasosi Community Health Unit,700048,42278
Fully-functional,Chwele Sub County Hospital,Kabuchai/Chwele,Kabuchai,Kabuchai,Bungoma,Sichei Community Health Unit,700047,41075
semi-functional,Kimalewa Health Centre,Mukuyuni,Kabuchai,Kabuchai,Bungoma,Kimalewa Community Health Unit,700046,42523
Fully-functional,Sikusi Dispensary,Kabuchai/Chwele,Kabuchai,Kabuchai,Bungoma,New Sikusi Community Health Unit,700044,42227
Fully-functional,Sikusi Dispensary,Kabuchai/Chwele,Kabuchai,Kabuchai,Bungoma,Sikusi Community Health Unit,700043,41497
Fully-functional,Chebukaka Health Centre,Mukuyuni,Kabuchai,Kabuchai,Bungoma,Kibichori Community Health Unit,700041,40248
Fully-functional,Chebukaka Health Centre,Mukuyuni,Kabuchai,Kabuchai,Bungoma,Chebukaka Community Health Unit,700040,42480
Fully-functional,Kabuchai Health Centre,Kabuchai/Chwele,Kabuchai,Kabuchai,Bungoma,Kabuchai Central Community Health Unit,700039,41976
Fully-functional,Chemwa Bridge Dispensary,West Nalondo,Kabuchai,Kabuchai,Bungoma,Chemwa Community Health Unit,700038,41073
Fully-functional,Chemwa Bridge Dispensary,West Nalondo,Kabuchai,Kabuchai,Bungoma,Nagwe Community Health Unit,700037,41806
Fully-functional,Nalondo Health Centre (Model),West Nalondo,Kabuchai,Kabuchai,Bungoma,Luucho Community Health Unit,700036,42156
Fully-functional,Nalondo Health Centre (Model),West Nalondo,Kabuchai,Kabuchai,Bungoma,Nalondo Community Health Unit,700035,42002
Fully-functional,Nalondo Health Centre (Model),West Nalondo,Kabuchai,Kabuchai,Bungoma,Mukhweya Community Health Unit,700034,41791
Fully-functional,Chwele Sub County Hospital,Kabuchai/Chwele,Kabuchai,Kabuchai,Bungoma,Chwele Community Health Unit,700033,41835
Fully-functional,Luuya Dispensary,Bwake/Luuya,Kabuchai,Kabuchai,Bungoma,Chekulo Community Health Unit,700032,41440
Fully-functional,Komosoko Dispensary,Nyanmosense/Komosoko,Kuria West,Kuria West,Migori,Komosoko Community Health Unit,700031,42401
Fully-functional,Nyangoge Health Centre,Tagare,Kuria West,Kuria West,Migori,Nyangoge Community Health Unit,700030,42554
Fully-functional,Nyankore Health Center,Tagare,Kuria West,Kuria West,Migori,Nyankore Community Health Unit,700029,42344
Fully-functional,Robarisia Dispensary,Bukira Central/Ikerege,Kuria West,Kuria West,Migori,Gwikonge Community Health Unit,700028,42430
Fully-functional,Taranganya Dispensary,Bukira East,Kuria West,Kuria West,Migori,Taranganya Community Health Unit,700027,42310
Fully-functional,Komomange Dispensary,Bukira Central/Ikerege,Kuria West,Kuria West,Migori,Komomange Community Health Unit,700026,42253
Fully-functional,Kombe Dispensary,Masaba,Kuria West,Kuria West,Migori,Sagegi Community Health Unit,700025,42339
Fully-functional,Kombe Dispensary,Masaba,Kuria West,Kuria West,Migori,Kombe Community Health Unit,700024,42527
Fully-functional,Nyasese Dispensary,Mokerero,Kuria West,Kuria West,Migori,Kohego Community Health Unit,700023,42557
Fully-functional,Getongoroma Dispensary,Nyanmosense/Komosoko,Kuria West,Kuria West,Migori,Getongoroma Community Health Unit,700022,42557
Fully-functional,Nyaani Dispensary,Nuu,Mwingi Central,Mwingi Central,Kitui,Nyaani Community Health Unit,700021,41424
Fully-functional,Yumbu Dispensary (Mwingi Central),Mui,Mwingi Central,Mwingi Central,Kitui,Yumbu Community Health Unit,700020,41424
Fully-functional,Enziu Dispensary,Waita,Mwingi Central,Mwingi Central,Kitui,Enziu Community Health Unit,700019,41424
Fully-functional,Webuye Health Centre,Maraka,Webuye East,Webuye East,Bungoma,Nang'eni C Community Health Unit,700018,42037
Fully-functional,Webuye Health Centre,Maraka,Webuye East,Webuye East,Bungoma,Nang'eni B Community Health Unit,700017,42037
Fully-functional,Mechimeru Model Health Center,East Sang'alo,Kanduyi,Kanduyi,Bungoma,Lutungu Community Health Unit,700016,41805
semi-functional,Ekitale Dispensary,West Sang'alo,Kanduyi,Kanduyi,Bungoma,Matumbufu Community Health Unit,700015,41958
Fully-functional,Gosebe Dispensary,Gokeharaka/Getambwega,Kuria East,Kuria East,Migori,Gosebe Community Health Unit,700014,40817
semi-functional,Ekitale Dispensary,West Sang'alo,Kanduyi,Kanduyi,Bungoma,Mabanga Community Health Unit,700013,41958
semi-functional,Ngaremara Dispensary,Ngare Mara,Isiolo North,Isiolo,Isiolo,Ngaremara Community Health Unit,602466,41306
semi-functional,ACK Dispensary (Isiolo),Burat,Isiolo North,Isiolo,Isiolo,Ack Community Health Unit,602380,41030
Fully-functional,Kanakurudio Health Centre,Kaeris,Turkana North,Turkana North,Turkana,Kanakurudio Community Health Unit,602896,41122
semi-functional,Tupendane Dispensary,Burat,Isiolo North,Isiolo,Isiolo,Tupendane Community Health Unit,602412,40664
semi-functional,Mbenuu H Centre,Mbitini,Makueni,Makueni,Makueni,Mbenuu Community Health Unit,602120,40695
semi-functional,Matiliku Sub County Hospital,Nzaui/Kilili/Kalamba,Makueni,Makueni,Makueni,Matiliku Community Health Unit,602119,39965
semi-functional,Kikumini Health Centre,Nguu/Masumba,Kibwezi West,Kibwezi West,Makueni,Kikumini Community Health Unit,602116,39904
Fully-functional,Kavuthu H/Centre,Mbitini,Makueni,Makueni,Makueni,Kavuthu Community Health Unit,602115,39965
non-functinoal,Merti Health Centre,Cherab,Isiolo North,Merti,Isiolo,Baasa Community Health Unit,602079,41000
Fully-functional,Mosoriot Sub County Hospital,Lelmoko/Ngechek,Chesumei,Chesumei,Nandi,Mutwot Community Health Unit,601091,40544
Fully-functional,Mosoriot Sub County Hospital,Lelmoko/Ngechek,Chesumei,Chesumei,Nandi,Mosoriot Community Health Unit,601090,40544
Fully-functional,Mosoriot Sub County Hospital,Lelmoko/Ngechek,Chesumei,Chesumei,Nandi,Kosirai Community Health Unit,601088,40544
semi-functional,Tot Sub-District Hospital,Endo,Marakwet East,Marakwet East,Elgeyo Marakwet,Koibirir Community Health Unit,600985,43089
Fully-functional,Sigor Sub-District Hospital,Sigor,Chepalungu,Chepalungu,Bomet,Areiyet Community Health Unit,602805,41061
semi-functional,Rhein Valley Hospital,Mbaruk/Eburu,Gilgil,Gilgil,Nakuru,Mbaruk Community Health Unit,600886,40909
Fully-functional,Ortum Mission Hospital,Batei,Pokot South,Pokot South,West Pokot,Morpus Community Health Unit,601158,40513
Fully-functional,Ortum Mission Hospital,Batei,Pokot South,Pokot South,West Pokot,Kerelwa Community Health Unit,601157,40513
semi-functional,Elgon View Hospital,Racecourse,Kesses,Kesses,Uasin Gishu,Muchanganyiko Community Health Unit,601057,40513
Fully-functional,Murudef Dispensary,Idakho Central,Ikolomani,Ikolomani,Kakamega,Musoli Community Health Unit,600717,39816
semi-functional,Ndengelwa Dispensary,Bukembe West,Kanduyi,Kanduyi,Bungoma,Ndengelwa Community Health Unit,600581,40179
Fully-functional,Bungoma County Referral Hospital,Township,Kanduyi,Kanduyi,Bungoma,Khalaba Community Health Unit,600576,40544
semi-functional,Murgor Hills Dispensary,Tapsagoi,Turbo,Turbo,Uasin Gishu,Murgor Hills Community Health Unit,600864,40575
Fully-functional,Kenya Acorn Project (Acorn) Health Centre,Kanyamwa Kosewe,Ndhiwa,Ndhiwa,Homa Bay,Upper Kayambo Community Health Unit,600239,40878
Fully-functional,Bwaliro Dispensary,Elugulu,Butula,Butula,Busia,Emukweso Community Health Unit,600639,39091
Fully-functional,Bwaliro Dispensary,Elugulu,Butula,Butula,Busia,Bwaliro Community Health Unit,600637,39091
Fully-functional,Bwaliro Dispensary,Elugulu,Butula,Butula,Busia,Bulwani Community Health Unit,600632,39091
Fully-functional,Bogwendo Health Centre(Manga),Magombo,Kitutu Masaba,Manga,Nyamira,Bogwendo Community Health Unit,602688,39988
Fully-functional,Dallas Dispensary,Kirimari,Manyatta,Manyatta,Embu,Dallas Community Health Unit,601932,40118
semi-functional,Kea Dispensary,Nguutani,Mwingi West,Mwingi West,Kitui,Kea Community Health Unit,602316,40756
semi-functional,Kombato Dispensary,Macalder/Kanyarwanda,Nyatike,Nyatike,Migori,Owich Community Health Unit,600315,40848
Fully-functional,Kilibasi Dispensary,Mackinon Road,Kinango,Kinango,Kwale,Kilibasi Community Health Unit,602789,41365
Fully-functional,Gita Sub County Hospital,Kajulu,Kisumu East,Kisumu East,Kisumu,Kadero Community Health Unit,600084,40695
Fully-functional,Gita Sub County Hospital,Kajulu,Kisumu East,Kisumu East,Kisumu,Okok Community Health Unit,602730,41183
Fully-functional,Muyuni Dispensary,Mui,Mwingi Central,Mwingi Central,Kitui,Muyuni Community Health Unit,602113,40756
Fully-functional,Lungalunga Subcounty Hospital,Vanga,Lunga Lunga,Lunga Lunga,Kwale,Sega Community Health Unit,601866,40483
Fully-functional,Lungalunga Subcounty Hospital,Vanga,Lunga Lunga,Lunga Lunga,Kwale,Kaya Community Health Unit,601855,40695
Fully-functional,Lungalunga Subcounty Hospital,Vanga,Lunga Lunga,Lunga Lunga,Kwale,Gonja Community Health Unit,601854,40575
Fully-functional,Ng'ombeni Dispensary,Waangombeni,Matuga,Matuga,Kwale,Mtamazide Community Health Unit,601810,40483
Fully-functional,Ng'ombeni Dispensary,Waangombeni,Matuga,Matuga,Kwale,Four Ms Ngombeni1 Community Health Unit,601806,40483
non-functinoal,Kalimani Disensary,Matinyani,Kitui West,Kitui West,Kitui,Kalimani Community Health Unit,602055,39904
Fully-functional,Kutus Dispensary,Nyangati,Mwea,Kirinyaga South,Kirinyaga,Kutus Community Health Unit,601520,40238
Closed,Saradidi Dispensary,West Asembo,Rarieda,Rarieda,Siaya,Memba Community Health Unit,600403,39817
Fully-functional,Saradidi Dispensary,West Asembo,Rarieda,Rarieda,Siaya,Memba B Community Health Unit,602616,41318
Fully-functional,Saradidi Dispensary,West Asembo,Rarieda,Rarieda,Siaya,Memba A Community Health Unit,602615,39817
Fully-functional,Uyawi Sub County Hospital,Central Sakwa,Bondo,Bondo,Siaya,Uyawi Community Health Unit,600026,39816
Fully-functional,Winjo Dispensary,Muhuru,Nyatike,Nyatike,Migori,Nyakondo Community Health Unit,600310,40664
semi-functional,Kwoyo Kodalo Dispensary,North Sakwa,Awendo,Awendo,Migori,Kangeso Community Health Unit,602169,41003
semi-functional,Namba Kodero Dispensary,Macalder/Kanyarwanda,Nyatike,Nyatike,Migori,East Kanyaruada Community Health Unit,600306,40848
semi-functional,Sango Rota Health centre,West Nyakach,Nyakach,Nyakach,Kisumu,Kasimba Community Health Unit,600380,40878
Fully-functional,Sango Rota Health centre,West Nyakach,Nyakach,Nyakach,Kisumu,Lower Kadianga Community Health Unit,600261,40756
Fully-functional,Itabua Police Dispensary,Mbeti North,Manyatta,Manyatta,Embu,Itabua Community Health Unit,601933,40513
semi-functional,Kula Mawe Dispensary,Kinna,Isiolo South,Garbatulla,Isiolo,Kulamawe Community Health Unit,602465,41306
non-functinoal,Katheka Dispensary,Matungulu East,Matungulu,Matungulu,Machakos,Katheka Community Health Unit,602058,40269
Closed,Kathangariri Dispensary,Nginda,Manyatta,Manyatta,Embu,Kauwi Community Health Unit,602543,39845
Closed,Kathangariri Dispensary,Nginda,Manyatta,Manyatta,Embu,Kauma Community Health Unit,602056,40603
Closed,Kathangariri Dispensary,Nginda,Manyatta,Manyatta,Embu,Rugumu Community Health Unit,601931,41030
non-functinoal,Kathangariri Dispensary,Nginda,Manyatta,Manyatta,Embu,Nguviu Community Health Unit,601930,41000
Fully-functional,Kasyala Health Centre,Kyangwithya East,Kitui Central,Kitui Central,Kitui,Kasyala Community Health Unit,602845,41091
Fully-functional,Athibohol Dispensary,Hadado/Athibohol,Wajir West,Wajir West,Wajir,Athibohol Community Health Unit,601742,40603
non-functinoal,Omboga Dispensary,Kanyaluo,Karachuonyo,Karachuonyo,Homa Bay,Kamenya North Community Health Unit,600325,40878
non-functinoal,Omboga Dispensary,Kanyaluo,Karachuonyo,Karachuonyo,Homa Bay,Kamenya Central Community Health Unit,600324,40878
semi-functional,Rota Health Centre,South West Kisumu,Kisumu West,Kisumu West,Kisumu,Ojolla Community Health Unit,600105,39817
Fully-functional,Kaborom Dispensary,Kaptama,Mt. Elgon,Mt Elgon,Bungoma,Kaborom Community Health Unit,602186,40183
Fully-functional,Tulimani Health Centre,Tulimani,Mbooni,Mbooni,Makueni,Tulimani Community Health Unit,602151,39845
Fully-functional,Saretho Health Centre,Abakaile,Daadab,Dadaab,Garissa,Saretho Community Health Unit,602656,41355
semi-functional,Mango Dispensary,Makutano/Mwala,Mwala,Mwala,Machakos,Wetaa Community Health Unit,602106,40391
semi-functional,Mango Dispensary,Makutano/Mwala,Mwala,Mwala,Machakos,Kamwala Community Health Unit,602100,40026
Fully-functional,Nairobi West Men's Prison Dispensary,Nairobi West,Langata,Langata,Nairobi,City Cotton Upendo Community Health Unit,601666,40603
Fully-functional,Pelewa Dispensary,Dalalekutuk,Kajiado Central,Kajiado Central,Kajiado,Pelewa Community Health Unit,600901,40634
Fully-functional,Kiriita Forest Dispensary,Kijabe,Lari,Lari,Kiambu,Kambaa Afya Community Health Unit,601447,40452
semi-functional,Kiriita Forest Dispensary,Kijabe,Lari,Lari,Kiambu,Bathi Community Health Unit,601442,40940
semi-functional,Merille Health centre,Laisamis,Laisamis,Laisamis,Marsabit,Merile Community Health Unit,602970,41513
Fully-functional,Mwananyamala (CDF) Dispensary,Dzombo,Lunga Lunga,Lunga Lunga,Kwale,Morning Star Community Health Unit,601860,40817
semi-functional,Mutituni Health Centre,Mutituni,Machakos Town,Machakos,Machakos,Mutituni Community Health Unit,602028,39356
Fully-functional,Ogam Dispensary,Yimbo East,Bondo,Bondo,Siaya,Nyamonye Community Health Unit,600016,39451
Fully-functional,Nyansira,Birongo,Nyaribari Chache,Nyaribari Chache,Kisii,Birongo Community Health Unit,602202,39539
Fully-functional,Dzikunze Dispensary,Sokoke,Ganze,Ganze,Kilifi,Dzikunze Community Health Unit,601763,39965
semi-functional,Iresaboru Dispensary,Sericho,Isiolo South,Garbatulla,Isiolo,Iresaboru Community Health Unit,602463,41306
Fully-functional,Kambajo Dispensary,West Sakwa,Bondo,Bondo,Siaya,Usire Community Health Unit,600025,39818
Fully-functional,Kambajo Dispensary,West Sakwa,Bondo,Bondo,Siaya,Maranda Community Health Unit,600012,40725
Fully-functional,Othach Dispensary,Yimbo East,Bondo,Bondo,Siaya,Othach Community Health Unit,600020,39454
Fully-functional,Endiba Health Centre,Kiabonyoru,Borabu,Borabu,Nyamira,Nyaramba Community Health Unit,600286,40695
Fully-functional,Riachina Dispensary,Kiambere,Mbeere South,Mbeere South,Embu,Riachina Community Health Unit,602839,40360
semi-functional,kithuki health centre,Kitise/Kithuki,Makueni,Makueni,Makueni,Kithuki Community Health Unit,601979,39873
Fully-functional,Magenche Health Centre,Magenche,Bomachoge Borabu,Bomachoge Borabu,Kisii,Nyagenke Community Health Unit,600067,40422
Fully-functional,Magenche Health Centre,Magenche,Bomachoge Borabu,Bomachoge Borabu,Kisii,Magenche B Community Health Unit,602931,41334
Fully-functional,Mukindu Dispensary,Rurii,Ol Kalou,Olkalou,Nyandarua,Rurii Community Health Unit,601537,40238
semi-functional,Nziu Health Centre,Wote,Makueni,Makueni,Makueni,Nziu Community Health Unit,602041,40603
non-functinoal,Kayatta Dispensary,Matungulu North,Matungulu,Matungulu,Machakos,Kayatta Community Health Unit,602059,38808
Fully-functional,Qudama Dispensary,Danaba,Wajir North,Wajir North,Wajir,Quadam Community Health Unit,601737,40725
Fully-functional,Mukuuni Dispensary,Magumoni,Chuka/Igambang'ombe,Chuka,Tharaka Nithi,Mukuuni Community Health Unit,602087,39661
semi-functional,Syumile Dispensary,Nguumo,Kibwezi West,Kibwezi West,Makueni,Syumile Community Health Unit,602033,39934
semi-functional,Kathulumbi Health Centre,Kalawa,Mbooni,Mbooni,Makueni,Kathulumbi Community Health Unit,602073,38899
Fully-functional,Bwagamoyo Dispensary,Mwawesa,Rabai,Rabai,Kilifi,Kanyumbuni Community Health Unit,601748,39934
Fully-functional,Gurufa Dispensary,Sabena,Lagdera,Lagdera,Garissa,Gurufa Community Health Unit,602661,40452
Fully-functional,Magwagwa Health Centre,Magwagwa,North Mugirango,Nyamira North,Nyamira,Bonyengwe 1 Community Health Unit,600278,40878
semi-functional,Kaptanai Dispensary,Namwela,Sirisia,Sirisia,Bungoma,Namwela Community Health Unit,602324,39630
semi-functional,Korosiandet Dispensary,Lwandanyi,Sirisia,Sirisia,Bungoma,Chepkuyi Community Health Unit,602325,40575
Fully-functional,Majimoto Dispensary,Dzombo,Lunga Lunga,Lunga Lunga,Kwale,Majimoto Community Health Unit,601857,41072
Fully-functional,Got Matar Health Center,Yimbo East,Bondo,Bondo,Siaya,Pala Community Health Unit,600022,39452
Fully-functional,Mkongani Health Centre,Mkongani,Matuga,Matuga,Kwale,Mkomba Community Health Unit,601809,39965
Fully-functional,Mageta Health Center,West Yimbo,Bondo,Bondo,Siaya,Mitundu Community Health Unit,600013,40695
Fully-functional,Mageta Health Center,West Yimbo,Bondo,Bondo,Siaya,Mahanga Community Health Unit,600011,39818
Fully-functional,Shisaba Dispensary,Marama West,Butere,Butere,Kakamega,Lunza Community Health Unit,600615,39818
Fully-functional,Shisaba Dispensary,Marama West,Butere,Butere,Kakamega,Bumamu Community Health Unit,600607,39815
Fully-functional,Shisaba Dispensary,Marama West,Butere,Butere,Kakamega,Bucheja Community Health Unit,600606,39817
Fully-functional,Rageng'ni Dispensary,North Uyoma,Rarieda,Rarieda,Siaya,Ragengni Community Health Unit,600413,39458
Fully-functional,Mama Anns Odede Community Health Centre,North Uyoma,Rarieda,Rarieda,Siaya,Ochien'ga Community Health Unit,600408,40184
Fully-functional,Kopiata Beach Dispensary (Rarieda),North Uyoma,Rarieda,Rarieda,Siaya,East Katweng'a Community Health Unit,600396,40695
Fully-functional,Sikarira Dispensary,Marachi North,Butula,Butula,Busia,Bulemia Community Health Unit,600631,41000
Fully-functional,Sikarira Dispensary,Marachi North,Butula,Butula,Busia,Bukati Community Health Unit,600628,39091
Fully-functional,Sikarira Dispensary,Marachi North,Butula,Butula,Busia,Sikarira Community Health Unit,600646,39091
Fully-functional,Sikarira Dispensary,Marachi North,Butula,Butula,Busia,Namusala Community Health Unit,600644,41000
Fully-functional,Sikarira Dispensary,Marachi North,Butula,Butula,Busia,Kanjala Community Health Unit,600642,41000
semi-functional,Embonga Health Centre,Bogichora,West Mugirango,Nyamira,Nyamira,Charachani B Community Health Unit,602677,41487
Fully-functional,Kibogo Dispensary,North Nyakach,Nyakach,Nyakach,Kisumu,Jimo East Community Health Unit,600250,40878
Fully-functional,Kibogo Dispensary,North Nyakach,Nyakach,Nyakach,Kisumu,Awach Community Health Unit,600246,40878
Fully-functional,Kibogo Dispensary,North Nyakach,Nyakach,Nyakach,Kisumu,Agoro East Community Health Unit,600244,40634
semi-functional,IIANI DISPENSARY,Mavindini,Makueni,Makueni,Makueni,Iiani Community Health Unit,602271,40210
Fully-functional,Kizingo Health Centre,Mwarakaya,Kilifi South,Kilifi South,Kilifi,Kizingo South Community Health Unit,601771,40057
Fully-functional,Kizingo Health Centre,Mwarakaya,Kilifi South,Kilifi South,Kilifi,Kizingo North Community Health Unit,601770,40057
Fully-functional,Nyaguta,Kiogoro,Nyaribari Chache,Nyaribari Chache,Kisii,Nyaguta Community Health Unit,602178,40787
Fully-functional,Olasi Dispensary,Kaler,Nyatike,Nyatike,Migori,Olasi Community Health Unit,600313,40940
Fully-functional,Oltiasika Dispensary,Kuku,Kajiado South,Loitokitok,Kajiado,Oltiasika Community Health Unit,600971,39845
Fully-functional,Subuku Dispensary (Nyandarua North),Central,Ndaragwa,Ndaragwa,Nyandarua,Muruai Community Health Unit,602603,41153
semi-functional,New Mawingu Health Centre,Karau,Ol Kalou,Olkalou,Nyandarua,Shalom Community Health Unit,601538,40057
semi-functional,New Mawingu Health Centre,Karau,Ol Kalou,Olkalou,Nyandarua,Mawingu Community Health Unit,601536,39569
Fully-functional,Gacharageini Dispensary,Kiru,Mathioya,Mathioya,Muranga,Gacharageini Community Health Unit,601465,40179
semi-functional,Tambaya Dispensary,Mukurwe-ini West,Mukurweini,Mukurweini,Nyeri,Tambaya Community Health Unit,601488,40756
Fully-functional,Mawere Dispensary,North Sakwa,Bondo,Bondo,Siaya,Abom Community Health Unit,600001,39817
Fully-functional,Kihingo Dispensary (CDF),Kihingo,Njoro,Njoro,Nakuru,Kihingo Community Health Unit,601138,40940
Fully-functional,Mbondoni Dispensary,Makima,Mbeere South,Mbeere South,Embu,Mbondoni Community Health Unit,602214,39904
Fully-functional,Bitare dispensary,Bomorenda,Bonchari,Bonchari,Kisii,Bokeire Community Health Unit,600074,40299
semi-functional,Yimwaa Dispensary,Makindu,Kibwezi West,Kibwezi West,Makueni,Yimwaa Community Health Unit,602034,40603
semi-functional,Kisau Sub County Hospital,Kiteta-kisau,Mbooni,Mbooni,Makueni,Ngoni Community Health Unit,602078,40269
semi-functional,Kisau Sub County Hospital,Kiteta-kisau,Mbooni,Mbooni,Makueni,Muthwani Community Health Unit,602077,40269
semi-functional,Kisau Sub County Hospital,Kiteta-kisau,Mbooni,Mbooni,Makueni,Mukimwani Community Health Unit,602076,40299
semi-functional,Kisau Sub County Hospital,Kiteta-kisau,Mbooni,Mbooni,Makueni,Mangani Community Health Unit,602074,39873
Fully-functional,Garsen Health Centre,Garsen West,Garsen,Garsen,Tana River,Garsen Community Health Unit,601884,39264
Fully-functional,Ekwanda Health Centre,Luanda South,Luanda,Luanda,Vihiga,Ekwanda Community Health Unit,600655,39819
Fully-functional,Kaliani Health Centre,Kithungo/Kitundu,Mbooni,Mbooni,Makueni,Kaliani Community Health Unit,602521,40483
Fully-functional,Oyani Sub County Hospital,East Kanyamkago,Uriri,Uriri,Migori,Arambe Community Health Unit,600525,40664
Fully-functional,Karurumo Rhtc,Kyeni South,Runyenjes,Runyenjes,Embu,Karurumo Community Health Unit,601924,39264
Fully-functional,Raganga Health Centre,Bogusero,Kitutu Chache South,Kitutu Chache South,Kisii,Raganga Community Health Unit,602612,40725
Fully-functional,Bugumbe Health Centre,Tagare,Kuria West,Kuria West,Migori,Bugumbe Community Health Unit,602208,40848
Fully-functional,Ndaragwa Health Centre,Central,Ndaragwa,Ndaragwa,Nyandarua,Murichu Community Health Unit,601546,40513
Fully-functional,Ndaragwa Health Centre,Central,Ndaragwa,Ndaragwa,Nyandarua,Kianjogu Community Health Unit,602599,41153
Fully-functional,Ndaragwa Health Centre,Central,Ndaragwa,Ndaragwa,Nyandarua,Ngamini Community Health Unit,602864,41214
Fully-functional,Chasimba Health Centre,Chasimba,Kilifi South,Kilifi South,Kilifi,Chasimba Community Health Unit,602560,41061
Fully-functional,Gategi Health Centre,Mwea,Mbeere South,Mbeere South,Embu,Gategi Community Health Unit,602204,39661
semi-functional,Mwikalikha Health Centre,Kisa North,Khwisero,Khwisero,Kakamega,Mwikalikha Community Health Unit,600737,40575
Fully-functional,Khwisero Health Centre,Kisa North,Khwisero,Khwisero,Kakamega,Eshibinga Community Health Unit,600735,39448
Fully-functional,Kimalewa Health Centre,Mukuyuni,Kabuchai,Kabuchai,Bungoma,Kuywa Community Health Unit,600539,39814
Fully-functional,Kibugua Health Centre,Magumoni,Chuka/Igambang'ombe,Chuka,Tharaka Nithi,Kathatwa Community Health Unit,602085,39264
Fully-functional,Kyeleni Health Centre,Kyeleni,Matungulu,Matungulu,Machakos,Kyeleni Community Health Unit,602062,40299
Fully-functional,Manyuanda Health Centre (Rarieda),West Uyoma,Rarieda,Rarieda,Siaya,Nyabera Community Health Unit,600406,39816
semi-functional,Manyuanda Health Centre (Rarieda),West Uyoma,Rarieda,Rarieda,Siaya,Kokwiri Community Health Unit,600399,39453
Fully-functional,Manyuanda Health Centre (Rarieda),West Uyoma,Rarieda,Rarieda,Siaya,Kokwiri A Community Health Unit,602835,39211
Fully-functional,Isinya Health Centre,Kaputiei North,Kajiado East,Kajiado East,Kajiado,Kisaju Community Health Unit,600891,40878
semi-functional,Igegania Sub-District Hospital,Mang'u,Gatundu North,Gatundu North,Kiambu,Gatukuyu Community Health Unit,602415,39173
semi-functional,Igegania Sub-District Hospital,Mang'u,Gatundu North,Gatundu North,Kiambu,Karuri Community Health Unit,601281,39083
Fully-functional,Simba Health Centre,Kenyawa-poka,Kajiado East,Kajiado East,Kajiado,Kunju Imbuko Community Health Unit,600897,40603
Fully-functional,Simba Health Centre,Kenyawa-poka,Kajiado East,Kajiado East,Kajiado,Poka Community Health Unit,602200,40603
Fully-functional,Wangige Sub County Hospital,Kabete,Kabete,Kabete,Kiambu,Kanyariri Community Health Unit,601390,40238
Fully-functional,Wangige Sub County Hospital,Kabete,Kabete,Kabete,Kiambu,Kahuho Oasis Community Health Unit,601389,40330
Fully-functional,Wangige Sub County Hospital,Kabete,Kabete,Kabete,Kiambu,Gitaru Community Health Unit,601388,40238
Fully-functional,Wangige Sub County Hospital,Kabete,Kabete,Kabete,Kiambu,Ambassadors Of Mercy Community Health Unit,601387,40513
Fully-functional,Karatu Health Centre,Ndarugu,Gatundu South,Gatundu South,Kiambu,Karinga Community Health Unit,601285,39934
Fully-functional,Lari Hospital,Lari/Kirenga,Lari,Lari,Kiambu,Mbau-ini Community Health Unit,601450,40817
Fully-functional,Escarpment Dispensary,Lari/Kirenga,Lari,Lari,Kiambu,Escarpment Community Health Unit,601443,39539
Fully-functional,Manyala Sub-District Hospital,Marama South,Butere,Butere,Kakamega,Shibembe Community Health Unit,600620,39450
Fully-functional,Manyala Sub-District Hospital,Marama South,Butere,Butere,Kakamega,Shiatsala Community Health Unit,600619,40182
semi-functional,Manyala Sub-District Hospital,Marama South,Butere,Butere,Kakamega,Eshienjera Community Health Unit,600610,40183
Fully-functional,Manyala Sub-District Hospital,Marama South,Butere,Butere,Kakamega,Bushieni Community Health Unit,600608,39815
non-functinoal,Khorof Harar Sub-District Hospital,Khorof/Harar,Wajir East,Wajir East,Wajir,Khorof Harar Community Health Unit,601721,40603
Fully-functional,Nyakach County Hospital,Central Nyakach,Nyakach,Nyakach,Kisumu,Wasare Community Health Unit,600267,40695
Fully-functional,Nyakach County Hospital,Central Nyakach,Nyakach,Nyakach,Kisumu,Olwalo Community Health Unit,600265,40756
Fully-functional,Nyakach County Hospital,Central Nyakach,Nyakach,Nyakach,Kisumu,Moro Community Health Unit,600263,40817
Fully-functional,Nyakach County Hospital,Central Nyakach,Nyakach,Nyakach,Kisumu,Kadongo Community Health Unit,600254,40695
Fully-functional,Nyakach County Hospital,Central Nyakach,Nyakach,Nyakach,Kisumu,Kabodho East Community Health Unit,600251,40787
semi-functional,Nyakach County Hospital,Central Nyakach,Nyakach,Nyakach,Kisumu,Michura Community Health Unit,602739,41377
semi-functional,Garbatulla District Hospital,Garba Tulla,Isiolo South,Garbatulla,Isiolo,Gafarsa Community Health Unit,602277,40544
semi-functional,Garbatulla District Hospital,Garba Tulla,Isiolo South,Garbatulla,Isiolo,Garbatulla North Community Health Unit,602464,41306
semi-functional,Dadaab Sub-County Hospital,Dadaab,Daadab,Dadaab,Garissa,Daidai Community Health Unit,602664,41306
semi-functional,Dadaab Sub-County Hospital,Dadaab,Daadab,Dadaab,Garissa,Banan Community Health Unit,602663,41306
Fully-functional,Ijara Sub County Hospital - Masalani,Masalani,Ijara,Ijara,Garissa,Mohamed Dahir Community Health Unit,602654,41309
Fully-functional,Kombewa County Referral Hospital,Central Seme,Seme,Seme,Kisumu,Upper Kombewa Community Health Unit,600132,39817
Fully-functional,Kombewa County Referral Hospital,Central Seme,Seme,Seme,Kisumu,Lower Kombewa Community Health Unit,600122,39457
Fully-functional,Kayole II Sub-District Hospital,Kayole South,Embakasi Central,Embakasi Central,Nairobi,Ribakia Community Health Unit,601632,40858
Closed,Kayole II Sub-District Hospital,Kayole South,Embakasi Central,Embakasi Central,Nairobi,Gikipa Community Health Unit,601622,40422
semi-functional,Nyahera Sub Sub County Hospital,Kisumu North,Kisumu West,Kisumu West,Kisumu,Nyahera Community Health Unit,600099,39448
semi-functional,Nyahera Sub Sub County Hospital,Kisumu North,Kisumu West,Kisumu West,Kisumu,Bar-b Community Health Unit,600081,39934
semi-functional,Nyahera Sub Sub County Hospital,Kisumu North,Kisumu West,Kisumu West,Kisumu,Bar-a Community Health Unit,600080,39142
Fully-functional,Mt Kenya (ACK) Hospital,Kerugoya,Kirinyaga Central,Kirinyaga Central,Kirinyaga,Kiaritha Community Health Unit,601416,40725
Fully-functional,Kerugoya District Hospital,Kerugoya,Kirinyaga Central,Kirinyaga Central,Kirinyaga,Ndimi Community Health Unit,601427,40969
semi-functional,Kerugoya District Hospital,Kerugoya,Kirinyaga Central,Kirinyaga Central,Kirinyaga,Kimandi Community Health Unit,601425,40422
Fully-functional,Kisumu County Hospital,Market Milimani,Kisumu Central,Kisumu Central,Kisumu,Township Community Health Unit,600107,40664
semi-functional,Miathene District Hospital,Kianjai,Tigania West,Tigania West,Meru,Miathene Community Health Unit,602131,41061
Fully-functional,Chwele Sub County Hospital,Kabuchai/Chwele,Kabuchai,Kabuchai,Bungoma,Busakala Community Health Unit,600536,39094
Fully-functional,Modogashe Hospital,Modogashe,Lagdera,Lagdera,Garissa,Kulan Community Health Unit,602658,40452
Fully-functional,Modogashe Hospital,Modogashe,Lagdera,Lagdera,Garissa,Digis Community Health Unit,602648,40452
Fully-functional,Gatundu District Hospital,Ngenda,Gatundu South,Gatundu South,Kiambu,Wamwangi Community Health Unit,601290,40590
Fully-functional,Chulaimbo County Hospital,North West Kisumu,Kisumu West,Kisumu West,Kisumu,Newa Community Health Unit,600124,40969
Fully-functional,Chulaimbo County Hospital,North West Kisumu,Kisumu West,Kisumu West,Kisumu,Marera Community Health Unit,600123,41000
Fully-functional,Chulaimbo County Hospital,North West Kisumu,Kisumu West,Kisumu West,Kisumu,East Karateng Community Health Unit,600113,39819
Fully-functional,Butere Sub County Hospital,Marama Central,Butere,Butere,Kakamega,Shirotsa Community Health Unit,600625,40664
Fully-functional,Butere Sub County Hospital,Marama Central,Butere,Butere,Kakamega,Shirembe Community Health Unit,600624,40183
Fully-functional,Butere Sub County Hospital,Marama Central,Butere,Butere,Kakamega,Shinamwenyuli Community Health Unit,600622,40575
semi-functional,Msambweni County Referral Hospital,Ramisi,Msambweni,Msambweni,Kwale,Vingujini Community Health Unit,601869,40980
semi-functional,Msambweni County Referral Hospital,Ramisi,Msambweni,Msambweni,Kwale,Milalani Community Health Unit,601859,40951
Fully-functional,Msambweni County Referral Hospital,Ramisi,Msambweni,Msambweni,Kwale,Kingwede Community Health Unit,601856,41011
Fully-functional,Msambweni County Referral Hospital,Ramisi,Msambweni,Msambweni,Kwale,Mwena Community Health Unit,602758,41091
semi-functional,Isibania Sub-District Hospital,Isibania,Kuria West,Kuria West,Migori,Nyabikaye Community Health Unit,600151,40848
Fully-functional,Miranga Sub County Hospital,East Seme,Seme,Seme,Kisumu,East Kalonje Community Health Unit,600111,39817
semi-functional,Miranga Sub County Hospital,East Seme,Seme,Seme,Kisumu,West Kolunje Community Health Unit,602741,41194
Fully-functional,Rachuonyo District Hospital,West Kamagak,Kasipul,Rachuonyo South,Homa Bay,Kamuma Community Health Unit,600379,40878
Fully-functional,Kangema Sub-District Hospital,Muguru,Kangema,Kangema,Muranga,Watuha Community Health Unit,601339,40422
Fully-functional,Kangema Sub-District Hospital,Muguru,Kangema,Kangema,Muranga,Kanorero Community Health Unit,601326,40238
Fully-functional,Kangema Sub-District Hospital,Muguru,Kangema,Kangema,Muranga,Gakira Community Health Unit,601321,39934
semi-functional,Muhuru Sub-County Hospital,Muhuru,Nyatike,Nyatike,Migori,Tagache Community Health Unit,600316,39821
Fully-functional,Tawa Sub-County Hospial,Kiteta-kisau,Mbooni,Mbooni,Makueni,Kiambwa Community Health Unit,602512,41214
Fully-functional,Kamukuywa Dispensary,Kamukuywa,Kimilili,Kimilili,Bungoma,Chebukwabi A Community Health Unit,600727,40603
Fully-functional,Mbooni Sub County Hospital,Mbooni,Mbooni,Mbooni,Makueni,Mutitu B Community Health Unit,602520,41306
Fully-functional,Mbooni Sub County Hospital,Mbooni,Mbooni,Mbooni,Makueni,Mweani Community Health Unit,602519,41306
Fully-functional,Mbooni Sub County Hospital,Mbooni,Mbooni,Mbooni,Makueni,Mutitu A Community Health Unit,602518,41214
Fully-functional,Mbooni Sub County Hospital,Mbooni,Mbooni,Mbooni,Makueni,Kyuu Community Health Unit,602515,40483
Fully-functional,Muhoroni County Hospital,Muhoroni Koru,Muhoroni,Muhoroni,Kisumu,Muhoroni East Community Health Unit,600196,40969
Fully-functional,Mayenje Dispensary,Mayenje,Matayos,Matayos,Busia,Mayenje Community Health Unit,600602,40969
Fully-functional,Kirwara Sub District,Gatanga,Gatanga,Gatanga,Muranga,Kagima Community Health Unit,601265,40940
Fully-functional,Manga District Hospital,Manga,Kitutu Masaba,Manga,Nyamira,Morako Community Health Unit,602697,40772
Fully-functional,Kibirichia Sub-District Hospital,Kibirichia,Buuri,Buuri,Meru,Kiamiogo Community Health Unit,602082,39539
non-functinoal,Kauwi Sub County Hospital,Kauwi,Kitui West,Kitui West,Kitui,Kauwi Community Health Unit,602014,39845
Fully-functional,Khunyangu Sub County Hospital,Kingandole,Butula,Butula,Busia,Kingandole Community Health Unit,600643,39091
semi-functional,Kabondo Sub-County Hospital,Kabondo West,Kabondo Kasipul,Kabondo Kasipul,Homa Bay,Kasewe B Community Health Unit,602371,40878
Fully-functional,Kabondo Sub-County Hospital,Kabondo West,Kabondo Kasipul,Kabondo Kasipul,Homa Bay,Upper Kodhoch Community Health Unit,600394,40664
Fully-functional,Kabondo Sub-County Hospital,Kabondo West,Kabondo Kasipul,Kabondo Kasipul,Homa Bay,Lower Kodhoch Community Health Unit,600389,40848
Fully-functional,Kabondo Sub-County Hospital,Kabondo West,Kabondo Kasipul,Kabondo Kasipul,Homa Bay,Kowidi Community Health Unit,600388,40848
Fully-functional,Kabondo Sub-County Hospital,Kabondo West,Kabondo Kasipul,Kabondo Kasipul,Homa Bay,Kodhoch East A Community Health Unit,600385,40878
Fully-functional,Kabondo Sub-County Hospital,Kabondo West,Kabondo Kasipul,Kabondo Kasipul,Homa Bay,Kakumu Community Health Unit,600378,40848
semi-functional,Kabondo Sub-County Hospital,Kabondo West,Kabondo Kasipul,Kabondo Kasipul,Homa Bay,Kasewe A Community Health Unit,602399,40878
Fully-functional,Leeta Dispensary,Amwathi,Igembe North,Igembe North,Meru,Amwathi 1b Community Health Unit,602627,41456
Fully-functional,Mutuati Sub-District Hospital,Amwathi,Igembe North,Igembe North,Meru,Nkandone Health Community Health Unit,601943,39661
semi-functional,Mutuati Sub-District Hospital,Amwathi,Igembe North,Igembe North,Meru,Ngukuine Community Health Unit,601941,41153
semi-functional,Mutuati Sub-District Hospital,Amwathi,Igembe North,Igembe North,Meru,Kithetu Community Health Unit,601940,40787
semi-functional,Mutuati Sub-District Hospital,Amwathi,Igembe North,Igembe North,Meru,Kairuru Community Health Unit,601939,41153
semi-functional,Mutuati Sub-District Hospital,Amwathi,Igembe North,Igembe North,Meru,Kabachi Community Health Unit,601937,41122
Fully-functional,Sirisia Sub County Hospital,Malakisi/South Kulisiru,Sirisia,Sirisia,Bungoma,Namang'ofulo Community Health Unit,602338,39815
Fully-functional,Chianda Dispensary (Rarieda),North Uyoma,Rarieda,Rarieda,Siaya,West Katweng'a Community Health Unit,600416,40575
Fully-functional,Madiany Sub County Hospital,South Uyoma,Rarieda,Rarieda,Siaya,Ndigwa Upper Community Health Unit,600404,40664
Fully-functional,Ndhiwa Sub-District Hospital,Kanyamwa Kosewe,Ndhiwa,Ndhiwa,Homa Bay,Lower Kayambo Community Health Unit,600228,40878
Fully-functional,Ndhiwa Sub-District Hospital,Kanyamwa Kosewe,Ndhiwa,Ndhiwa,Homa Bay,Lower Kabonyo-unga Community Health Unit,600227,40878
Fully-functional,Mariakani District Hospital,Mariakani,Kaloleni,Kaloleni,Kilifi,Madzimbani Community Health Unit,601750,40391
Fully-functional,Kenyenya District Hospital,Bokimonge,Bomachoge Borabu,Bomachoge Borabu,Kisii,Kenyenya Community Health Unit,602929,41086
semi-functional,Kajiado County Referral Hospital,Ildamat,Kajiado Central,Kajiado Central,Kajiado,Olkiloriti Esokota Community Health Unit,600900,40848
non-functinoal,Muriranjas Sub-District Hospital,Mugoiri,Kiharu,Kiharu,Muranga,Gatuya Community Health Unit,601300,40269
Fully-functional,Siaya County Referral Hospital,Siaya Township,Alego Usonga,Alego Usonga,Siaya,Karapul Community Health Unit,600427,40787
Closed,Siaya County Referral Hospital,Siaya Township,Alego Usonga,Alego Usonga,Siaya,Imperial Community Health Unit,602962,41640
Fully-functional,Muthaara Dispensary,Witeithie,Juja,Juja,Kiambu,Malaba Community Health Unit,601605,39203
semi-functional,Muthaara Dispensary,Witeithie,Juja,Juja,Kiambu,Komo Community Health Unit,601604,39203
semi-functional,Gachororo Health Centre,Juja,Juja,Juja,Kiambu,Kiaora Community Health Unit,601603,39569
semi-functional,Kwale District Hospital,Tsimba Golini,Matuga,Matuga,Kwale,Chitsanse Community Health Unit,602266,41072
Fully-functional,Got Agulu Sub-District Hospital,West Yimbo,Bondo,Bondo,Siaya,Got Agulu Community Health Unit,600008,40725
Fully-functional,Kandiege Sub-District Hospital,Kibiri,Karachuonyo,Karachuonyo,Homa Bay,Ouko-ondenge Community Health Unit,600365,40848
Fully-functional,Kandiege Sub-District Hospital,Kibiri,Karachuonyo,Karachuonyo,Homa Bay,Kowili Community Health Unit,600361,40848
Fully-functional,Kandiege Sub-District Hospital,Kibiri,Karachuonyo,Karachuonyo,Homa Bay,Kojwang Community Health Unit,600355,40848
Fully-functional,Kandiege Sub-District Hospital,Kibiri,Karachuonyo,Karachuonyo,Homa Bay,Kodero Community Health Unit,600348,40848
Fully-functional,Kandiege Sub-District Hospital,Kibiri,Karachuonyo,Karachuonyo,Homa Bay,Kawadhgone Community Health Unit,600339,40848
Fully-functional,Ahero County Hospital,Ahero,Nyando,Nyando,Kisumu,Tura Community Health Unit,600302,40787
semi-functional,Ahero County Hospital,Ahero,Nyando,Nyando,Kisumu,Kochogo Central Community Health Unit,600299,39783
Fully-functional,Ahero County Hospital,Ahero,Nyando,Nyando,Kisumu,Kakola Ahero Community Health Unit,600297,40725
Fully-functional,Kendu Sub-District Hospital,Kendu Bay Town,Karachuonyo,Karachuonyo,Homa Bay,Kotieno Community Health Unit,600360,40848
Fully-functional,Kendu Sub-District Hospital,Kendu Bay Town,Karachuonyo,Karachuonyo,Homa Bay,Konyango Majieri Community Health Unit,600359,40848
Fully-functional,Kendu Sub-District Hospital,Kendu Bay Town,Karachuonyo,Karachuonyo,Homa Bay,Konyamgo Community Health Unit,600358,40848
Fully-functional,Masogo Sub County Hospital,Masogo/Nyang'oma,Muhoroni,Muhoroni,Kisumu,Wangaya 2 Community Health Unit,600202,39873
semi-functional,Masogo Sub County Hospital,Masogo/Nyang'oma,Muhoroni,Muhoroni,Kisumu,Kabar East Community Health Unit,602669,41395
semi-functional,Masogo Sub County Hospital,Masogo/Nyang'oma,Muhoroni,Muhoroni,Kisumu,Kabar Central Community Health Unit,602667,41395
semi-functional,Masogo Sub County Hospital,Masogo/Nyang'oma,Muhoroni,Muhoroni,Kisumu,Kamswa North Community Health Unit,602665,41275
Fully-functional,Murang'a District Hospital,Township,Kiharu,Kiharu,Muranga,Maragi Community Health Unit,601493,39722
Fully-functional,Maragi Dispensary,Mbiri,Kiharu,Kiharu,Muranga,Maragi Community Health Unit,601489,40575
semi-functional,Murang'a District Hospital,Township,Kiharu,Kiharu,Muranga,Njogu-ini Community Health Unit,602438,39722
semi-functional,Tharaka District Hospital,Marimanti,Tharaka,Tharaka South,Tharaka Nithi,Kamatungu Community Health Unit,602317,41153
semi-functional,Tharaka District Hospital,Marimanti,Tharaka,Tharaka South,Tharaka Nithi,Marimanti Community Health Unit,602302,41153
Fully-functional,Tigoni District Hospital,Ngecha Tigoni,Limuru,Limuru,Kiambu,Miskafa Community Health Unit,601455,40452
non-functinoal,Tigoni District Hospital,Ngecha Tigoni,Limuru,Limuru,Kiambu,Afya Bora Community Health Unit,601451,39661
Fully-functional,Bondo County Referral Hospital,West Sakwa,Bondo,Bondo,Siaya,Nyawita Community Health Unit,600019,40695
Fully-functional,Bondo County Referral Hospital,West Sakwa,Bondo,Bondo,Siaya,Barkowino Community Health Unit,600005,40695
Fully-functional,Gekano Health Centre (Manga),Magombo,Kitutu Masaba,Manga,Nyamira,Gekano Community Health Unit,602696,40772
semi-functional,Mweiga Health Centre,Mweiga,Kieni,Kieni West,Nyeri,Njengu Community Health Unit,601362,39814
Fully-functional,Nyang'oma Mission Health Centre,Central Sakwa,Bondo,Bondo,Siaya,Wangaya 1 Community Health Unit,600201,40969
Fully-functional,Nyang'oma Mission Health Centre,Central Sakwa,Bondo,Bondo,Siaya,Sidho East 11 Community Health Unit,600199,40969
Fully-functional,Nyang'oma Mission Health Centre,Central Sakwa,Bondo,Bondo,Siaya,Nyangoma A Community Health Unit,600017,39816
semi-functional,Nyang'oma Mission Health Centre,Central Sakwa,Bondo,Bondo,Siaya,Kamswa South Community Health Unit,602670,41395
semi-functional,Sega Dispensary,North Ugenya,Ugenya,Ugenya,Siaya,Sega Community Health Unit,600502,39995
Fully-functional,Rombo Health Centre,Rombo,Kajiado South,Loitokitok,Kajiado,Rombo Community Health Unit,601134,40664
semi-functional,Nyalkinyi Health Centre,Homa Bay East,Homa Bay Town,Homa Bay Town,Homa Bay,Lower Kanyach Kachar Community Health Unit,601056,40240
Fully-functional,Mirogi Health Centre,Kanyamwa Kosewe,Ndhiwa,Ndhiwa,Homa Bay,Upper Kabonyo Community Health Unit,600238,40878
Fully-functional,OUR LADY F LOURDES RANGALA MISSION HOPSPITAL,Sidindi,Ugunja,Ugunja,Siaya,Rang'ala Community Health Unit,600499,40878
Fully-functional,Itibo Mission Health Centre,Itibo,North Mugirango,Nyamira North,Nyamira,Bokurati 2 Community Health Unit,600277,39600
Fully-functional,Ikomero Dispensary,Kisa West,Khwisero,Khwisero,Kakamega,Ikomero Community Health Unit,600736,40664
Fully-functional,Ebuhala Health Centre,Kisa West,Khwisero,Khwisero,Kakamega,Mundeku Community Health Unit,602720,41275
Fully-functional,Ebuhala Health Centre,Kisa West,Khwisero,Khwisero,Kakamega,Ebuhala Community Health Unit,602719,41244
Fully-functional,Chemelil Sugar Health Centre,Chemelil,Muhoroni,Muhoroni,Kisumu,God Abuuro Community Health Unit,600192,40969
semi-functional,Aluor Mission Health Centre,South Gem,Gem,Gem,Siaya,Othithore Community Health Unit,600050,40878
Fully-functional,Raruowa Health Centre,Kibiri,Karachuonyo,Karachuonyo,Homa Bay,Kanyonko Community Health Unit,600336,40848
Fully-functional,Raruowa Health Centre,Kibiri,Karachuonyo,Karachuonyo,Homa Bay,Kamuga Community Health Unit,600330,40848
Fully-functional,Riokindo Health Centre,Bokimonge,Bomachoge Borabu,Bomachoge Borabu,Kisii,Riokindo Community Health Unit,602933,41061
semi-functional,Atemo Health Centre,Kojwach,Kabondo Kasipul,Kabondo Kasipul,Homa Bay,Kamuga Community Health Unit,600563,40878
Fully-functional,Matongo Health Centre,Bokeira,North Mugirango,Nyamira North,Nyamira,Matongo Community Health Unit,600282,40634
Fully-functional,Bushiri Health Centre,Ingoste-matiha,Navakholo,Navakholo,Kakamega,Ingotse A Community Health Unit,602167,39630
semi-functional,Mituntu Health Centre,Kianjai,Tigania West,Tigania West,Meru,Mumui Community Health Unit,602136,41030
Fully-functional,Mituntu Health Centre,Kianjai,Tigania West,Tigania West,Meru,Mituntu Community Health Unit,602135,39630
semi-functional,Kakuyuni Health Centre,Kangundo West,Kangundo,Kangundo,Machakos,Kathome Community Health Unit,601971,40513
non-functinoal,Kakuyuni Health Centre,Kangundo West,Kangundo,Kangundo,Machakos,Kakuyuni Community Health Unit,601970,40513
semi-functional,Nyalenda Health Centre,Nyalenda B,Kisumu Central,Kisumu Central,Kisumu,Nyalenda B Community Health Unit,600101,39934
Fully-functional,Naitiri Sub-County Hospital,Mbakalo,Tongaren,Tongaren,Bungoma,Naitiri Community Health Unit,600571,39818
semi-functional,Kinna Health Centre,Kinna,Isiolo South,Garbatulla,Isiolo,Kinna South Community Health Unit,602354,41091
semi-functional,Kinna Health Centre,Kinna,Isiolo South,Garbatulla,Isiolo,Kinna North Community Health Unit,602313,41091
semi-functional,Wagwe Health Centre,North Karachuonyo,Karachuonyo,Karachuonyo,Homa Bay,Wagwe South Community Health Unit,600371,40696
semi-functional,Wagwe Health Centre,North Karachuonyo,Karachuonyo,Karachuonyo,Homa Bay,Wagwe North Community Health Unit,600370,40848
semi-functional,Wagwe Health Centre,North Karachuonyo,Karachuonyo,Karachuonyo,Homa Bay,Kamwania Community Health Unit,600332,40664
semi-functional,Pala Dispensary,North Karachuonyo,Karachuonyo,Karachuonyo,Homa Bay,Kadik Community Health Unit,600319,40391
semi-functional,Wagwe Health Centre,North Karachuonyo,Karachuonyo,Karachuonyo,Homa Bay,Kachola Community Health Unit,600318,40392
Fully-functional,Arbajahan Health Centre,Arbajahan,Wajir West,Wajir West,Wajir,Arbajahan Community Health Unit,601741,40695
Fully-functional,Uriri Sub County Hospital,Central Kanyamkago,Uriri,Uriri,Migori,Lwala Community Health Unit,600523,40878
Fully-functional,Uriri Sub County Hospital,Central Kanyamkago,Uriri,Uriri,Migori,Kawere 2 B Community Health Unit,600522,40483
Fully-functional,Uriri Sub County Hospital,Central Kanyamkago,Uriri,Uriri,Migori,East Kawere Rateng Community Health Unit,600521,40391
semi-functional,Wamunyu Health Centre,Wamunyu,Mwala,Mwala,Machakos,Kilembwe Community Health Unit,602102,39845
semi-functional,Wamunyu Health Centre,Wamunyu,Mwala,Mwala,Machakos,Kambiti Community Health Unit,602099,41030
Fully-functional,Kinunga Health Centre,Kamakwa/Mukaro,Nyeri Town,Nyeri Central,Nyeri,Kinunga Community Health Unit,601585,40603
semi-functional,Miu Sub-Health Centre,Muthetheni,Mwala,Mwala,Machakos,Utithini Community Health Unit,602105,40603
Fully-functional,Langata Health Centre (Mugumo-Ini),Mugumo-ini,Langata,Langata,Nairobi,Soweto West Community Health Unit,601677,40664
Fully-functional,Langata Health Centre (Mugumo-Ini),Mugumo-ini,Langata,Langata,Nairobi,Southlands Community Health Unit,601675,41011
Fully-functional,Langata Health Centre (Mugumo-Ini),Mugumo-ini,Langata,Langata,Nairobi,Raila Community Health Unit,601673,40848
Fully-functional,Kianda 42 Community Clinic,Sarang'ombe,Kibra,Kibra,Nairobi,Kianda Community Health Unit,601669,40634
semi-functional,Langata Health Centre (Mugumo-Ini),Mugumo-ini,Langata,Langata,Nairobi,Gatweekera Community Health Unit,601668,40695
Fully-functional,Langata Health Centre (Mugumo-Ini),Mugumo-ini,Langata,Langata,Nairobi,Decanting Community Health Unit,601667,41011
semi-functional,Ober Kamoth Sub County Hospital,South West Kisumu,Kisumu West,Kisumu West,Kisumu,Kanyawegi A Community Health Unit,600087,40238
semi-functional,Ober Kamoth Sub County Hospital,South West Kisumu,Kisumu West,Kisumu West,Kisumu,Osiri Community Health Unit,602732,41183
Fully-functional,Kalawa Health Centre,Kalawa,Mbooni,Mbooni,Makueni,Kimeeni Community Health Unit,602513,41306
semi-functional,Kalawa Health Centre,Kalawa,Mbooni,Mbooni,Makueni,Mbukoni Community Health Unit,602075,39904
Fully-functional,Gichiche Health Centre,Chinga,Nyeri South,Nyeri South,Nyeri,Gichiche Community Health Unit,601570,40513
Fully-functional,Gichiche Health Centre,Chinga,Nyeri South,Nyeri South,Nyeri,Gitugi Community Health Unit,601467,39722
Fully-functional,Chiakariga Health Centre,Chiakagira,Tharaka,Tharaka South,Tharaka Nithi,Chiakariga Community Health Unit,602149,39114
semi-functional,Ngorano Health Centre,Ruguru,Mathira,Mathira West,Nyeri,Gatunganga Community Health Unit,601476,40483
Closed,Waithaka Health Centre,Waithaka,Dagoretti South,Dagoretti South,Nairobi,Waithaka Community Health Unit,601617,40787
semi-functional,Nyamaiya Health Centre,Nyamaiya,West Mugirango,Nyamira,Nyamira,Bokiambori Community Health Unit,600269,40210
Closed,Kangemi Health Centre,Kangemi,Westlands,Westlands,Nairobi,Kibagare Community Health Unit,601709,40603
Closed,Kangemi Health Centre,Kangemi,Westlands,Westlands,Nairobi,Kangemi Central Community Health Unit,601707,40483
Closed,Kangemi Health Centre,Kangemi,Westlands,Westlands,Nairobi,Waruku Community Health Unit,602251,40980
Fully-functional,Mutithi Health Centre,Mutithi,Mwea,Kirinyaga North/Mwea West,Kirinyaga,Kiandegwa Community Health Unit,601528,39356
Fully-functional,Katito Sub County Hospital,North Nyakach,Nyakach,Nyakach,Kisumu,Rarienda Community Health Unit,600266,40725
Fully-functional,Katito Sub County Hospital,North Nyakach,Nyakach,Nyakach,Kisumu,Magunga Community Health Unit,600262,40756
Fully-functional,Katito Sub County Hospital,North Nyakach,Nyakach,Nyakach,Kisumu,Lisana Community Health Unit,600260,40756
Fully-functional,Katito Sub County Hospital,North Nyakach,Nyakach,Nyakach,Kisumu,Katito Community Health Unit,600257,40513
Fully-functional,St Gabriel Health Centre,Ngenda,Gatundu South,Gatundu South,Kiambu,Kimunya Community Health Unit,601288,39114
Fully-functional,Mirangine Health Centre,Mirangine,Ol Kalou,Olkalou,Nyandarua,Sabugo Community Health Unit,601481,40817
semi-functional,Mirangine Health Centre,Mirangine,Ol Kalou,Olkalou,Nyandarua,Mirangine Community Health Unit,601479,40057
Fully-functional,Mirangine Health Centre,Mirangine,Ol Kalou,Olkalou,Nyandarua,Mathakwa Community Health Unit,602601,41183
Fully-functional,Ndeiya Health Centre,Ndeiya,Limuru,Limuru,Kiambu,Nderu Village Community Health Unit,601459,40330
Fully-functional,Othoro Health Centre (Rachuonyo),Kabondo East,Kabondo Kasipul,Kabondo Kasipul,Homa Bay,Rongo Community Health Unit,600393,40848
Fully-functional,Othoro Health Centre (Rachuonyo),Kabondo East,Kabondo Kasipul,Kabondo Kasipul,Homa Bay,Kakangutu East Community Health Unit,600376,40695
Fully-functional,Othoro Health Centre (Rachuonyo),Kabondo East,Kabondo Kasipul,Kabondo Kasipul,Homa Bay,Miriu A Community Health Unit,602862,38536
Fully-functional,Othoro Health Centre (Rachuonyo),Kabondo East,Kabondo Kasipul,Kabondo Kasipul,Homa Bay,Kamwala (Mwala) Community Health Unit,602838,40544
Fully-functional,Gongoni Health Centre,Gongoni,Magarini,Magarini,Kilifi,Gongoni Community Health Unit,601823,40951
semi-functional,Kodiaga Prison Health Centre,Central Kisumu,Kisumu West,Kisumu West,Kisumu,Korando Bchu Community Health Unit,600092,40026
non-functinoal,Mokowe Health Centre,Hindi,Lamu West,Lamu West,Lamu,Mokowe Community Health Unit,601816,2010
semi-functional,Warazo Rural Health Centre,Kabaru,Kieni,Kieni East,Nyeri,Warazo Community Health Unit,601359,40756
Fully-functional,Ongo Health Centre,South Kamagambo,Rongo,Rongo,Migori,South Kanyajuok Community Health Unit,600419,39569
semi-functional,Kegogi Health Centre,Kegogi,Kitutu Chache North,Kitutu Chache North,Kisii,Ngokoro Community Health Unit,600156,40483
Fully-functional,Kibugu Health Centre,Nginda,Manyatta,Manyatta,Embu,Gicherori Community Health Unit,602462,41194
Fully-functional,Kibugu Health Centre,Nginda,Manyatta,Manyatta,Embu,Ngerwe Community Health Unit,602846,41091
non-functinoal,Mangima SDA Health Centre,West Kasipul,Kasipul,Rachuonyo South,Homa Bay,Mangima Community Health Unit,600390,40878
Fully-functional,Kiritiri Health Centre,Mavuria,Mbeere South,Mbeere South,Embu,Kiritiri Community Health Unit,602185,38930
Fully-functional,Nyathuna Level 4 Hospital,Nyadhuna,Kabete,Kabete,Kiambu,Mumagika Community Health Unit,601394,40391
Fully-functional,Babadogo Health Centre,Babandogo,Ruaraka,Ruaraka,Nairobi,Kariadudu Community Health Unit,602456,41395
Fully-functional,Babadogo Health Centre,Babandogo,Ruaraka,Ruaraka,Nairobi,Kasabuni Community Health Unit,602455,41214
semi-functional,Pap Kodero Health Centre,West Uyoma,Rarieda,Rarieda,Siaya,Rachar Community Health Unit,600412,40787
semi-functional,Pap Kodero Health Centre,West Uyoma,Rarieda,Rarieda,Siaya,Kobong Community Health Unit,600398,39459
semi-functional,Kahawa West Health Centre,Kahawa,Roysambu,Roysambu,Nairobi,Soweto Kongo Community Health Unit,601710,40817
Fully-functional,Kasarani Health Centre,Kasarani,Kasarani,Kasarani,Nairobi,Gituamba Community Health Unit,601649,40756
Fully-functional,Ngoliba Health Centre,Ngoliba,Thika Town,Thika Town,Kiambu,Ngoliba Community Health Unit,601598,39234
Closed,Mathare North Health Centre,Mathare North,Ruaraka,Ruaraka,Nairobi,Mathare A Community Health Unit,601661,40725
semi-functional,Mathare North Health Centre,Mathare North,Ruaraka,Ruaraka,Nairobi,Mathare 3 Community Health Unit,601660,40756
Fully-functional,Sondu Sub County Hospital,South East Nyakach,Nyakach,Nyakach,Kisumu,Akiayi Boresha Community Health Unit,600245,40190
semi-functional,Ajawa Health Centre,Danaba,Wajir North,Wajir North,Wajir,Ajawa Community Health Unit,602337,40664
semi-functional,Ogwedhi Health Centre,Kwa,Suna East,Suna East,Migori,Ogwedhi Community Health Unit,600188,39091
Closed,Kariobangi Health Centre,Kariobangi North,Embakasi North,Embakasi North,Nairobi,Nyayo Village Community Health Unit,601664,40360
Closed,Kariobangi Health Centre,Kariobangi North,Embakasi North,Embakasi North,Nairobi,Ngomongo Community Health Unit,601662,40360
Closed,Kariobangi Health Centre,Kariobangi North,Embakasi North,Embakasi North,Nairobi,Korogocho A Community Health Unit,601657,40360
Closed,Kariobangi Health Centre,Kariobangi North,Embakasi North,Embakasi North,Nairobi,Kisumu Ndogo Community Health Unit,601656,40360
Closed,Kariobangi Health Centre,Kariobangi North,Embakasi North,Embakasi North,Nairobi,Highridge Community Health Unit,601653,40360
Closed,Kariobangi Health Centre,Kariobangi North,Embakasi North,Embakasi North,Nairobi,Grogon B Community Health Unit,601652,40360
Closed,Kariobangi Health Centre,Kariobangi North,Embakasi North,Embakasi North,Nairobi,Grogon A Community Health Unit,601650,40360
Fully-functional,Kariobangi Health Centre,Kariobangi North,Embakasi North,Embakasi North,Nairobi,Gitathuru Chu A Community Health Unit,601648,40360
semi-functional,Difathas Health Centre,Murinduko,Mwea,Kirinyaga South,Kirinyaga,Kamunyange Community Health Unit,601518,37712
semi-functional,Wamagana Health Centre,Wamagana,Tetu,Tetu,Nyeri,Kianjocu Community Health Unit,601584,40634
Fully-functional,Tiwi RHTC,Tiwi,Matuga,Matuga,Kwale,Mwachema Community Health Unit,601811,40951
semi-functional,Rabuor Sub county Hospital,Kobura,Nyando,Nyando,Kisumu,Nyamware North Community Health Unit,602392,40634
semi-functional,Rabuor Sub county Hospital,Kobura,Nyando,Nyando,Kisumu,Nyamware South Community Health Unit,602318,40634
semi-functional,Rabuor Sub county Hospital,Kobura,Nyando,Nyando,Kisumu,Okana Community Health Unit,602301,39995
Fully-functional,Rabuor Sub county Hospital,Kobura,Nyando,Nyando,Kisumu,Kochieng Community Health Unit,601920,40634
Fully-functional,Rabuor Sub county Hospital,Kobura,Nyando,Nyando,Kisumu,Masogo Community Health Unit,600095,40634
Fully-functional,Tisinye Health Centre,Gokeharaka/Getambwega,Kuria East,Kuria East,Migori,Tisinye Community Health Unit,602176,40848
Fully-functional,Ogango Health Centre,Bogichora,West Mugirango,Nyamira,Nyamira,Charachani A Community Health Unit,602676,41061
Fully-functional,Coast General Teaching and Referral Hospital (Chaani Outreach Centre),Chaani,Changamwe,Changamwe,Mombasa,Kipevu Community Health Unit,601787,40603
semi-functional,Coast General Teaching and Referral Hospital (Chaani Outreach Centre),Chaani,Changamwe,Changamwe,Mombasa,Chaani Community Health Unit,601786,39203
Fully-functional,Kipini Health Centre,Kipini East,Garsen,Garsen,Tana River,Matangeni Community Health Unit,601885,40026
semi-functional,Magongo (MCM) Dispensary,Changamwe,Changamwe,Changamwe,Mombasa,Changamwe Community Health Unit,602327,40238
Closed,Dandora II Health Centre,Dandora Area I,Embakasi North,Embakasi North,Nairobi,Dandora Phase 3 Paradise Community Health Unit,602451,41061
Closed,Dandora II Health Centre,Dandora Area I,Embakasi North,Embakasi North,Nairobi,Dandora Phase 3-41 Community Health Unit,602450,41061
Fully-functional,Dandora II Health Centre,Dandora Area I,Embakasi North,Embakasi North,Nairobi,Imara Chu Community Health Unit,602448,43282
Closed,Dandora II Health Centre,Dandora Area I,Embakasi North,Embakasi North,Nairobi,Phase 4b Community Health Unit,602443,40817
Closed,Dandora II Health Centre,Dandora Area I,Embakasi North,Embakasi North,Nairobi,Nyumba Moja Community Health Unit,602440,40878
Closed,Dandora II Health Centre,Dandora Area I,Embakasi North,Embakasi North,Nairobi,Sharp Corner Community Health Unit,602428,40817
Closed,Dandora II Health Centre,Dandora Area I,Embakasi North,Embakasi North,Nairobi,Dandora Phase 5 Community Health Unit,602453,41426
Closed,Dandora II Health Centre,Dandora Area I,Embakasi North,Embakasi North,Nairobi,Dandora Block G-b Community Health Unit,602452,41061
semi-functional,Dandora II Health Centre,Dandora Area I,Embakasi North,Embakasi North,Nairobi,Kinyago Community Health Unit,602407,40210
semi-functional,Dandora II Health Centre,Dandora Area I,Embakasi North,Embakasi North,Nairobi,Gitari Marigu Community Health Unit,602383,40118
semi-functional,Dandora II Health Centre,Dandora Area I,Embakasi North,Embakasi North,Nairobi,Kibarage Community Health Unit,602343,40575
Fully-functional,Maungu Model Health Centre,Marungu,Voi,Voi,Taita Taveta,Marungu Community Health Unit,602840,40551
non-functinoal,Oren Health Centre,Awasi/Onjiko,Nyando,Nyando,Kisumu,Border 1 Community Health Unit,602579,40695
semi-functional,Mugai Dispensary,Shirungu-mugai,Malava,Malava,Kakamega,Lukala Community Health Unit,602305,40575
Fully-functional,Kandaria Medical Centre,North Nyakach,Nyakach,Nyakach,Kisumu,Kandaria Community Health Unit,600256,40909
Fully-functional,Matunda Sub County Hospital,Nabiswa,Kiminini,Kiminini,Trans Nzoia,Nyasi Community Health Unit,602351,39692
Fully-functional,Matunda Sub County Hospital,Nabiswa,Kiminini,Kiminini,Trans Nzoia,Matunda Community Health Unit,601299,40634
semi-functional,Benon Dispensary,Chepsiro/Kiptoror,Cherangany,Cherangany,Trans Nzoia,Milimani Community Health Unit,601211,40787
Fully-functional,Kedowa Dispensary,Kedowa/Kimugul,Kipkelion East,Kipkelion East,Kericho,Kimasian Community Health Unit,600929,40940
Fully-functional,Kedowa Dispensary,Kedowa/Kimugul,Kipkelion East,Kipkelion East,Kericho,Cheptangulgei Community Health Unit,600927,40940
semi-functional,Kapsimotwa Dispensary,Silibwet Township,Bomet Central,Bomet Central,Bomet,Manyatta Community Health Unit,600829,40603
Fully-functional,Keben Dispensary,Ol'lessos,Nandi Hills,Nandi Hills,Nandi,Keben Community Health Unit,601070,40087
semi-functional,Katuiyo Dispensary,Kaptagat,Ainabkoi,Ainabkoi,Uasin Gishu,Chepkogony Community Health Unit,602405,40360
semi-functional,Kenene Dispensary,Cheplanget,Bureti,Bureti,Kericho,Tiriitab Moita Community Health Unit,602461,41334
semi-functional,Kapsasian Dispensary,Kapsasian,Emurua Dikirr,Transmara East,Narok,Kapsasian Community Health Unit,602334,40057
semi-functional,Karunga Dispensary,Murindati,Gilgil,Gilgil,Nakuru,Karunga Community Health Unit,600881,39295
Fully-functional,Keringet Health Centre,Mnagei,Kapenguria,West Pokot,West Pokot,Psigirio Community Health Unit,601255,39995
Fully-functional,Kaputir Dispensary,Kaputir,Turkana South,Turkana South,Turkana,Kaputir Community Health Unit,602890,41275
Fully-functional,Kapturo Dispensary (Bartabwa),Bartabwa,Baringo North,Baringo North,Baringo,Ngorora Community Health Unit,602291,40634
Fully-functional,Kaptumo Dispensary,Cheptiret/Kipchamo,Kesses,Kesses,Uasin Gishu,Kaptumo Community Health Unit,601234,40513
non-functinoal,Kunyak Dispensary,Kunyak,Kipkelion West,Kipkelion West,Kericho,Kunyak Community Health Unit,602536,41225
semi-functional,Kapsowar Dispensary,Kapsowar,Marakwet West,Marakwet West,Elgeyo Marakwet,Orotai Kapsowar Community Health Unit,602497,39821
non-functinoal,Kaptum Dispensary,Kabartonjo,Baringo North,Baringo North,Baringo,Kaptum Community Health Unit,602239,40817
Fully-functional,Chuiyat Dispensary,Tulwet/Chuiyat,Kesses,Kesses,Uasin Gishu,Chuiyat Community Health Unit,601228,40269
non-functinoal,Keturwo Dispensary,Barwessa,Baringo North,Baringo North,Baringo,Keturwo Community Health Unit,602244,40756
non-functinoal,Kaplenge Dispensary,Moiben/Kuserwo,Marakwet West,Marakwet West,Elgeyo Marakwet,Kilimasumbeiywet Community Health Unit,600999,40452
non-functinoal,Kaplenge Dispensary,Moiben/Kuserwo,Marakwet West,Marakwet West,Elgeyo Marakwet,Kilima Sumbeiywet Community Health Unit,602492,39822
Fully-functional,Kaplelach Tumoge,Tulwet/Chuiyat,Kesses,Kesses,Uasin Gishu,Kaplelach Community Health Unit,601231,40148
Fully-functional,Kaplelach Chepyakwai Dispensary,Ngeria,Kapseret,Kapseret,Uasin Gishu,Kaplelach Chepyakwai Community Health Unit,601232,39873
non-functinoal,Kapkiamo Dispensary,Kabartonjo,Baringo North,Baringo North,Baringo,Kelyo-mosop Community Health Unit,602245,40817
non-functinoal,Tamkal Dispensary,Wei Wei,Sigor,Pokot Central,West Pokot,Kitoyo Community Health Unit,601149,39814
semi-functional,Kapchelal Health Centre,Emsoo,Keiyo North,Keiyo North,Elgeyo Marakwet,Kapchelal Community Health Unit,600925,39387
non-functinoal,Kanyarkwat Dispensary,Riwo,Kapenguria,West Pokot,West Pokot,Kanyarkwat Katikomor Community Health Unit,601248,40575
Fully-functional,Kapkimolwa Dispensary,Longisa,Bomet East,Bomet East,Bomet,Koibeiyon Community Health Unit,600826,40603
non-functinoal,Kapchepkor Dispensary,Saimoi/Kipsaraman,Baringo North,Baringo North,Baringo,Kapchekor Community Health Unit,602253,40848
non-functinoal,Kamasia Health Centre,Kapyego,Marakwet East,Marakwet East,Elgeyo Marakwet,Kaptich Community Health Unit,600980,40483
non-functinoal,Chepkongony Dispensary,Kaptumo/Kaboi,Aldai,Aldai,Nandi,Chepkongony Community Health Unit,601094,41000
Fully-functional,Kapngetuny Dispensary,Ainabkoi/Olare,Ainabkoi,Ainabkoi,Uasin Gishu,Kapngetuny Community Health Unit,600838,39630
Fully-functional,Kalemungorok Dispensary,Katilu,Turkana South,Turkana South,Turkana,Kalemungorok Community Health Unit,602889,41275
Fully-functional,Kalalu Dispensary,Umande,Laikipia North,Laikipia East,Laikipia,Kalalu Community Health Unit,600952,40787
non-functinoal,Kamoi Health Centre,Sengwer,Marakwet West,Marakwet West,Elgeyo Marakwet,Kamoi Community Health Unit,600992,40087
semi-functional,Karagita Health Centre,Hellsgate,Naivasha,Naivasha,Nakuru,South Lake Community Health Unit,601038,40909
semi-functional,Karagita Health Centre,Hellsgate,Naivasha,Naivasha,Nakuru,Karagita Community Health Unit,601022,39995
Fully-functional,Kamogo Health Centre,Embobut/Embulot,Marakwet East,Marakwet East,Elgeyo Marakwet,Embolot Community Health Unit,600976,40452
Fully-functional,Kainuk Health Centre,Lobokat,Turkana South,Turkana South,Turkana,Kainuk Community Health Unit,601221,41061
non-functinoal,Kaibos Dipensary,Siyoi,Kapenguria,West Pokot,West Pokot,Paraywa Kapchilla Community Health Unit,601253,40603
non-functinoal,Kaibos Dipensary,Siyoi,Kapenguria,West Pokot,West Pokot,Keringet Community Health Unit,601249,40575
Fully-functional,Kabunyeria Health Centre,Songhor/Soba,Tinderet,Tinderet,Nandi,Kabunyeria Community Health Unit,601184,40909
non-functinoal,Kabunyeria Health Centre,Songhor/Soba,Tinderet,Tinderet,Nandi,Kabirer Community Health Unit,601183,40969
non-functinoal,Kabiemit Dispensary (Keiyo),Kabiemit,Keiyo South,Keiyo South,Elgeyo Marakwet,Kabiemit Community Health Unit,602468,40916
Fully-functional,Kurangurik Health centre,Iikerin,Emurua Dikirr,Transmara East,Narok,Kurangurik Community Health Unit,602192,39995
Fully-functional,Kuinet Dispensary,Kuinet/Kapsuswa,Soy,Soy,Uasin Gishu,Kuinet Community Health Unit,600859,40575
Fully-functional,Cengalo Dispensary,Tarakwa,Kesses,Kesses,Uasin Gishu,Cengalo Community Health Unit,601226,39873
non-functinoal,Jemunada Dispensary,Moiben/Kuserwo,Marakwet West,Marakwet West,Elgeyo Marakwet,Jemunada Community Health Unit,600990,40422
semi-functional,Engashura Health Centre,Kiamaina,Bahati,Nakuru North,Nakuru,Kiamunyeki Community Health Unit,602376,40940
Fully-functional,Engashura Health Centre,Kiamaina,Bahati,Nakuru North,Nakuru,Engashuru Community Health Unit,601052,39934
semi-functional,Eburru Dispensary,Mbaruk/Eburu,Gilgil,Gilgil,Nakuru,Eburru Community Health Unit,600878,39661
non-functinoal,Kabalwat Dispensary,Chepkorio,Keiyo South,Keiyo South,Elgeyo Marakwet,Kabalwat Community Health Unit,602699,40916
semi-functional,Geta Dispensary,Cherangany/Suwerwa,Cherangany,Cherangany,Trans Nzoia,Top Suwerwa Community Health Unit,601218,40603
semi-functional,Geta Dispensary,Cherangany/Suwerwa,Cherangany,Cherangany,Trans Nzoia,Geta Community Health Unit,601200,40603
Fully-functional,Illinga'rua Dispensary,Iichamus,Baringo South,Marigat,Baringo,Illinga'rua Community Health Unit,602880,41381
semi-functional,GK Remand Prison Dispensary,Matisi,Saboti,Saboti,Trans Nzoia,Matisi Corner Community Health Unit,602372,40179
semi-functional,GK Remand Prison Dispensary,Matisi,Saboti,Saboti,Trans Nzoia,Muungano Community Health Unit,602330,40422
Fully-functional,Elelea Health Centre,Katilia,Turkana East,Turkana East,Turkana,Elelea Community Health Unit,602721,41487
semi-functional,Flax Dispensary,Chepkorio,Keiyo South,Keiyo South,Elgeyo Marakwet,Flax Community Health Unit,602470,40916
Fully-functional,Gilgil Astu Dispensary,Murindati,Gilgil,Gilgil,Nakuru,Getare Community Health Unit,600879,40513
semi-functional,GK Farm Prisons Health Centre,Matisi,Saboti,Saboti,Trans Nzoia,Rafiki Community Health Unit,602373,40238
semi-functional,GK Farm Prisons Health Centre,Matisi,Saboti,Saboti,Trans Nzoia,Kahuho Community Health Unit,602363,39295
Fully-functional,South Horr health Centre,Nyiro,Samburu North,Samburu North,Samburu,South Horr Community Health Unit,602833,41532
semi-functional,Sosit Dispensary,Kapkatet,Bureti,Bureti,Kericho,Sosit Community Health Unit,602458,41334
semi-functional,Chebunyo Dispensary,Chebunyo,Chepalungu,Chepalungu,Bomet,Kamaget Community Health Unit,602267,39845
semi-functional,Soymet Dispensary,Kapletundo,Sotik,Sotik,Bomet,Soy Community Health Unit,600872,39142
Fully-functional,Sweet Waters Dispensary,Tigithi,Laikipia East,Laikipia East,Laikipia,Sweetwaters Community Health Unit,600957,40848
non-functinoal,Swari Model Health Centre,Wamba North,Samburu East,Samburu East,Samburu,Swari Community Health Unit,601169,41061
semi-functional,Cheboyo Dispensary,Chebunyo,Chepalungu,Chepalungu,Bomet,Mogor Community Health Unit,602263,39845
Fully-functional,Igure Dispensary,Mumberes/Maji Mazuri,Eldama Ravine,Koibatek,Baringo,Makutano Community Health Unit,602569,41030
Fully-functional,Tamough Health Centre,Sook,Kapenguria,West Pokot,West Pokot,Tamough Community Health Unit,601261,40087
semi-functional,Tapach Dispensary,Tapach,Pokot South,Pokot South,West Pokot,Kamelei Community Health Unit,602336,39814
non-functinoal,Sumeiyon Dispensary,Kabartonjo,Baringo North,Baringo North,Baringo,Katiorin Community Health Unit,602229,40817
non-functinoal,Matira Dispensary,Kapsowar,Marakwet West,Marakwet West,Elgeyo Marakwet,Kapsumai Community Health Unit,602499,39822
semi-functional,Sugoi B Dispensary,Kamagut,Turbo,Turbo,Uasin Gishu,Tuigoin Community Health Unit,600875,40299
non-functinoal,Tuturung Dispensary,Sambirir,Marakwet East,Marakwet East,Elgeyo Marakwet,Chekitu Community Health Unit,600972,40452
Fully-functional,Eremit Dispensary,Ewuaso Oo Nkidong'i,Kajiado West,Kajiado West,Kajiado,Eremit Community Health Unit,600906,40634
Fully-functional,Oriang' Alwala Dispensary,West Seme,Seme,Seme,Kisumu,Alwala Community Health Unit,602746,41199
Fully-functional,Gatunga Model Health Centre,Gatunga,Tharaka,Tharaka North,Tharaka Nithi,Karii-ka-mburi Community Health Unit,602125,41122
Fully-functional,Gatunga Model Health Centre,Gatunga,Tharaka,Tharaka North,Tharaka Nithi,Gatunga Community Health Unit,602123,41122
Fully-functional,Kaliakakya Dispensary,Kyangwithya West,Kitui Central,Kitui Central,Kitui,Utooni Community Health Unit,602844,41091
Fully-functional,Kuge Health Centre,Gembe,Mbita,Mbita,Homa Bay,Wanyama Community Health Unit,600181,40725
Fully-functional,Sirakaru Dispensary,Naitiri/Kabuyefwe,Tongaren,Tongaren,Bungoma,Kabuyefwe Community Health Unit,600566,39818
Fully-functional,Simboiyon Dispensary,Waseges,Subukia,Subukia,Nakuru,Simboiyon Community Health Unit,601176,40940
Fully-functional,Makhanga Dispensary,Naitiri/Kabuyefwe,Tongaren,Tongaren,Bungoma,Makhanga Community Health Unit,600569,40544
Fully-functional,Mirere Health Centre,Namamali,Matungu,Matungu,Kakamega,Koyonzo B Community Health Unit,602683,41275
Fully-functional,St Pauls Ejinja Dispensary,Koyonzo,Matungu,Matungu,Kakamega,Koyonzo A Community Health Unit,602650,41214
semi-functional,Indangalasia Dispensary,Koyonzo,Matungu,Matungu,Kakamega,Indangalasia Community Health Unit,600746,40575
Fully-functional,Kisauni Health Centre,Frere Town,Nyali,Nyali,Mombasa,Mkunguni Community Health Unit,601843,39873
Fully-functional,Kisauni Health Centre,Frere Town,Nyali,Nyali,Mombasa,Magogoni Community Health Unit,601840,40634
Fully-functional,Hindi Prison Dispensary,Hindi,Lamu West,Lamu West,Lamu,Godo Community Health Unit,601853,40848
Fully-functional,Kongowea Health Centre,Kongowea,Nyali,Nyali,Mombasa,Junda Community Health Unit,601837,40634
Fully-functional,Kongowea Health Centre,Kongowea,Nyali,Nyali,Mombasa,Bengala Community Health Unit,601833,39995
semi-functional,Usoma Health Centre,Central Kisumu,Kisumu West,Kisumu West,Kisumu,Usoma Community Health Unit,602735,41183
Closed,Ngong Road Dispensary,Woodley/Kenyatta Golf Course,Kibra,Kibra,Nairobi,Ngondo Community Health Unit,601612,40452
Fully-functional,Utange Dispensary,Shanzu,Kisauni,Kisauni,Mombasa,Bombo Community Health Unit,601834,40634
Fully-functional,Kaloleni Dispensary,Makongeni,Makadara,Makadara,Nairobi,Makongeni Community Health Unit,601686,40452
non-functinoal,Kaloleni Dispensary,Makongeni,Makadara,Makadara,Nairobi,Kaloleni Community Health Unit,601684,40980
semi-functional,Hongo Ogosa Health Centre,Kobura,Nyando,Nyando,Kisumu,Lela Community Health Unit,602347,40634
semi-functional,Hongo Ogosa Health Centre,Kobura,Nyando,Nyando,Kisumu,Kotieno Community Health Unit,600977,39173
Fully-functional,Hongo Ogosa Health Centre,Kobura,Nyando,Nyando,Kisumu,Kamayoga Community Health Unit,600086,39539
semi-functional,Nganduri Dispensary,Mbeti South,Mbeere South,Mbeere South,Embu,Nganduri Community Health Unit,602427,39630
semi-functional,Emumwenyi Dispensary,Rombo,Kajiado South,Loitokitok,Kajiado,Emuemwenyi Community Health Unit,601116,40603
Fully-functional,Nyamagundo sub county hospital,Bomariba,Bonchari,Bonchari,Kisii,Bomariba Community Health Unit,600075,39934
Fully-functional,Radier Dispensary,Yimbo East,Bondo,Bondo,Siaya,Got Ramogi Community Health Unit,600009,40634
Fully-functional,Karen Health Centre,Karen,Langata,Langata,Nairobi,Kuwinda-karen Community Health Unit,601670,40422
Fully-functional,Karen Health Centre,Karen,Langata,Langata,Nairobi,Bngladesh-karen Community Health Unit,601665,40848
semi-functional,Karen Health Centre,Karen,Langata,Langata,Nairobi,Manyatta Motopeni Community Health Unit,602406,41041
semi-functional,Karen Health Centre,Karen,Langata,Langata,Nairobi,Dream Community Health Unit,602899,41518
Fully-functional,Mazumalume Dispensary,Tsimba Golini,Matuga,Matuga,Kwale,Mazumalume Community Health Unit,601808,40026
Fully-functional,Giribe Dispensary,Wasimbete,Suna West,Suna West,Migori,Giribe Community Health Unit,600186,40878
Fully-functional,Kitundu (GOK) Dispensary,Kithungo/Kitundu,Mbooni,Mbooni,Makueni,Kitundu Community Health Unit,602517,40483
semi-functional,Sachang'wan Dispensary,Molo,Molo,Molo,Nakuru,Sachangwan Community Health Unit,601019,39934
semi-functional,Nyakiambi Dispensary,Elburgon,Molo,Molo,Nakuru,Nyakiambi Community Health Unit,601018,39845
non-functinoal,Karura Health Centre (Kiambu Rd),Karura,Westlands,Westlands,Nairobi,Karura Community Health Unit,601708,40603
Closed,State House Clinic,Kilimani,Dagoretti North,Dagoretti North,Nairobi,Gichagi Community Health Unit,601706,40878
Closed,State House Clinic,Kilimani,Dagoretti North,Dagoretti North,Nairobi,State House Community Health Unit,602288,40391
semi-functional,Railways Dispensary (Kisumu),Market Milimani,Kisumu Central,Kisumu Central,Kisumu,Lower Railways Community Health Unit,600094,40299
semi-functional,Got Nyabondo Health Centre,Kajulu,Kisumu East,Kisumu East,Kisumu,Got Nyabondo Community Health Unit,602707,41183
semi-functional,Simba Opepo Health Centre,Kajulu,Kisumu East,Kisumu East,Kisumu,Konya Community Health Unit,602708,41183
Fully-functional,Nkama Dispensary,Kuku,Kajiado South,Loitokitok,Kajiado,Nkama Community Health Unit,600966,40026
semi-functional,Kagonye Dispensary,Mahiga,Nyeri South,Nyeri South,Nyeri,Kagonye Community Health Unit,601573,40817
non-functinoal,Witima Health Centre,Karima,Nyeri South,Nyeri South,Nyeri,Kihugiru Community Health Unit,601338,42370
Fully-functional,Kagonye Dispensary,Mahiga,Nyeri South,Nyeri South,Nyeri,Kihome Community Health Unit,601334,42370
semi-functional,Nyabokarange Dispensary,Bukira Central/Ikerege,Kuria West,Kuria West,Migori,Ikerege Community Health Unit,602284,40299
Fully-functional,Kathyaka Dispensary,Kikumbulyu North,Kibwezi West,Kibwezi West,Makueni,Ngulu Community Health Unit,601993,39873
semi-functional,Eramba Health Centre,Marani,Kitutu Chache North,Kitutu Chache North,Kisii,Kiomooncha Community Health Unit,600154,40634
Fully-functional,Riongige Dispensary,Bosamaro,West Mugirango,Nyamira,Nyamira,Enchoro A Community Health Unit,602679,41091
semi-functional,Riongige Dispensary,Bosamaro,West Mugirango,Nyamira,Nyamira,Enchoro B Community Health Unit,602678,41487
Fully-functional,Muhaka Dispensary,Kinondo,Msambweni,Msambweni,Kwale,Muhaka Community Health Unit,601862,39904
Fully-functional,Nabongo Dispensary,Sheywe,Lurambi,Lurambi,Kakamega,Township Community Health Unit,602782,41214
Closed,Nairobi Remand Prison Health Centre,Landimawe,Starehe,Starehe,Nairobi,Kaiyamba Community Health Unit,601683,41011
Fully-functional,Benga Dispensary,Usonga,Alego Usonga,Alego Usonga,Siaya,Nyadorera A Community Health Unit,600439,40695
Fully-functional,Kenyatta University Dispensary,Kahawa,Roysambu,Roysambu,Nairobi,Kenyatta University Community Health Unit,601655,40878
Closed,Njiru Health Centre,Njiru,Kasarani,Kasarani,Nairobi,Matopeni Community Health Unit,602442,40725
semi-functional,Njiru Health Centre,Njiru,Kasarani,Kasarani,Nairobi,Maili Saba Community Health Unit,602434,40513
semi-functional,Njiru Health Centre,Njiru,Kasarani,Kasarani,Nairobi,Njiru Community Health Unit,602433,40756
semi-functional,Njiru Health Centre,Njiru,Kasarani,Kasarani,Nairobi,Siranlia Community Health Unit,602432,40513
semi-functional,Njiru Health Centre,Njiru,Kasarani,Kasarani,Nairobi,Mwengenye Community Health Unit,602431,40787
Fully-functional,Bar Aluru Dispensary (Rarieda),West Asembo,Rarieda,Rarieda,Siaya,Siger B Community Health Unit,602622,41318
Fully-functional,Wire Dispensary,West Kamagak,Kasipul,Rachuonyo South,Homa Bay,Obisa Community Health Unit,602865,40848
semi-functional,GK Prison Dispensary (Machakos),Machakos Central,Machakos Town,Machakos,Machakos,Lower Kiandani Community Health Unit,602559,41244
Fully-functional,Sumba Community Dispensary,Usonga,Alego Usonga,Alego Usonga,Siaya,Sumba Community Health Unit,600448,40756
semi-functional,Eshiongo Dispensary,Shinoyi-shikomari-esumeiya,Navakholo,Navakholo,Kakamega,Esumeyia Community Health Unit,600677,40634
Fully-functional,Lukhome Dispensary (Kabuchai),Mukuyuni,Kabuchai,Kabuchai,Bungoma,Lukhome Community Health Unit,600540,40313
semi-functional,Gongo Dispensary,Kagan,Rangwe,Rangwe,Homa Bay,Gongo Dispensary Community Health Unit,602408,40909
Fully-functional,Kwamo Dispensary,Kanyamwa Kosewe,Ndhiwa,Ndhiwa,Homa Bay,Upper-lower Kwamo Community Health Unit,600240,40878
Fully-functional,Luanda Town Dispensary,Luanda Township,Luanda,Luanda,Vihiga,Ebusikhale Community Health Unit,600653,40912
Fully-functional,Ebusyubi Dispensary,Mwibona,Luanda,Luanda,Vihiga,Ubustimi Community Health Unit,600658,40911
Fully-functional,Lwandanyi Dispensary,Lwandanyi,Sirisia,Sirisia,Bungoma,Mayekwe Community Health Unit,601912,40575
Closed,Chandaria Health Centre,Uthiru/Ruthimitu,Dagoretti South,Dagoretti South,Nairobi,Ruthimitu Community Health Unit,601614,40848
semi-functional,Elwesero Model Health Centre,Shirere,Lurambi,Lurambi,Kakamega,Sichirai B Community Health Unit,600680,39817
semi-functional,Elwesero Model Health Centre,Shirere,Lurambi,Lurambi,Kakamega,Sichirai F Community Health Unit,602779,41426
semi-functional,Elwesero Model Health Centre,Shirere,Lurambi,Lurambi,Kakamega,Sichirai E Community Health Unit,602778,41426
semi-functional,Elwesero Model Health Centre,Shirere,Lurambi,Lurambi,Kakamega,Shiyunzu A Community Health Unit,602775,41426
semi-functional,Elwesero Model Health Centre,Shirere,Lurambi,Lurambi,Kakamega,Emurumba B Community Health Unit,602766,41426
non-functinoal,Murantawa Dispensary,Magadi,Kajiado West,Kajiado West,Kajiado,Olkeri Magadi Community Health Unit,600912,39692
Fully-functional,Siabai Makonge Dispensary,Ntimaru East,Kuria East,Kuria East,Migori,Makonge Community Health Unit,600148,40817
non-functinoal,Kibera D O Dispensary,Makina,Kibra,Kibra,Nairobi,Makina Community Health Unit,601672,41041
Fully-functional,Kibera D O Dispensary,Makina,Kibra,Kibra,Nairobi,Kichinjio Community Health Unit,602457,41214
Fully-functional,Musibiriri Dispensary,Marachi East,Butula,Butula,Busia,Elukongo Community Health Unit,600638,39091
Fully-functional,Nyanchonori Dispensary,Rigoma,Kitutu Masaba,Masaba North,Nyamira,Nyankoba Community Health Unit,602925,38537
Fully-functional,Kiereni Dispensary,Mugwe,Chuka/Igambang'ombe,Chuka,Tharaka Nithi,Mugirirwa Community Health Unit,602199,39114
Fully-functional,Kiereni Dispensary,Mugwe,Chuka/Igambang'ombe,Chuka,Tharaka Nithi,Kirege Community Health Unit,602086,39114
Fully-functional,St Joseph's Obaga Dispensary,West Asembo,Rarieda,Rarieda,Siaya,Akom Community Health Unit,600395,40183
Fully-functional,Gitare Health Centre (Gatundu),Kiganjo,Gatundu South,Gatundu South,Kiambu,Kiamworia Community Health Unit,602209,39918
Fully-functional,Oriang (SDA) Health Centre,Central,Karachuonyo,Karachuonyo,Homa Bay,Kogweno Oriang West Community Health Unit,600354,40878
Fully-functional,Kogweno Oriang' Dispensary,Central,Karachuonyo,Karachuonyo,Homa Bay,Kogweno Oriang East Community Health Unit,600353,40878
Fully-functional,Dambas Health Centre,Sarman,Tarbaj,Tarbaj,Wajir,Dambas Community Health Unit,601719,39873
Fully-functional,Old Mawingu Health Centre,Githioro,Kipipiri,Kipipiri,Nyandarua,Tigoni Community Health Unit,602605,41183
Fully-functional,Old Mawingu Health Centre,Githioro,Kipipiri,Kipipiri,Nyandarua,Gathiriga Community Health Unit,602596,41183
Fully-functional,Machang'a Dispensary,Mavuria,Mbeere South,Mbeere South,Embu,Machang'a Community Health Unit,602222,39630
Fully-functional,Mwabila Dispensary,Mwavumbo,Kinango,Kinango,Kwale,Mwabila Community Health Unit,601803,40026
semi-functional,Ndavaya Health centre,Ndavaya,Kinango,Kinango,Kwale,Ndavaya Community Health Unit,602307,40787
Fully-functional,Makamini Dispensary,Mackinon Road,Kinango,Kinango,Kwale,Vinyunduni Community Health Unit,602786,40969
Fully-functional,Makamini Dispensary,Mackinon Road,Kinango,Kinango,Kwale,Makamini Community Health Unit,602785,41334
Fully-functional,Burinda Dispensary,Marachi West,Butula,Butula,Busia,Burinda Community Health Unit,600635,39091
Fully-functional,Burinda Dispensary,Marachi West,Butula,Butula,Busia,Bujumba Community Health Unit,600627,41000
Fully-functional,Mackinon Road Dispensary,Mackinon Road,Kinango,Kinango,Kwale,Macknnon Road Community Health Unit,602788,41153
Fully-functional,Mwongori Dispensary,Mekenene,Borabu,Borabu,Nyamira,Mwongori Community Health Unit,600032,40484
semi-functional,Muthuthiini Dispensary,Gikondi,Mukurweini,Mukurweini,Nyeri,Muthuthi-ini Community Health Unit,601486,40787
Fully-functional,Taragai Dispensary,Ntimaru East,Kuria East,Kuria East,Migori,Taragai Community Health Unit,600149,40817
Fully-functional,Rwathia Dispensary,Rwathia,Kangema,Kangema,Muranga,Rwathia Community Health Unit,601337,39904
Fully-functional,Rwathia Dispensary,Rwathia,Kangema,Kangema,Muranga,Kiawambogo Community Health Unit,601331,39904
non-functinoal,Rwathia Dispensary,Rwathia,Kangema,Kangema,Muranga,Kenyanjeru Community Health Unit,601329,39965
Fully-functional,Wiga Dispensary,Homa Bay Central,Homa Bay Town,Homa Bay Town,Homa Bay,Lower Kanyango Community Health Unit,602361,40523
Fully-functional,Dagamra Dispensary,Garashi,Magarini,Magarini,Kilifi,Bura Community Health Unit,601820,40452
Fully-functional,Tulatula Dispensary,Ganyure/Wagalla,Wajir West,Wajir West,Wajir,Shanta-abaq Community Health Unit,601744,40603
Fully-functional,Mecheo Dispensary,Esise,Borabu,Borabu,Nyamira,Matunwa Community Health Unit,602920,41122
Fully-functional,Mecheo Dispensary,Esise,Borabu,Borabu,Nyamira,Endemu Community Health Unit,602919,40756
semi-functional,Ematiha Dispensary,Ingoste-matiha,Navakholo,Navakholo,Kakamega,Ematiha Community Health Unit,600672,40634
Fully-functional,Anyuongi Dispensary,South Sakwa,Bondo,Bondo,Siaya,East Migwena Community Health Unit,600006,40664
Fully-functional,Nyaitara Dispensary,Nyabasi West,Kuria East,Kuria East,Migori,Nyaitara Community Health Unit,600147,41000
Fully-functional,Thigio Dispensary (Kiambu West),Ndeiya,Limuru,Limuru,Kiambu,Thigio Community Health Unit,601464,40210
Fully-functional,Lenga Dispensary,Kambe/Ribe,Rabai,Rabai,Kilifi,Jeuri Community Health Unit,602568,39569
Fully-functional,Airport Health Centre,Central Kisumu,Kisumu West,Kisumu West,Kisumu,Kogony Community Health Unit,600090,40695
semi-functional,Masaba Dispensary,Marama South,Butere,Butere,Kakamega,Masaba Community Health Unit,600616,39816
Fully-functional,Kamukuywa (ACK) Dispensary,Milima,Tongaren,Tongaren,Bungoma,Mukuyuni Community Health Unit,600570,40695
non-functinoal,Reuben Mukuru Health Centre,Kwa Reuben,Embakasi South,Embakasi South,Nairobi,Wasenye Community Health Unit,601638,41071
non-functinoal,Reuben Mukuru Health Centre,Kwa Reuben,Embakasi South,Embakasi South,Nairobi,Railways Community Health Unit,601630,41061
non-functinoal,Reuben Mukuru Health Centre,Kwa Reuben,Embakasi South,Embakasi South,Nairobi,Kosovo Community Health Unit,601624,41071
Closed,Reuben Mukuru Health Centre,Kwa Reuben,Embakasi South,Embakasi South,Nairobi,Falcon Community Health Unit,601620,40827
semi-functional,Chwele Friends Dispensary,Namwela,Sirisia,Sirisia,Bungoma,Toloso Community Health Unit,602339,40575
Fully-functional,AIC Zombe Health Centre,Zombe/Mwitika,Kitui East,Kitui East,Kitui,Aic Zombe Community Health Unit,602264,40725
Fully-functional,Gathanga Health Centre,Muchatha,Kiambaa,Kiambaa,Kiambu,Gathanga Community Health Unit,601340,40057
Fully-functional,Mugumoini Dispensary (Muranga South),Kahumbu,Kigumo,Kigumo,Muranga,Mugumo-ini Community Health Unit,601383,40756
Fully-functional,Mugumoini Dispensary (Muranga South),Kahumbu,Kigumo,Kigumo,Muranga,Githembe Community Health Unit,601370,39845
Fully-functional,Mugumoini Dispensary (Muranga South),Kahumbu,Kigumo,Kigumo,Muranga,Gakuyu Community Health Unit,601366,39845
Fully-functional,Muthithi Dispensary,Muthithi,Kigumo,Kigumo,Muranga,Muthithi Community Health Unit,601385,40179
Fully-functional,Muthithi Dispensary,Muthithi,Kigumo,Kigumo,Muranga,Mungu-ini Community Health Unit,601384,40330
non-functinoal,Muthithi Dispensary,Muthithi,Kigumo,Kigumo,Muranga,Kiahiti Community Health Unit,601376,40695
Fully-functional,Cianda Dispensary,Cianda,Kiambaa,Kiambaa,Kiambu,Ndumberi Community Health Unit,601346,40483
Fully-functional,Muruka Dispensary,Muruka,Kandara,Kandara,Muranga,Muruka Community Health Unit,601317,38749
Fully-functional,Kanderendu Dispensary,Kangari,Kigumo,Kigumo,Muranga,Makomboki Community Health Unit,601380,39965
Fully-functional,Kangari Health Centre,Kangari,Kigumo,Kigumo,Muranga,Mariira Community Health Unit,601381,40026
semi-functional,Kangari Health Centre,Kangari,Kigumo,Kigumo,Muranga,Kinyona Community Health Unit,601377,40057
Fully-functional,Kangari Health Centre,Kangari,Kigumo,Kigumo,Muranga,Kangari Community Health Unit,601375,40057
Fully-functional,Ngurweini Dispensary,Gaichanjiru,Kandara,Kandara,Muranga,Ngumari Community Health Unit,601318,2005
Fully-functional,Kariti Dispensary,Kagundu-ini,Kandara,Kandara,Muranga,Kariua Community Health Unit,601314,40057
Fully-functional,Kariti Dispensary,Kagundu-ini,Kandara,Kandara,Muranga,Kariti Community Health Unit,601313,2009
semi-functional,Kamahuha Dispensary,Kamahuha,Maragwa,muranga south,Muranga,Kasa Community Health Unit,601510,38718
semi-functional,Kambiti Health Centre,Kambiti,Maragwa,muranga south,Muranga,Kambiti Community Health Unit,601506,40299
Fully-functional,Mukoe Dispensary,Ithiru,Kandara,Kandara,Muranga,Karimwaro Community Health Unit,601342,40422
non-functinoal,Kieni Model Health Centre,Mwimbi,Maara,Mwimbi,Tharaka Nithi,Iruma Community Health Unit,602021,41091
non-functinoal,Kieni Model Health Centre,Mwimbi,Maara,Mwimbi,Tharaka Nithi,Ikuu Community Health Unit,602020,41102
semi-functional,Kithyoko Health Centre,Kivaa,Masinga,Masinga,Machakos,Kithyoko Community Health Unit,602051,40087
semi-functional,Kikumini Dispensary,Masinga Central,Masinga,Masinga,Machakos,Kikumini Community Health Unit,602050,40087
semi-functional,Kinakoni Dispensary,Voo/Kyamatu,Kitui East,Kitui East,Kitui,Kinakoni Community Health Unit,602095,40603
semi-functional,Kathukini Dispensary,Muthesya,Masinga,Masinga,Machakos,Kathukini Community Health Unit,602049,40513
semi-functional,Ndilidau Dispensary (Jipe),Mata,Taveta,Taveta,Taita Taveta,Ndilidu Community Health Unit,601910,40057
Fully-functional,Mwambirwa Dispensary,Ronge,Mwatate,Mwatate,Taita Taveta,Mwambirwa Community Health Unit,602573,41091
Fully-functional,Mwambirwa Dispensary,Ronge,Mwatate,Mwatate,Taita Taveta,Mururu Manganga Community Health Unit,602836,39264
semi-functional,Kanziku Health Centre,Kanziku,Kitui South,Kitui South,Kitui,Kanziku Community Health Unit,601964,39873
semi-functional,Kyondoni Dispensary ( Kivaa),Kivaa,Masinga,Masinga,Machakos,Kyondoni Community Health Unit,602053,40817
Fully-functional,Marungu Health Centre,Marungu,Voi,Voi,Taita Taveta,Murungu Community Health Unit,601875,40787
Fully-functional,Mata Dispensary (Taveta),Mata,Taveta,Taveta,Taita Taveta,Mata Community Health Unit,602576,39965
Fully-functional,Kishushe Dispensary,Wumingu/Kishushe,Wundanyi,Wundanyi,Taita Taveta,Kishushe Community Health Unit,602575,41061
semi-functional,Kitobo Dispensary (Taveta),Mboghoni,Taveta,Taveta,Taita Taveta,Kitobo Community Health Unit,601908,40787
Fully-functional,Majengo Dispensary (Tana River),Kinakomba,Galole,Galole,Tana River,Majengo Community Health Unit,601897,40817
Fully-functional,Chewani Dispensary,Chewani,Galole,Galole,Tana River,Chewani Community Health Unit,601890,40787
semi-functional,Makere Dispensary,Chewani,Galole,Galole,Tana River,Makere Community Health Unit,601898,39264
Fully-functional,Oljabet Health Centre,Marmanet,Laikipia West,Laikipia West,Laikipia,Oljabet Community Health Unit,600955,40787
non-functinoal,Oletukat Dispensary,Ildamat,Narok East,Narok East,Narok,Oletukat Community Health Unit,601107,39904
non-functinoal,Chepnyal Dispensary,Sook,Kapenguria,West Pokot,West Pokot,Sook Community Health Unit,601260,40238
Fully-functional,Chepngoror Dispensary,Ainabkoi/Olare,Ainabkoi,Ainabkoi,Uasin Gishu,Chepngoror Community Health Unit,600833,40360
non-functinoal,Morijo Loita Health Centre,Loita,Narok South,Narok South,Narok,Morijo Loita Community Health Unit,602231,40299
Fully-functional,Namukuse Dispensary,Kang'atotha,Turkana Central,Turkana Central,Turkana,Namukuse Community Health Unit,602905,41244
non-functinoal,Olkinyei Dispensary,Siana,Narok West,Narok West,Narok,Olkinyei Community Health Unit,601130,40575
semi-functional,Motosiet Health Centre,Motosiet,Cherangany,Cherangany,Trans Nzoia,Motosiet Community Health Unit,601213,40603
Fully-functional,Motosiet Health Centre,Motosiet,Cherangany,Cherangany,Trans Nzoia,Hututu Community Health Unit,601201,40969
non-functinoal,Mtaragon Health Centre,Kamasian,Kipkelion West,Kipkelion West,Kericho,Mtaragon Community Health Unit,602498,41225
non-functinoal,Nys Dispensary (Keiyo),Soy South,Keiyo South,Keiyo South,Elgeyo Marakwet,Chemoiben Community Health Unit,602483,40916
semi-functional,Nyamathi Dispensary,Hellsgate,Naivasha,Naivasha,Nakuru,Nyamathi Community Health Unit,601037,40544
semi-functional,Nkareta Dispensary,Nkareta,Narok North,Narok North,Narok,Nkareta Community Health Unit,601105,39845
non-functinoal,Nyaru Dispensary,Chepkorio,Keiyo South,Keiyo South,Elgeyo Marakwet,Nyaru Community Health Unit,602474,40916
semi-functional,Sego Dispensary,Soy North,Keiyo South,Keiyo South,Elgeyo Marakwet,Sego Community Health Unit,602486,42675
non-functinoal,Sangurur Dispensary,Kapsowar,Marakwet West,Marakwet West,Elgeyo Marakwet,Koibarak Community Health Unit,601002,40452
Fully-functional,Merewet Dispensary,Soy,Soy,Soy,Uasin Gishu,Merewet Community Health Unit,600861,40603
semi-functional,Segero Central Dispensary,Segeroi/Barsombe,Soy,Soy,Uasin Gishu,Segero Community Health Unit,600869,40603
semi-functional,Solian Dispensary,Koibatek,Eldama Ravine,Koibatek,Baringo,Sabatia Community Health Unit,601015,40725
non-functinoal,Sekenani Health Centre,Siana,Narok West,Narok West,Narok,Sekenani Community Health Unit,601135,40452
non-functinoal,Serem Health Centre (Nandi South),Kemeloi-maraba,Aldai,Aldai,Nandi,Serem Community Health Unit,601099,41000
semi-functional,Sambut Dispensary,Kamagut,Turbo,Turbo,Uasin Gishu,Sambut Community Health Unit,600868,40513
Fully-functional,Chesoen Dispensary,Chesoen,Bomet Central,Bomet Central,Bomet,Chesoen Community Health Unit,600823,39845
Fully-functional,Sipili Health Centre,Ol-moran,Laikipia West,Laikipia West,Laikipia,Sipili Community Health Unit,602948,41161
Fully-functional,Megwara Dispensary,Siana,Narok West,Narok West,Narok,Megwara Community Health Unit,601124,40452
Fully-functional,Siwo Dispensary,Chepkunyuk,Nandi Hills,Nandi Hills,Nandi,Siwolwak Community Health Unit,601080,40603
Fully-functional,Siwo Dispensary,Chepkunyuk,Nandi Hills,Nandi Hills,Nandi,Kapchorua A Community Health Unit,601065,40909
non-functinoal,Sochoi Dispensary,Ol'lessos,Nandi Hills,Nandi Hills,Nandi,Sochoi Community Health Unit,601081,40603
Fully-functional,Nabkoi Dispensary,Tarakwa,Kesses,Kesses,Uasin Gishu,Nabkoi Community Health Unit,601240,40634
semi-functional,Chegilet Health Centre,Emsoo,Keiyo North,Keiyo North,Elgeyo Marakwet,Keu Community Health Unit,600922,40544
Fully-functional,Chepkunyuk Dispensary,Chepkunyuk,Nandi Hills,Nandi Hills,Nandi,Kitwek Community Health Unit,601073,40634
Fully-functional,Chepkunyuk Dispensary,Chepkunyuk,Nandi Hills,Nandi Hills,Nandi,Chepkunyuk Community Health Unit,601062,40634
Fully-functional,Naisoya Dispensary,Nkareta,Narok North,Narok North,Narok,Naisoya Community Health Unit,601104,40603
Fully-functional,Cheptabach Dispensary,Chepkunyuk,Nandi Hills,Nandi Hills,Nandi,Cheptabach Community Health Unit,601064,40148
Fully-functional,Mogil Health Centre,Sambirir,Marakwet East,Marakwet East,Elgeyo Marakwet,Kibaimwa Community Health Unit,600983,40878
semi-functional,Mogil Health Centre,Sambirir,Marakwet East,Marakwet East,Elgeyo Marakwet,Mogil Community Health Unit,602702,40555
semi-functional,Cheplaskei Dispensary,Tapsagoi,Turbo,Turbo,Uasin Gishu,Cheplaskei Community Health Unit,600851,40513
semi-functional,Sergoit Health Centre (Keiyo),Kamariny,Keiyo North,Keiyo North,Elgeyo Marakwet,Sergoit Community Health Unit,600926,40544
non-functinoal,Setek Dispensary,Tinderet,Tinderet,Tinderet,Nandi,Setek Community Health Unit,601188,40940
Fully-functional,Shankoe Dispensary,Shankoe,Kilgoris,Transmara West,Narok,Shankoe Community Health Unit,601195,40909
semi-functional,Moi Ndabi Dispensary,Maeilla,Naivasha,Naivasha,Nakuru,Moindabi Community Health Unit,601031,39995
semi-functional,Bar Korwa Health Centre,North Seme,Seme,Seme,Kisumu,East Katieno Community Health Unit,602742,41195
semi-functional,Katakani Dispensary,Kyuso,Mwingi North,Mwingi North,Kitui,Aic Katakani Community Health Unit,602017,40634
semi-functional,Eshisiru Catholic Dispensary,Butsotso Central,Lurambi,Lurambi,Kakamega,Shiyunzu B Community Health Unit,602776,41426
Fully-functional,Nyansangio Dispensary,Nyamaiya,West Mugirango,Nyamira,Nyamira,Miruka Community Health Unit,602681,41061
Fully-functional,Wajir Bor Health Centre,Khorof/Harar,Wajir East,Wajir East,Wajir,Wajir Bor Community Health Unit,601727,39873
Fully-functional,Siriba Dispensary,North West Kisumu,Kisumu West,Kisumu West,Kisumu,West Karateng Community Health Unit,600135,40603
Fully-functional,Gombato Dispensary (CDF),Gambato Bongwe,Msambweni,Msambweni,Kwale,Gombato Community Health Unit,602177,40513
Closed,Gombato Dispensary (CDF),Gambato Bongwe,Msambweni,Msambweni,Kwale,Godo Community Health Unit,602752,41091
semi-functional,Saro Dispensary,Kakrao,Suna East,Suna East,Migori,Saro Community Health Unit,600189,39449
Fully-functional,Mumbuini Dispensary,Murinduko,Mwea,Kirinyaga South,Kirinyaga,Miuu Community Health Unit,601521,37681
Fully-functional,Mumbuini Dispensary,Murinduko,Mwea,Kirinyaga South,Kirinyaga,South Ngariama Community Health Unit,601919,40787
semi-functional,Ndathi Dispensary,Kabaru,Kieni,Kieni East,Nyeri,Ndathi Community Health Unit,601357,39845
Fully-functional,Kiriogo Dispensary,Central,Ndaragwa,Ndaragwa,Nyandarua,Kiriogo Community Health Unit,601542,39934
semi-functional,kwakavisi dispensary,Kathonzweni,Makueni,Makueni,Makueni,Kwakavisi Community Health Unit,602375,40452
semi-functional,kwakavisi dispensary,Kathonzweni,Makueni,Makueni,Makueni,Kwa Kavisi Community Health Unit,602531,40452
Fully-functional,Nyakuru Dispensary,North Sakwa,Awendo,Awendo,Migori,Kakmasia Community Health Unit,600417,39264
Fully-functional,Njegas Health Centre,Kangai,Mwea,Kirinyaga North/Mwea West,Kirinyaga,Kangai Community Health Unit,601527,39873
Closed,Kisasi Health Centre (Kitui Rural),Kisasi,Kitui Rural,Kitui Rural,Kitui,Masimbini Community Health Unit,602000,39114
Fully-functional,Kagumo Health Centre,Mutira,Kirinyaga Central,Kirinyaga Central,Kirinyaga,Kirunda Community Health Unit,601426,40817
semi-functional,Nyalunya Health Centre,Kolwa Central,Kisumu East,Kisumu East,Kisumu,Nyalunya Community Health Unit,600103,39873
Fully-functional,Nyalunya Health Centre,Kolwa Central,Kisumu East,Kisumu East,Kisumu,Kasule Community Health Unit,600089,40664
Fully-functional,Ntemwene Dispensary,Nkuene,South Imenti,Imenti South,Meru,Kathera Community Health Unit,602624,39254
Fully-functional,Wahundura Dispensary,Kamacharia,Mathioya,Mathioya,Muranga,Kamune Community Health Unit,601470,39600
Fully-functional,Museve Dispensary,Kyangwithya East,Kitui Central,Kitui Central,Kitui,Museve Community Health Unit,602009,39326
semi-functional,Biyamadhow Health Centre,Benane,Wajir South,Wajir South,Wajir,Biyamalhow Community Health Unit,601712,40787
Fully-functional,Ichamara Dispensary,Mukurwe-ini Central,Mukurweini,Mukurweini,Nyeri,Ichamara Community Health Unit,601485,40664
Fully-functional,Ong'ielo Health Centre,East Asembo,Rarieda,Rarieda,Siaya,Omia Malo A Community Health Unit,600410,40182
semi-functional,Emusanda Health Centre,Butsotso Central,Lurambi,Lurambi,Kakamega,Eshisiru Community Health Unit,600676,40634
Fully-functional,Ombek Health Centre,West Kasipul,Kasipul,Rachuonyo South,Homa Bay,Ombek Community Health Unit,600392,40940
Fully-functional,Ombek Health Centre,West Kasipul,Kasipul,Rachuonyo South,Homa Bay,Kadel Kamidigo Community Health Unit,602843,40969
Fully-functional,Gathambi Health Centre,Mukure,Ndia,Kirinyaga West,Kirinyaga,Mukure Community Health Unit,601437,39569
Fully-functional,Baari Health Centre,Kiritta,Ndaragwa,Ndaragwa,Nyandarua,Mairo-inya Community Health Unit,601544,40817
semi-functional,Kizingitini Dispensary,Faza,Lamu East,Lamu East,Lamu,Kizingitini Community Health Unit,602314,39448
semi-functional,Kizingitini Dispensary,Faza,Lamu East,Lamu East,Lamu,Kiunga Community Health Unit,602259,39934
Fully-functional,Kithimu Dispensary,Kithimu,Manyatta,Manyatta,Embu,Kithimu Community Health Unit,601935,39630
Fully-functional,Kulan Health Centre,Liboi,Daadab,Dadaab,Garissa,Kulan Community Health Unit,602646,41355
Fully-functional,Nyangiela Sub District,West Kasipul,Kasipul,Rachuonyo South,Homa Bay,Bomabacho Community Health Unit,602673,41061
Fully-functional,Nyangiela Sub District,West Kasipul,Kasipul,Rachuonyo South,Homa Bay,Kochich Community Health Unit,602729,42412
Fully-functional,Ngerenya Dispensary,Tezo,Kilifi North,Kilifi North,Kilifi,Zowerani Community Health Unit,601784,40848
Fully-functional,Riakanau Dispensary,Mwea,Mbeere South,Mbeere South,Embu,Riakanau Community Health Unit,602071,39904
Fully-functional,Takaungu Dispensary,Mnarani,Kilifi North,Kilifi North,Kilifi,Takaunga Community Health Unit,601781,40575
Fully-functional,Marikebuni Dispensary,Magarini,Magarini,Magarini,Kilifi,Marikebuni Community Health Unit,601830,39934
Fully-functional,Marikebuni Dispensary,Magarini,Magarini,Magarini,Kilifi,Bomani Community Health Unit,601819,40603
Fully-functional,Matuga Dispensary,Waangombeni,Matuga,Matuga,Kwale,Matuga Community Health Unit,602181,40118
semi-functional,Om Dental Centre,Tononoka,Mvita,Mvita,Mombasa,Mwachabo Community Health Unit,601876,40513
Fully-functional,Chalani Dispensary,Kaloleni,Kaloleni,Kaloleni,Kilifi,Chalani Community Health Unit,601746,39845
Fully-functional,Vishakani Dispensary,Kaloleni,Kaloleni,Kaloleni,Kilifi,Vishakani Community Health Unit,601759,40330
Fully-functional,Kiamathaga Dispensary,Naromoru/Kiamathaga,Kieni,Kieni East,Nyeri,Kiamathaga Community Health Unit,601355,40878
Fully-functional,Oroche Dispensary,Bogiakumu,Bonchari,Bonchari,Kisii,Bonyando Chws Community Health Unit,600078,40725
Fully-functional,Kihoya Health Centre,Rwathia,Kangema,Kangema,Muranga,Kihoya Community Health Unit,601333,39142
non-functinoal,Kibutha Dispensary,Kanyenya-ini,Kangema,Kangema,Muranga,Kibutha Community Health Unit,601332,40725
Fully-functional,Kiamara Health Centre,Muguru,Kangema,Kangema,Muranga,Gacharaigu Community Health Unit,601320,40391
Fully-functional,Kamburaini Dispensary,Naromoru/Kiamathaga,Kieni,Kieni East,Nyeri,Kamburaini Community Health Unit,601354,39630
Fully-functional,Rera Health Centre,South Gem,Gem,Gem,Siaya,Rera Community Health Unit,600064,40186
Fully-functional,Nyalgosi Dispensary,Central Kasipul,Kasipul,Rachuonyo South,Homa Bay,Kachien South Community Health Unit,600375,40817
Fully-functional,Nyalgosi Dispensary,Central Kasipul,Kasipul,Rachuonyo South,Homa Bay,Kachien North Community Health Unit,600374,40634
non-functinoal,Emurua Dikir Dispensary,Matapato North,Kajiado Central,Kajiado Central,Kajiado,Emuruadikir Community Health Unit,600894,40634
Fully-functional,Ithanga Health Centre,Ithanga,Gatanga,Gatanga,Muranga,Mianyani Community Health Unit,601593,40664
Fully-functional,Ithanga Health Centre,Ithanga,Gatanga,Gatanga,Muranga,Ithanga Community Health Unit,601589,40695
Fully-functional,Kiunyu Dispensary,Kihumbu-ini,Gatanga,Gatanga,Muranga,Kiunyu Community Health Unit,601272,40026
non-functinoal,Olkiramatian Dispensary,Magadi,Kajiado West,Kajiado West,Kajiado,Alkramatian Community Health Unit,600904,39661
Fully-functional,Wasini Dispensary,Pongwe/Kikokeni,Lunga Lunga,Lunga Lunga,Kwale,Mafisini Community Health Unit,602762,41091
Fully-functional,Kigoro Health Centre,Kariara,Gatanga,Gatanga,Muranga,Kigoro Community Health Unit,601270,39661
Fully-functional,Karangi Dispensary,Kariara,Gatanga,Gatanga,Muranga,Mbugiti Community Health Unit,601273,40878
Fully-functional,Shamata Health Centre,Shamata,Ndaragwa,Ndaragwa,Nyandarua,Shamata Community Health Unit,601549,39661
Closed,Nyagoko Dispensary,West Asembo,Rarieda,Rarieda,Siaya,Nyagoko Community Health Unit,600407,40238
Fully-functional,Nyagoko Dispensary,West Asembo,Rarieda,Rarieda,Siaya,Nyagoko West Community Health Unit,602619,40238
Fully-functional,Kiangochi Dispensary,Mbiri,Kiharu,Kiharu,Muranga,Muchungucha Community Health Unit,601495,39661
Fully-functional,Asayi Dispensary,North Gem,Gem,Gem,Siaya,Asayi Community Health Unit,600034,40878
Fully-functional,Karima Dispensary (Nyeri South),Karima,Nyeri South,Nyeri South,Nyeri,Gura Community Health Unit,601571,40513
Fully-functional,Segere Dispensary,Central Alego,Alego Usonga,Alego Usonga,Siaya,Ojwando B Community Health Unit,600446,40299
Fully-functional,Kaluo Health Centre,North Alego,Alego Usonga,Alego Usonga,Siaya,Nyamila Community Health Unit,600444,40299
Fully-functional,Segere Dispensary,Central Alego,Alego Usonga,Alego Usonga,Siaya,Kochieng B Community Health Unit,600431,40787
Fully-functional,Burguret Dispensary,Gakawa,Kieni,Kieni East,Nyeri,Burguret Community Health Unit,601351,40026
Closed,Kiegoi Health Centre,Kiegoi/Antubochiu,Igembe South,Igembe South,Meru,Kiegoi Community Health Unit,601953,40848
semi-functional,Simenya Health Centre,Sidindi,Ugunja,Ugunja,Siaya,Yiro East Community Health Unit,600518,40878
semi-functional,Simenya Health Centre,Sidindi,Ugunja,Ugunja,Siaya,Simenya Community Health Unit,600507,40269
Fully-functional,Tingare Dispensary,Sigomere,Ugunja,Ugunja,Siaya,Tingare West Community Health Unit,600512,40878
semi-functional,Tingare Dispensary,Sigomere,Ugunja,Ugunja,Siaya,Tingare East Community Health Unit,600511,40118
Fully-functional,Tingare Dispensary,Sigomere,Ugunja,Ugunja,Siaya,Asango West Community Health Unit,600474,40878
Fully-functional,Tingare Dispensary,Sigomere,Ugunja,Ugunja,Siaya,Asango East Community Health Unit,600473,40878
Fully-functional,Urenga Health Centre,East Ugenya,Ugenya,Ugenya,Siaya,Sihay Community Health Unit,600506,40878
Fully-functional,Urenga Health Centre,East Ugenya,Ugenya,Ugenya,Siaya,Ramunde Community Health Unit,600498,39904
semi-functional,Sifuyo Health centre,West Ugenya,Ugenya,Ugenya,Siaya,Sifuyo West Community Health Unit,600504,40238
semi-functional,Sifuyo Health centre,West Ugenya,Ugenya,Ugenya,Siaya,Sifuyo East Community Health Unit,600503,40238
semi-functional,Sifuyo Health centre,West Ugenya,Ugenya,Ugenya,Siaya,Masat West Community Health Unit,600491,40878
semi-functional,Sifuyo Health centre,West Ugenya,Ugenya,Ugenya,Siaya,Masat East Community Health Unit,600490,39845
Fully-functional,Yala Sub County Hospital,Yala Township,Gem,Gem,Siaya,Nyamninia Community Health Unit,600061,38726
Fully-functional,Bar Sauri Health Centre,Yala Township,Gem,Gem,Siaya,Anyiko Community Health Unit,600056,38728
semi-functional,Kaningo Health Centre,Tseikuru,Mwingi North,Mwingi North,Kitui,Kangonde Community Health Unit,602048,39934
semi-functional,Olosho-Oibor Dispensary,Ewuaso Oo Nkidong'i,Kajiado West,Kajiado West,Kajiado,Oloshoi Bor Community Health Unit,600914,39814
Fully-functional,Kadhola Dispensary,Kwabwai,Ndhiwa,Ndhiwa,Homa Bay,Wachara And North Kodondo Community Health Unit,600242,40878
non-functinoal,Midoina Dispensary,Bamba,Ganze,Ganze,Kilifi,Midoina Community Health Unit,601775,40848
Fully-functional,Emotoroki Dispensary,Matapato North,Kajiado Central,Kajiado Central,Kajiado,Emutoroki Community Health Unit,600895,39845
semi-functional,Bar Ndege Dispensary,East Ugenya,Ugenya,Ugenya,Siaya,Kathieno-c Community Health Unit,600485,40878
semi-functional,Nyangu Dispensary,West Ugenya,Ugenya,Ugenya,Siaya,Ndenga Community Health Unit,600493,40664
semi-functional,Nyangu Dispensary,West Ugenya,Ugenya,Ugenya,Siaya,Karandolo West Community Health Unit,600482,40087
semi-functional,Nyangu Dispensary,West Ugenya,Ugenya,Ugenya,Siaya,Karandolo East Community Health Unit,600481,40664
semi-functional,Nyangu Dispensary,West Ugenya,Ugenya,Ugenya,Siaya,Karadolo West Community Health Unit,600480,40087
Fully-functional,Oltepesi Dispensary,Keekonyokie,Kajiado West,Kajiado West,Kajiado,Oltepesi Community Health Unit,602501,41214
semi-functional,Jera Dispensary,North Ugenya,Ugenya,Ugenya,Siaya,Nyamsenda Community Health Unit,600497,39845
semi-functional,Jera Dispensary,North Ugenya,Ugenya,Ugenya,Siaya,Jera Community Health Unit,600478,40603
Fully-functional,Bar Agulu Dispensary,South East Alego,Alego Usonga,Alego Usonga,Siaya,Bar-agulu Community Health Unit,602312,40756
semi-functional,Bar Achuth Dispensary,West Ugenya,Ugenya,Ugenya,Siaya,Uyundo Community Health Unit,600516,40664
semi-functional,Bar Achuth Dispensary,West Ugenya,Ugenya,Ugenya,Siaya,Nyalenya Community Health Unit,600496,40148
semi-functional,Bar Achuth Dispensary,West Ugenya,Ugenya,Ugenya,Siaya,Kangoya Community Health Unit,600479,40603
Fully-functional,Mtepeni Dispensary,Mtepeni,Kilifi South,Kilifi South,Kilifi,Kidutani Mawamba Community Health Unit,601769,39873
semi-functional,Sikalame Dispensary,Sidindi,Ugunja,Ugunja,Siaya,Yiro-west Community Health Unit,600519,39845
semi-functional,Mirihini Dispensary,Ganze,Ganze,Ganze,Kilifi,Mirihini Community Health Unit,601776,39873
semi-functional,Rambula Dispensary,Ugunja,Ugunja,Ugunja,Siaya,Rembula South Community Health Unit,600500,40210
semi-functional,Rambula Dispensary,Ugunja,Ugunja,Ugunja,Siaya,North Rambula Community Health Unit,600495,40878
semi-functional,Rambula Dispensary,Ugunja,Ugunja,Ugunja,Siaya,Magoya Community Health Unit,600489,40878
non-functinoal,Loodoariak Dispensary,Keekonyokie,Kajiado West,Kajiado West,Kajiado,Olodariak Community Health Unit,602228,39873
semi-functional,Oloiyangalani Dispensary,Ildamat,Kajiado Central,Kajiado Central,Kajiado,Oloiyangalani Community Health Unit,602262,40817
Fully-functional,Oridi Dispensary,Kanyikela,Ndhiwa,Ndhiwa,Homa Bay,Rapedhi Wanjawa-north Kaganda Community Health Unit,600234,40878
Fully-functional,Oridi Dispensary,Kanyikela,Ndhiwa,Ndhiwa,Homa Bay,Olasi-ongaro Community Health Unit,600232,40878
Fully-functional,Munyu-Ini Dispensary,Ndarugu,Gatundu South,Gatundu South,Kiambu,Munyuini Community Health Unit,601289,40361
Fully-functional,Shimoni Dispensary,Pongwe/Kikokeni,Lunga Lunga,Lunga Lunga,Kwale,Rise And Shine Community Health Unit,601864,39934
Fully-functional,Kijawa Dispensary,Homa Bay West,Homa Bay Town,Homa Bay Town,Homa Bay,Kotieno Community Health Unit,600847,40817
non-functinoal,Ilkilinyet Dispensary,Kenyawa-poka,Kajiado East,Kajiado East,Kajiado,Ilkilunyeti Community Health Unit,602238,40725
Fully-functional,Lwanda Awiti Dispensary,Kwabwai,Ndhiwa,Ndhiwa,Homa Bay,Kasirime Community Health Unit,600219,40878
semi-functional,Kiaoni Dispensary (Kibwezi),Kikumbulyu North,Kibwezi West,Kibwezi West,Makueni,Kiaoni Community Health Unit,601984,40603
Fully-functional,Amoyo Dispensary,Kanyadoto,Ndhiwa,Ndhiwa,Homa Bay,South Kabura Odhiambo Rambo Community Health Unit,600236,40878
Fully-functional,Amoyo Dispensary,Kanyadoto,Ndhiwa,Ndhiwa,Homa Bay,North Kaganda Community Health Unit,600230,40878
Fully-functional,Amoyo Dispensary,Kanyadoto,Ndhiwa,Ndhiwa,Homa Bay,S Kabura Community Health Unit,602860,42412
semi-functional,Kigetuini Dispensary,Gaturi,Kiharu,Kiharu,Muranga,Kigetuini Community Health Unit,601492,40603
Fully-functional,Oboch Dispensary,South West Nyakach,Nyakach,Nyakach,Kisumu,Kajimbo Community Health Unit,600255,40787
non-functinoal,Tononoka Administration Police Dispensary & VCT,Tononoka,Mvita,Mvita,Mombasa,Tononoka Community Health Unit,601849,41030
Fully-functional,Mailwa Dispensary,Matapato South,Kajiado Central,Kajiado Central,Kajiado,Mailwa Community Health Unit,600898,40634
Fully-functional,State House Dispensary (Mombasa),Mji Wa Kale/Makadara,Mvita,Mvita,Mombasa,Oldtown Community Health Unit,601846,39873
Fully-functional,Oloika Dispensary,Magadi,Kajiado West,Kajiado West,Kajiado,Oloika Community Health Unit,600913,39814
Fully-functional,Torosei Dispensary,Iloodokilani,Kajiado West,Kajiado West,Kajiado,Torosei Community Health Unit,600903,40452
Fully-functional,Kiasa Dispensary,Kwabwai,Ndhiwa,Ndhiwa,Homa Bay,Ratanga-nyamos Community Health Unit,600235,40878
Fully-functional,Kiasa Dispensary,Kwabwai,Ndhiwa,Ndhiwa,Homa Bay,Katiro Community Health Unit,600220,40878
Fully-functional,Kiasa Dispensary,Kwabwai,Ndhiwa,Ndhiwa,Homa Bay,Kamdar Kawanga Community Health Unit,600216,40878
Fully-functional,Kiasa Dispensary,Kwabwai,Ndhiwa,Ndhiwa,Homa Bay,Kachuth Community Health Unit,600209,40878
Fully-functional,Lambwe Forest Dispensary,Kanyamwa Kosewe,Ndhiwa,Ndhiwa,Homa Bay,Upper-lower Kwandiku Community Health Unit,600241,40878
Fully-functional,Malela Dispensary,Kanyamwa Kologi,Ndhiwa,Ndhiwa,Homa Bay,Komungu Community Health Unit,600224,40330
Fully-functional,Malela Dispensary,Kanyamwa Kologi,Ndhiwa,Ndhiwa,Homa Bay,Kakaeta Community Health Unit,600215,40330
Fully-functional,Malela Dispensary,Kanyamwa Kologi,Ndhiwa,Ndhiwa,Homa Bay,East West Kochieng Community Health Unit,600205,40878
Fully-functional,Ober Kabuoch Dispensary,Kabuoch South/Pala,Ndhiwa,Ndhiwa,Homa Bay,Kobita Community Health Unit,600223,40848
Fully-functional,Ombo Kachieng' Dispensary,Kabouch North,Ndhiwa,Ndhiwa,Homa Bay,Kachieng West Community Health Unit,600207,40878
Fully-functional,Ombo Kachieng' Dispensary,Kabouch North,Ndhiwa,Ndhiwa,Homa Bay,Kachieng East Community Health Unit,600206,40878
Fully-functional,Ponge Dispensary,Kabuoch South/Pala,Ndhiwa,Ndhiwa,Homa Bay,Kamenya Community Health Unit,600217,40787
Fully-functional,Maram Dispensary,Kabouch North,Ndhiwa,Ndhiwa,Homa Bay,Konyango East Community Health Unit,600225,40878
Fully-functional,Okok Dispensary,Kanyamwa Kologi,Ndhiwa,Ndhiwa,Homa Bay,Kajwang Goyo Community Health Unit,600214,40878
Fully-functional,Okok Dispensary,Kanyamwa Kologi,Ndhiwa,Ndhiwa,Homa Bay,Kadwet Community Health Unit,600212,40878
non-functinoal,Kmq Dispensary,Iloodokilani,Kajiado West,Kajiado West,Kajiado,Kmq Community Health Unit,600896,40634
semi-functional,Oldonyo Nyokie Dispensary,Magadi,Kajiado West,Kajiado West,Kajiado,Oldonyonyokie Community Health Unit,600910,39295
Fully-functional,Rae Dispensary,North Nyakach,Nyakach,Nyakach,Kisumu,Gem Rae Community Health Unit,600249,40725
Fully-functional,Rae Dispensary,North Nyakach,Nyakach,Nyakach,Kisumu,Gem Nam Community Health Unit,600248,40695
Fully-functional,Rurii Kiandegwa Dispensary,Wamumu,Mwea,Kirinyaga North/Mwea West,Kirinyaga,Rurii Community Health Unit,601531,40360
Fully-functional,Kihumbu-Ini Community Dispensary,Kihumbu-ini,Gatanga,Gatanga,Muranga,Kihumbuini Community Health Unit,601271,40269
Fully-functional,Iraha Dispensary,Nyanmosense/Komosoko,Kuria West,Kuria West,Migori,Moheto Community Health Unit,602196,39600
Fully-functional,Shika Adabu (MCM) Dispensary,Shika Adabu,Likoni,Likoni,Mombasa,Vyemani Community Health Unit,601794,40575
Fully-functional,Mbuta Model Health Centre,Mtongwe,Likoni,Likoni,Mombasa,Mbuta Community Health Unit,602240,39264
Fully-functional,Makararangwe Dispensary,Ntimaru West,Kuria East,Kuria East,Migori,Makararangwe Community Health Unit,600144,40817
Fully-functional,Riandu Dispensary,Nthawa,Mbeere North,Mbeere North,Embu,Riandu Community Health Unit,602068,40057
semi-functional,Ngegu Dispensary,Kochia,Rangwe,Rangwe,Homa Bay,Kanam Community Health Unit,602322,40878
semi-functional,Ngegu Dispensary,Kochia,Rangwe,Rangwe,Homa Bay,Kaura Community Health Unit,602306,40878
Fully-functional,Nyamasi Dispensary,Homa Bay West,Homa Bay Town,Homa Bay Town,Homa Bay,South Kanyabala Community Health Unit,602206,40848
Fully-functional,Obunga Dispensary,Kagan,Rangwe,Rangwe,Homa Bay,South Kagan Community Health Unit,602370,40878
semi-functional,Manyatta (SDA) Dispensary,Kagan,Rangwe,Rangwe,Homa Bay,Komenya Community Health Unit,602184,40878
Fully-functional,Eshimukoko Health Centre,Marama North,Butere,Butere,Kakamega,Shitari Community Health Unit,600626,39458
Fully-functional,Eshimukoko Health Centre,Marama North,Butere,Butere,Kakamega,Bushitinji Community Health Unit,600609,40184
semi-functional,Randung' Dispensary,West Gem,Rangwe,Rangwe,Homa Bay,Kanyanjwa Community Health Unit,602360,40878
semi-functional,Randung' Dispensary,West Gem,Rangwe,Rangwe,Homa Bay,Kamagawi Community Health Unit,602293,40878
semi-functional,Randung' Dispensary,West Gem,Rangwe,Rangwe,Homa Bay,Komolo Community Health Unit (Duplicate),601199,40878
Fully-functional,Isinet Health Centre,Imbrikani/Eselelnkei,Kajiado South,Loitokitok,Kajiado,Isinet Community Health Unit,600963,39995
semi-functional,Kenyerere Health Centre (Nyamira),Bonyamatuta,West Mugirango,Nyamira,Nyamira,Kebirigo Community Health Unit,602810,40848
Fully-functional,Gatithi Dispensary,Kiine,Ndia,Kirinyaga West,Kirinyaga,Mukui Community Health Unit,601436,40756
Fully-functional,Gatithi Dispensary,Kiine,Ndia,Kirinyaga West,Kirinyaga,Kibingoti Community Health Unit,601433,40238
Fully-functional,Mulaha Dispensary,Siaya Township,Alego Usonga,Alego Usonga,Siaya,Mulaha Community Health Unit,600438,40787
Fully-functional,Uriri Dispensary,West Gem,Gem,Gem,Siaya,Uriri Community Health Unit,600053,40878
Fully-functional,OBER OGUNGA DISPENSARY,North Alego,Alego Usonga,Alego Usonga,Siaya,Nyalgunga Community Health Unit,600442,40756
Fully-functional,Kaluo Health Centre,North Alego,Alego Usonga,Alego Usonga,Siaya,Komolo Community Health Unit,600435,40299
Fully-functional,Kaluo Health Centre,North Alego,Alego Usonga,Alego Usonga,Siaya,Hono Community Health Unit,600424,40299
Fully-functional,Nyangande Sub County Hospital,Kabonyo/Kanyagwai,Nyando,Nyando,Kisumu,Nduru Community Health Unit,600098,40756
Fully-functional,Nyangande Sub County Hospital,Kabonyo/Kanyagwai,Nyando,Nyando,Kisumu,Kwakungu Community Health Unit,600093,40756
Fully-functional,Nyangande Sub County Hospital,Kabonyo/Kanyagwai,Nyando,Nyando,Kisumu,Kolal Community Health Unit,600091,39995
Fully-functional,Nyangande Sub County Hospital,Kabonyo/Kanyagwai,Nyando,Nyando,Kisumu,Kapiyo Community Health Unit,600088,40756
Fully-functional,Nyangande Sub County Hospital,Kabonyo/Kanyagwai,Nyando,Nyando,Kisumu,Kadhiambo Community Health Unit,600085,40756
Fully-functional,Nyangande Sub County Hospital,Kabonyo/Kanyagwai,Nyando,Nyando,Kisumu,Irrigation Scheme Community Health Unit,600083,40634
Fully-functional,Nyangande Sub County Hospital,Kabonyo/Kanyagwai,Nyando,Nyando,Kisumu,Ugwe Community Health Unit,600108,40756
Fully-functional,Nyangande Sub County Hospital,Kabonyo/Kanyagwai,Nyando,Nyando,Kisumu,Central Bwanda Community Health Unit,600082,40634
Fully-functional,Nyathengo Dispensary,North Alego,Alego Usonga,Alego Usonga,Siaya,Olwa Community Health Unit,602299,40848
semi-functional,Dida Dispensary,Sokoke,Ganze,Ganze,Kilifi,Dida Community Health Unit,601762,39965
Fully-functional,Tuiyotich Dispensary,Mauche,Njoro,Njoro,Nakuru,Loitepes Community Health Unit,601141,40940
Fully-functional,Upendo Dispensary,Hospital,Mathare,Mathare,Nairobi,Mathare 4b Community Health Unit,601700,40848
Fully-functional,Kenyerere Sub County Hospital,Sameta/Mokwerero,Bobasi,Bobasi,Kisii,Kiongongi Community Health Unit,602938,39995
Fully-functional,Kenyerere Sub County Hospital,Sameta/Mokwerero,Bobasi,Bobasi,Kisii,Kenyerere Community Health Unit,602937,39995
non-functinoal,Alimaow Health Centre,Township,Wajir East,Wajir East,Wajir,Alimaow Community Health Unit,601716,39022
Fully-functional,Kogelo Dispensary,South East Alego,Alego Usonga,Alego Usonga,Siaya,Kogelo Community Health Unit,602369,39814
Fully-functional,Kogelo Dispensary,South East Alego,Alego Usonga,Alego Usonga,Siaya,Pap Oriang Community Health Unit,602364,40848
Fully-functional,Rabar Health Centre,West Alego,Alego Usonga,Alego Usonga,Siaya,Komenya Kowala Community Health Unit,600434,39934
Fully-functional,Rabar Health Centre,West Alego,Alego Usonga,Alego Usonga,Siaya,Komenya Kalaka Community Health Unit,600433,40664
Fully-functional,Rabar Health Centre,West Alego,Alego Usonga,Alego Usonga,Siaya,Kalkada Community Health Unit,600426,40756
Fully-functional,Mwer Dispensary,West Alego,Alego Usonga,Alego Usonga,Siaya,Mahola Ulane Community Health Unit,600436,40756
non-functinoal,Mwer Dispensary,West Alego,Alego Usonga,Alego Usonga,Siaya,Kodiere Community Health Unit,600432,40756
Fully-functional,Marereni Dispensary,Adu,Magarini,Magarini,Kilifi,Marereni Community Health Unit,601829,40422
Fully-functional,Bar Olengo Dispensary,South East Alego,Alego Usonga,Alego Usonga,Siaya,Bar-olengo Community Health Unit,600422,41244
non-functinoal,Kanyenyaini Health Centre,Kanyenya-ini,Kangema,Kangema,Muranga,Ngoeini Community Health Unit,601336,40360
non-functinoal,Kanyenyaini Health Centre,Kanyenya-ini,Kangema,Kangema,Muranga,Kanyenyaini Community Health Unit,601327,39539
Fully-functional,Gathaithi Dispensary,Murarandia,Kiharu,Kiharu,Muranga,Kaganda Community Health Unit,601301,40118
Fully-functional,Gakurungu Dispensary,Chiakagira,Tharaka,Tharaka South,Tharaka Nithi,Gakurungu Community Health Unit,602158,40725
Fully-functional,Arjijo Dispensary,Mugogodo East,Laikipia North,Laikipia North,Laikipia,Makurian Community Health Unit,602722,41456
Fully-functional,Island Farms Dispensary,Kabaru,Kieni,Kieni East,Nyeri,Island Farm Community Health Unit,601353,40118
Fully-functional,Bokole CDF Dispensary,Airport,Changamwe,Changamwe,Mombasa,Wayani Community Health Unit,601795,40299
Fully-functional,Bokole CDF Dispensary,Airport,Changamwe,Changamwe,Mombasa,Bokole Community Health Unit,601785,39904
Fully-functional,Shiloh Nursing Clinic,Frere Town,Nyali,Nyali,Mombasa,Motope Community Health Unit,601801,40148
Fully-functional,Shiloh Nursing Clinic,Frere Town,Nyali,Nyali,Mombasa,Chengoni Community Health Unit,601796,40634
non-functinoal,Wanganga Health Centre,Awasi/Onjiko,Nyando,Nyando,Kisumu,Wang'anga Community Health Unit,600303,40756
Fully-functional,Emali Model Health Centre,Emali/Mulala,Kibwezi West,Kibwezi West,Makueni,Emali Community Health Unit,602510,41153
semi-functional,Langi Kawino Dispensary,East Seme,Seme,Seme,Kisumu,Kitmikayi Community Health Unit,600120,39456
Fully-functional,Railway Dispensary,Shimanzi/Ganjoni,Mvita,Mvita,Mombasa,Shimanzi Community Health Unit,601848,39934
Fully-functional,Maragua District Hospital,Nginda,Maragwa,muranga south,Muranga,Mbungua Community Health Unit,601515,39873
Fully-functional,Maragua District Hospital,Nginda,Maragwa,muranga south,Muranga,Kianjiru-ini Community Health Unit,601511,40118
semi-functional,Maragua District Hospital,Nginda,Maragwa,muranga south,Muranga,Gakoigo Community Health Unit,601497,40210
Fully-functional,Kihara Sub County Hospital,Kihara,Kiambaa,Kiambaa,Kiambu,Ndenderu Community Health Unit,601345,40452
Fully-functional,Kihara Sub County Hospital,Kihara,Kiambaa,Kiambaa,Kiambu,Kihara Community Health Unit,601344,39965
Fully-functional,Taveta District Hospital,Bomani,Taveta,Taveta,Taita Taveta,Bomeni Community Health Unit,602842,40919
Fully-functional,Magutuni District Hospital,Mwimbi,Maara,Mwimbi,Tharaka Nithi,Magutuni Community Health Unit,602022,39539
Fully-functional,Mwatate Sub-District Hospital,Chawia,Mwatate,Mwatate,Taita Taveta,Sungululu Shigharo Community Health Unit,601880,40980
Fully-functional,Mwatate Sub-District Hospital,Chawia,Mwatate,Mwatate,Taita Taveta,Mruru Maganga Community Health Unit,602571,39264
semi-functional,Mwatate Sub-District Hospital,Chawia,Mwatate,Mwatate,Taita Taveta,Mwambirwa Community Health Unit,602853,41091
Fully-functional,Nanyuki District Hospital,Nanyuki,Laikipia East,Laikipia East,Laikipia,Majengo Nanyuki Community Health Unit,602946,41163
semi-functional,Naivasha District Hospital,Viwandani,Naivasha,Naivasha,Nakuru,Kihoto-lake View Community Health Unit,601025,40909
semi-functional,Naivasha District Hospital,Viwandani,Naivasha,Naivasha,Nakuru,Kabati-site Community Health Unit,601021,40909
non-functinoal,Kocholwo Sub County Hospital,Soy South,Keiyo South,Keiyo South,Elgeyo Marakwet,Kocholwo Community Health Unit,602478,40916
Fully-functional,Kapenguria County Referral Hospital,Kapenguria,Kapenguria,West Pokot,West Pokot,Chewoyet Community Health Unit,601246,40575
Fully-functional,Kapedo Sub County Hospital,Kapedo/Napeitom,Turkana East,Turkana East,Turkana,Kapedo Community Health Unit,602892,41306
Fully-functional,Katilu Health Centre,Katilu,Turkana South,Turkana South,Turkana,Katilu Community Health Unit,602891,41000
semi-functional,Bahati District Hospital,Bahati,Bahati,Nakuru North,Nakuru,Ahero Community Health Unit,602341,40940
Fully-functional,Malava Sub County Hospital,Shirungu-mugai,Malava,Malava,Kakamega,Shivikhwa Community Health Unit,600710,39814
Fully-functional,Wamba Health Centre,Wamba East,Samburu East,Samburu East,Samburu,Matakwani Community Health Unit,602949,41270
semi-functional,Tambach Sub-County Hospital,Tambach,Keiyo North,Keiyo North,Elgeyo Marakwet,Kiptuilong Community Health Unit,600924,40422
semi-functional,Shibwe Sub-County Hospital,Idakho Central,Ikolomani,Ikolomani,Kakamega,Shibwe Community Health Unit,600724,39842
Fully-functional,Shibwe Sub-County Hospital,Idakho Central,Ikolomani,Ikolomani,Kakamega,Malinya Community Health Unit,600716,40634
Fully-functional,Baragoi Sub-County Hospital,El-barta,Samburu North,Samburu North,Samburu,Bendera Community Health Unit,602834,41535
Fully-functional,Marigat Sub District Hospital,Marigat,Baringo South,Marigat,Baringo,Kampi Turkana Community Health Unit,602881,41030
Fully-functional,Iten County Referral Hospital,Kapchemutwa,Keiyo North,Keiyo North,Elgeyo Marakwet,Irong Community Health Unit,600918,40544
Fully-functional,Eldama Ravine District Hospital,Ravine,Eldama Ravine,Koibatek,Baringo,Shauri Community Health Unit,602748,41030
semi-functional,Eldama Ravine District Hospital,Ravine,Eldama Ravine,Koibatek,Baringo,Poror Community Health Unit,601014,40878
Fully-functional,Sio Port Sub County Hospital,Ageng'a Nanguba,Funyula,Samia,Busia,Nanderema Community Health Unit,600779,39452
Fully-functional,Sio Port Sub County Hospital,Ageng'a Nanguba,Funyula,Samia,Busia,Hakati Community Health Unit,600770,39452
Fully-functional,Sio Port Sub County Hospital,Ageng'a Nanguba,Funyula,Samia,Busia,Bujwang'a Community Health Unit,600764,41030
Fully-functional,Teso North Sub county Hospital,Malaba South,Teso North,Teso North,Busia,Okuleu Community Health Unit,600807,40940
Fully-functional,Teso North Sub county Hospital,Malaba South,Teso North,Teso North,Busia,Kokare Community Health Unit,600804,40940
Fully-functional,Teso North Sub county Hospital,Malaba South,Teso North,Teso North,Busia,Kocholya Community Health Unit,600803,40940
Fully-functional,Teso North Sub county Hospital,Malaba South,Teso North,Teso North,Busia,Amagoro Community Health Unit,600793,40940
semi-functional,Iguhu Sub County Hospital,Idakho East,Ikolomani,Ikolomani,Kakamega,Makhokho Healthworkers And Psychosocial Self Help Group Community Health Unit,600715,39816
Fully-functional,Bokoli Hospital,Bokoli,Webute West,Webuye West,Bungoma,Bokoli A Community Health Unit,600545,39815
semi-functional,Saboti Sub County Hospital,Saboti,Saboti,Saboti,Trans Nzoia,Kapretwa Community Health Unit,602344,40695
semi-functional,Saboti Sub County Hospital,Saboti,Saboti,Saboti,Trans Nzoia,Muroki Community Health Unit,602308,40210
semi-functional,Saboti Sub County Hospital,Saboti,Saboti,Saboti,Trans Nzoia,Sukwo Community Health Unit,602268,39845
non-functinoal,Kaptarakwa Sub-District Hospital,Kaptarakwa,Keiyo South,Keiyo South,Elgeyo Marakwet,Kaptarakwa Community Health Unit,602472,40916
Fully-functional,Meteitei Sub-District Hospital,Tinderet,Tinderet,Tinderet,Nandi,Maraba Community Health Unit,601187,40909
Fully-functional,Meteitei Sub-District Hospital,Tinderet,Tinderet,Tinderet,Nandi,Kamelilo Community Health Unit,601185,40909
semi-functional,Rumuruti District Hospital,Rumuruti Township,Laikipia West,Laikipia West,Laikipia,Rumuruti Community Health Unit,600956,40179
Fully-functional,Kapsara Sub County Hospital,Makutano,Cherangany,Cherangany,Trans Nzoia,Michai Community Health Unit,602726,41091
Fully-functional,Kapsara Sub County Hospital,Makutano,Cherangany,Cherangany,Trans Nzoia,Kapolet Community Health Unit,602723,40603
Fully-functional,Kapsara Sub County Hospital,Makutano,Cherangany,Cherangany,Trans Nzoia,Kirita Community Health Unit,601210,39845
non-functinoal,Ololulunga District Hospital,Ololulung'a,Narok South,Narok South,Narok,Ololulunga Community Health Unit,601133,41061
Fully-functional,Alupe Sub County Referral Hospital,Ang'orom,Teso South,Teso South,Busia,Ongariama Community Health Unit,602832,41426
Fully-functional,Alupe Sub County Referral Hospital,Ang'orom,Teso South,Teso South,Busia,Alupe Community Health Unit,602823,41306
non-functinoal,Topcare Nursing Home,Oloosirkon/Sholinke,Kajiado East,Kajiado East,Kajiado,Shangia Community Health Unit,601757,40238
Fully-functional,Bugamangi Dispensary,Central Maragoli,Vihiga,Vihiga,Vihiga,Magui Community Health Unit,600817,40547
Fully-functional,Iduku Dispensary,Lugaga-wamuluma,Vihiga,Vihiga,Vihiga,Lower Mbihi Community Health Unit,600816,40182
semi-functional,Munoywa Dispensary,Lyaduywa/Izava,Sabatia,Sabatia,Vihiga,Munoywa Community Health Unit,600760,40878
semi-functional,Nadanya Dispensary,Lyaduywa/Izava,Sabatia,Sabatia,Vihiga,Demesi Community Health Unit,602389,40184
Fully-functional,Bugina Health Centre,Busali,Sabatia,Sabatia,Vihiga,Budaywa Community Health Unit,602715,41244
Fully-functional,Bugina Health Centre,Busali,Sabatia,Sabatia,Vihiga,Budira Community Health Unit,602671,41061
Fully-functional,Mulele Dispensary,Mungoma,Vihiga,Vihiga,Vihiga,Vunadi Community Health Unit,600819,40551
Fully-functional,Mbale Rural Health Training Centre,Lugaga-wamuluma,Vihiga,Vihiga,Vihiga,Kegoye Community Health Unit,600815,40179
semi-functional,Mbale Rural Health Training Centre,Lugaga-wamuluma,Vihiga,Vihiga,Vihiga,Chango Community Health Unit,602385,40912
semi-functional,Kegondi Health Centre,West Sabatia,Sabatia,Sabatia,Vihiga,Wanondi Community Health Unit,600761,40878
Fully-functional,Vihiga Health Centre,Central Maragoli,Vihiga,Vihiga,Vihiga,Kidundu Community Health Unit,600814,40553
Fully-functional,Vihiga Health Centre,Central Maragoli,Vihiga,Vihiga,Vihiga,Emanda A Community Health Unit,600812,40552
Fully-functional,Musunguti Dispensary,Mungoma,Vihiga,Vihiga,Vihiga,Vugulu Community Health Unit,600818,39825
Fully-functional,Enzaro Health Centre,South Maragoli,Vihiga,Vihiga,Vihiga,Ideleri Community Health Unit,600813,39818
Fully-functional,Enzaro Health Centre,South Maragoli,Vihiga,Vihiga,Vihiga,Chagenda Community Health Unit,600811,40554
Fully-functional,Chamakanga Mission,Busali,Sabatia,Sabatia,Vihiga,Chamakanga Community Health Unit,602625,41275
Fully-functional,Budalangi Dispensary,Bunyala North,Budalangi,Bunyala,Busia,Bundalangi Community Health Unit,600587,40909
Fully-functional,Bulwani Dispensary,Bunyala South,Budalangi,Bunyala,Busia,Bulwani Community Health Unit,600586,40909
Fully-functional,Rukala Model Health Centre,Bunyala South,Budalangi,Bunyala,Busia,Rugunga Community Health Unit,600597,40909
Fully-functional,Rukala Model Health Centre,Bunyala South,Budalangi,Bunyala,Busia,Mabinju Community Health Unit,600589,40909
Fully-functional,Rukala Model Health Centre,Bunyala South,Budalangi,Bunyala,Busia,Lugale Community Health Unit,600588,40909
Fully-functional,Rukala Model Health Centre,Bunyala South,Budalangi,Bunyala,Busia,Rukala Community Health Unit,602274,40181
Fully-functional,Sisenye Dispensary,Bunyala North,Budalangi,Bunyala,Busia,Sisenye Community Health Unit,600599,40909
Fully-functional,Sisenye Dispensary,Bunyala North,Budalangi,Bunyala,Busia,Mundere Community Health Unit,600594,40909
Fully-functional,Sisenye Dispensary,Bunyala North,Budalangi,Bunyala,Busia,Bulemia Community Health Unit,600585,40909
Fully-functional,Sirimba Dispensary,Bunyala North,Budalangi,Bunyala,Busia,Ruambwa Community Health Unit,600596,40909
Fully-functional,Budalangi Dispensary,Bunyala North,Budalangi,Bunyala,Busia,Mudembi Community Health Unit,600593,40909
Fully-functional,Mukhobola Health Centre,Bunyala Central,Budalangi,Bunyala,Busia,Magombe East Community Health Unit,600592,40909
Fully-functional,Mukhobola Health Centre,Bunyala Central,Budalangi,Bunyala,Busia,Magombe Central Community Health Unit,600591,40909
Fully-functional,Mukhobola Health Centre,Bunyala Central,Budalangi,Bunyala,Busia,Magombe Community Health Unit,600590,40181
Fully-functional,Port Victoria Hospital,Bunyala West,Budalangi,Bunyala,Busia,Siginga Community Health Unit,600598,40909
Fully-functional,Port Victoria Hospital,Bunyala West,Budalangi,Bunyala,Busia,Bukoma Community Health Unit,600584,40909
Fully-functional,Port Victoria Hospital,Bunyala West,Budalangi,Bunyala,Busia,Bukani Community Health Unit,600583,40909
Fully-functional,Lwandeti Dispensary,Lwandeti,Lugari,Lugari,Kakamega,Mabuye Community Health Unit,602718,41122
semi-functional,St Charles Lwanga Health Centre,Chekalini,Lugari,Lugari,Kakamega,Koromaiti Community Health Unit,602551,41153
Fully-functional,Maturu Dispensary,Lwandeti,Lugari,Lugari,Kakamega,Maturu Community Health Unit,600745,40878
semi-functional,Lumani Dispensary,Chevaywa,Lugari,Lugari,Kakamega,Kulumbeni Community Health Unit,600744,40184
Fully-functional,Marakusi Dispensary,Lugari,Lugari,Lugari,Kakamega,Marakusi Community Health Unit,600742,40878
semi-functional,Marakusi Dispensary,Lugari,Lugari,Lugari,Kakamega,Marula Community Health Unit,602554,41244
semi-functional,Marakusi Dispensary,Lugari,Lugari,Lugari,Kakamega,Manyonyi Community Health Unit,602553,41244
Fully-functional,Soy Sambu Dispensary,Sango,Likuyani,Likuyani,Kakamega,Mawetatu Community Health Unit,602713,41244
semi-functional,Mumias Model Health Centre,Mumias Central,Mumias West,Mumias West,Kakamega,Township Community Health Unit,600756,40603
semi-functional,Mumias Model Health Centre,Mumias Central,Mumias West,Mumias West,Kakamega,Matawa Community Health Unit,600755,40603
semi-functional,Mumias Model Health Centre,Mumias Central,Mumias West,Mumias West,Kakamega,Masinjira Community Health Unit,600754,39814
semi-functional,Mumias Model Health Centre,Mumias Central,Mumias West,Mumias West,Kakamega,Eshihaka Community Health Unit,600751,39814
Fully-functional,Khaunga Dispensary,East Wanga,Mumias East,Mumias East,Kakamega,Khaunga Community Health Unit,600752,39845
Fully-functional,Sango Dispensary,Sango,Likuyani,Likuyani,Kakamega,Sango A Community Health Unit,600738,40878
semi-functional,Mung'ung'u Dispensary,Koyonzo,Matungu,Matungu,Kakamega,Nanyeni Community Health Unit,600749,39449
semi-functional,Namulungu Dispensary,Kholera,Matungu,Matungu,Kakamega,Namulungu Community Health Unit,600748,40603
Fully-functional,Shibanze Dispensary,Kholera,Matungu,Matungu,Kakamega,Kholera Community Health Unit,602225,40634
Fully-functional,Seregeya Dispensary,Likuyani,Likuyani,Likuyani,Kakamega,Aligula Community Health Unit,600739,40878
Fully-functional,Seregeya Dispensary,Likuyani,Likuyani,Likuyani,Kakamega,Seregeya Community Health Unit,602717,40878
Fully-functional,Eluche,East Wanga,Mumias East,Mumias East,Kakamega,Eluche Community Health Unit,602556,40544
Fully-functional,Lugari Forest Dispensary,Lugari,Lugari,Lugari,Kakamega,Lugari Community Health Unit,600741,40184
semi-functional,Chekalini Health Centre,Chekalini,Lugari,Lugari,Kakamega,Chekalini Community Health Unit,602550,41244
semi-functional,Lunyito Dispensary,Lugari,Lugari,Lugari,Kakamega,Lunyito Community Health Unit,602555,41244
non-functinoal,Bukaya Health Centre,Etenje,Mumias West,Mumias West,Kakamega,Emukhuwa Community Health Unit,600750,40575
Fully-functional,Matete Health Centre,Chevaywa,Lugari,Lugari,Kakamega,Kiliboti B Community Health Unit,602712,41091
Fully-functional,Matete Health Centre,Chevaywa,Lugari,Lugari,Kakamega,Kiliboti A Community Health Unit,602710,41091
semi-functional,Khalaba Health Centre,Khalaba,Matungu,Matungu,Kakamega,Musamba Community Health Unit,600747,40575
semi-functional,Lusheya Health Centre,Lusheya/Lubinu,Mumias East,Mumias East,Kakamega,Lubinu Community Health Unit,600753,39820
Fully-functional,Mabusi Health Centre,Nzoia,Likuyani,Likuyani,Kakamega,Vinyenya Community Health Unit,600740,40184
Fully-functional,Kongoni Health Centre,Kongoni,Likuyani,Likuyani,Kakamega,Kongoni Community Health Unit,602659,41244
Fully-functional,Matungu Sub-County Hospital,Mayoni,Matungu,Matungu,Kakamega,Mayoni Community Health Unit,602716,41091
Fully-functional,Matunda Sub-District Hospital,Nzoia,Likuyani,Likuyani,Kakamega,Matunda Community Health Unit,602820,41275
Fully-functional,Kaibei Dispensary,Matumbei,Endebess,Endebess,Trans Nzoia,Salama Community Health Unit,600949,40238
non-functinoal,Kaibei Dispensary,Matumbei,Endebess,Endebess,Trans Nzoia,Kaibei Community Health Unit,600931,41000
Fully-functional,Mt Elgon National Park Dispensary,Endebess,Endebess,Endebess,Trans Nzoia,Tulwop Kesis Community Health Unit,600950,40513
Fully-functional,Kaisagat Health Centre,Kwanza,Kwanza,Kwanza,Trans Nzoia,Karavs Community Health Unit,600936,40513
non-functinoal,Kaisagat Health Centre,Kwanza,Kwanza,Kwanza,Trans Nzoia,Kaisagat Community Health Unit,600932,40787
non-functinoal,Chepchoina Dispensary,Chepchoina,Endebess,Endebess,Trans Nzoia,Twiga Block One Community Health Unit,600951,39873
Fully-functional,Chepchoina Dispensary,Chepchoina,Endebess,Endebess,Trans Nzoia,Kiptogot Community Health Unit,600939,2010
Fully-functional,Chepchoina Dispensary,Chepchoina,Endebess,Endebess,Trans Nzoia,Kaptega Lower Community Health Unit,600935,40513
semi-functional,Chepchoina Dispensary,Chepchoina,Endebess,Endebess,Trans Nzoia,Twiga 2 Community Health Unit,602876,39995
non-functinoal,Kimondo Dispensary,Matumbei,Endebess,Endebess,Trans Nzoia,Mlimani Community Health Unit,600946,39873
semi-functional,Maridadi Dispensary,Kwanza,Kwanza,Kwanza,Trans Nzoia,Maridadi Community Health Unit,600945,40634
semi-functional,Maridadi Dispensary,Kwanza,Kwanza,Kwanza,Trans Nzoia,Gidea Community Health Unit,602877,39995
non-functinoal,Endebess Sub-County Hospital,Endebess,Endebess,Endebess,Trans Nzoia,Kuchek Community Health Unit,600941,40969
Fully-functional,Endebess Sub-County Hospital,Endebess,Endebess,Endebess,Trans Nzoia,Endebess Community Health Unit,600930,40634
Fully-functional,Endebess Sub-County Hospital,Endebess,Endebess,Endebess,Trans Nzoia,Endebess S Community Health Unit,602861,39995
Fully-functional,Endebess Sub-County Hospital,Endebess,Endebess,Endebess,Trans Nzoia,Kiptogot Community Health Unit,602858,39995
semi-functional,Kamkomani Dispensary,Mariakani,Kaloleni,Kaloleni,Kilifi,Kamkomani Community Health Unit,602357,40969
Fully-functional,Machungulu Dispensary,Akirang'ondu,Igembe Central,Igembe Central,Meru,Machungulu Community Health Unit,602639,41456
semi-functional,Makutano (PCEA) Medical Clinic (Trans Nzoia East),Makutano,Cherangany,Cherangany,Trans Nzoia,Biribiriet Community Health Unit,601196,40603
semi-functional,Athirunjine Runjine Dispensary,Athiru Ruujine,Igembe Central,Igembe Central,Meru,Thitha Community Health Unit,602644,41456
Fully-functional,Inkoirienito Dispensary,Suswa,Narok East,Narok East,Narok,Inkoirienito Community Health Unit,601102,40575
Fully-functional,Tata Hannah (African Christian Churches and School,Kangari,Kigumo,Kigumo,Muranga,Kanyagia Community Health Unit,601539,39753
non-functinoal,Ndubusat Bethel Dispensary,Chilchila,Kipkelion West,Kipkelion West,Kericho,Chepkechei Community Health Unit,602578,41449
non-functinoal,Ndubusat Bethel Dispensary,Chilchila,Kipkelion West,Kipkelion West,Kericho,Ndubusat Community Health Unit,602577,41449
Fully-functional,Patrician Dispensary,Ngeria,Kapseret,Kapseret,Uasin Gishu,Jasho Community Health Unit,601229,40422
semi-functional,Wusi-Wutesia (ACK) Dispensary,Wusi/Kishamba,Mwatate,Mwatate,Taita Taveta,Mruru Community Health Unit,601874,39387
Fully-functional,Namboboto Dispensary,Namboboto-nambuku,Funyula,Samia,Busia,Nyakhobi Community Health Unit,600780,39452
Fully-functional,Namboboto Dispensary,Namboboto-nambuku,Funyula,Samia,Busia,Mudoma Community Health Unit,600777,39452
Fully-functional,Namboboto Dispensary,Namboboto-nambuku,Funyula,Samia,Busia,Luanda Community Health Unit,600772,39452
Fully-functional,Namboboto Dispensary,Namboboto-nambuku,Funyula,Samia,Busia,Buloma Community Health Unit,600767,39452
semi-functional,Mogotio Catholic Dispensary,Mogotio,Mogotio,Mogotio,Baringo,Mogotio Community Health Unit,602803,41426
Fully-functional,Mununga Dispensary,Kinyona,Kigumo,Kigumo,Muranga,Gacharage Community Health Unit,601364,39904
non-functinoal,Chukura Dispensary,Kapkures,Soy,Soy,Uasin Gishu,Chukura Community Health Unit,600854,40330
non-functinoal,Kipsaos Dispensary,Metkei,Keiyo South,Keiyo South,Elgeyo Marakwet,Kapkwony Community Health Unit,602477,40916
non-functinoal,Entasekera Health Centre,Loita,Narok South,Narok South,Narok,Entesekera Community Health Unit,601117,40452
Fully-functional,Tamlega Dispensary,Lwandanyi,Sirisia,Sirisia,Bungoma,Sitabicha Community Health Unit,601279,40575
Fully-functional,Kobuya Dispensary,Wang'chieng,Karachuonyo,Karachuonyo,Homa Bay,Konuya West Community Health Unit,600357,40848
Fully-functional,Kobuya Dispensary,Wang'chieng,Karachuonyo,Karachuonyo,Homa Bay,Kobuya East Community Health Unit,600347,40848
Fully-functional,Murarandia Dispensary,Murarandia,Kiharu,Kiharu,Muranga,Theiri Community Health Unit,601304,40087
semi-functional,Nkondi Health centre,Nkondi,Tharaka,Tharaka South,Tharaka Nithi,Nkondi Community Health Unit,602374,41183
Fully-functional,Nkondi Health centre,Nkondi,Tharaka,Tharaka South,Tharaka Nithi,Matakiri Community Health Unit,602162,40756
Fully-functional,Nkondi Health centre,Nkondi,Tharaka,Tharaka South,Tharaka Nithi,Tumbura Community Health Unit,602157,40695
Fully-functional,Barwaqo Dispensary,Barwago,Wajir East,Wajir East,Wajir,Barwako Community Health Unit,601718,40603
semi-functional,Kaimbaga Dispensary,Kaimbaga,Ol Kalou,Olkalou,Nyandarua,Kiambaga Community Health Unit,601535,40787
semi-functional,Kaimbaga Dispensary,Kaimbaga,Ol Kalou,Olkalou,Nyandarua,Kandutura Community Health Unit,601534,38899
semi-functional,Chepkube Dispensary,Cheptais,Mt. Elgon,Cheptais,Bungoma,Chepkube Community Health Unit,600648,40184
semi-functional,Kiptagich Model Health centre,Kiptagich,Kuresoi South,Kuresoi South,Nakuru,Chebotai Community Health Unit,602287,40634
Fully-functional,Tiva Dispensary,Kyangwithya West,Kitui Central,Kitui Central,Kitui,Tiva Community Health Unit,602010,39845
Fully-functional,Kirima Dispensary,Shamata,Ndaragwa,Ndaragwa,Nyandarua,Kirima Community Health Unit,601541,39692
Fully-functional,Mtwapa Health Centre,Shimo La Tewa,Kilifi South,Kilifi South,Kilifi,Shimo La Tewa Community Health Unit,601780,41030
Fully-functional,Mtwapa Health Centre,Shimo La Tewa,Kilifi South,Kilifi South,Kilifi,Mtwapa Community Health Unit,601777,41030
Fully-functional,Mtwapa Health Centre,Shimo La Tewa,Kilifi South,Kilifi South,Kilifi,Kanamai B Community Health Unit,601767,40664
Fully-functional,Mtwapa Health Centre,Shimo La Tewa,Kilifi South,Kilifi South,Kilifi,Kanamai A Community Health Unit,601766,40664
Fully-functional,Sikulu Dispensary,Mukuyuni,Kabuchai,Kabuchai,Bungoma,Sikulu Community Health Unit,600543,40546
Fully-functional,Silibwet Health Centre (Nyandaruawest),Gathanji,Oljorook,Oljoroorok,Nyandarua,Silibwet Community Health Unit,601563,40725
semi-functional,Igena-Itambe Dispensary,Bosamaro,West Mugirango,Nyamira,Nyamira,Bigege Community Health Unit,600268,40725
semi-functional,Kieni Kia Ndege Dispensary,Igoji East,South Imenti,Imenti South,Meru,Nkumbo Community Health Unit,602626,43192
Fully-functional,Mabinju Dispensary,South Sakwa,Bondo,Bondo,Siaya,West Migwena Community Health Unit,600027,39090
Fully-functional,Kituluni Dispensary,Matungulu North,Matungulu,Matungulu,Machakos,Kituluni Community Health Unit,602061,40210
Fully-functional,Gaciongo Dispensary,Mukothima,Tharaka,Tharaka North,Tharaka Nithi,Irunduni Community Health Unit,602124,40664
Fully-functional,Masogo Dispensary,Kabondo West,Kabondo Kasipul,Kabondo Kasipul,Homa Bay,Kodumo West Community Health Unit,600387,40878
non-functinoal,Masogo Dispensary,Kabondo West,Kabondo Kasipul,Kabondo Kasipul,Homa Bay,Kilusi Community Health Unit,600384,40878
Fully-functional,Kibigori Health Centre,Chemelil,Muhoroni,Muhoroni,Kisumu,Kibigori Community Health Unit,600195,41000
semi-functional,Kibigori Health Centre,Chemelil,Muhoroni,Muhoroni,Kisumu,Sidho East 1 Community Health Unit,602668,41395
Fully-functional,Iltilal Health Centre,Kuku,Kajiado South,Loitokitok,Kajiado,Iltilal Community Health Unit,600962,39845
Fully-functional,Simbi Kogembo Dispensary,Central,Karachuonyo,Karachuonyo,Homa Bay,Kogwan Kawuor Community Health Unit,600352,40878
Fully-functional,Simbi Kogembo Dispensary,Central,Karachuonyo,Karachuonyo,Homa Bay,Kogembo Community Health Unit,600350,40878
Fully-functional,Lwanda Dispensary,North Kadem,Nyatike,Nyatike,Migori,Lwanda Community Health Unit,600309,40909
Fully-functional,Ganze Health Centre,Ganze,Ganze,Ganze,Kilifi,Petanguo Community Health Unit,601778,39873
Fully-functional,Ganze Health Centre,Ganze,Ganze,Ganze,Kilifi,Ganze Community Health Unit,601764,40634
Fully-functional,Bamba Sub-County Hospital,Bamba,Ganze,Ganze,Kilifi,Bamba Community Unit,602563,39873
semi-functional,Ganze Health Centre,Ganze,Ganze,Ganze,Kilifi,Tsangalaweni Community Health Unit,602562,40634
Fully-functional,Nyakegogi Dispensary,Bobasi Chache,Bobasi,Bobasi,Kisii,Nyakegogi Community Health Unit,602943,40969
non-functinoal,Olborosat Dispensary,Gathanji,Oljorook,Oljoroorok,Nyandarua,Gathunji Community Health Unit,601559,40940
Fully-functional,Etono Health Centre,Bomwagamo,North Mugirango,Nyamira North,Nyamira,Nyagwekao Community Health Unit,600284,40695
Fully-functional,Etono Health Centre,Bomwagamo,North Mugirango,Nyamira North,Nyamira,Mageri Community Health Unit,600280,40695
Closed,Etono Health Centre,Bomwagamo,North Mugirango,Nyamira North,Nyamira,Nyagwekoa Community Health Unit,602799,40695
semi-functional,Kanjuiri Dispensary,Kanjuiri Range,Ol Kalou,Olkalou,Nyandarua,Kanjuiri-ini Community Health Unit,602329,39661
semi-functional,Rodi Health Centre,East Seme,Seme,Seme,Kisumu,Kajulu Koker Community Health Unit,600119,39451
Fully-functional,Serawongo Dispensary,Central Sakwa,Bondo,Bondo,Siaya,Nyangoma B Community Health Unit,600018,39816
semi-functional,Suna Ragana Dispensary,Ragana-oruba,Suna West,Suna West,Migori,Suna Ragana Community Health Unit,600190,40180
Fully-functional,Lafaley Dispensary,Tarbaj,Tarbaj,Tarbaj,Wajir,Lafaley Community Health Unit,601723,40575
Fully-functional,Muhaka Health Centre,Kisa West,Khwisero,Khwisero,Kakamega,Doho Community Health Unit,602180,39448
Fully-functional,Olgulului Health Centre,Entonet/Lenkism,Kajiado South,Loitokitok,Kajiado,Olgulului Community Health Unit,600968,39845
semi-functional,Kaliku Dispensary,Mutitu/Kaliku,Kitui East,Kitui East,Kitui,Kaliku Community Health Unit,602296,40360
Fully-functional,Tunyai Health centre,Chiakagira,Tharaka,Tharaka South,Tharaka Nithi,Tunyai Community Health Unit,602164,40756
Fully-functional,Tunyai Health centre,Chiakagira,Tharaka,Tharaka South,Tharaka Nithi,Nkareni Community Health Unit,602163,40756
Fully-functional,Kibisi Dispensary,Mbakalo,Tongaren,Tongaren,Bungoma,Kibisi Community Health Unit,600567,40695
Fully-functional,Karaba Dispensary (Mbeere),Mwea,Mbeere South,Mbeere South,Embu,Karaba Community Health Unit,602070,40057
Fully-functional,Shimo La Tewa Annex Dispensary (GK Prison),Shanzu,Kisauni,Kisauni,Mombasa,Shanzu Community Health Unit,601847,40603
Fully-functional,Shimo La Tewa Annex Dispensary (GK Prison),Shanzu,Kisauni,Kisauni,Mombasa,Majaoni Community Health Unit,601841,39934
Fully-functional,Gikui Health Centre,Muguru,Kangema,Kangema,Muranga,Githunguri Community Health Unit,601325,40483
Fully-functional,Gikui Health Centre,Muguru,Kangema,Kangema,Muranga,Gikui Community Health Unit,601323,40483
Fully-functional,Bunde Health Centre,Ahero,Nyando,Nyando,Kisumu,Kakola Community Health Unit,600296,40695
non-functinoal,Bunde Health Centre,Ahero,Nyando,Nyando,Kisumu,Kachogo South Community Health Unit,600294,40695
Fully-functional,Naya Health Centre,South Uyoma,Rarieda,Rarieda,Siaya,Naya Upper Community Health Unit,602218,39817
Fully-functional,Kisima Health Centre,Lodokejek,Samburu Central,Samburu Central,Samburu,Kisima Community Health Unit,601010,39845
semi-functional,Kiboko Dispensary (Makindu),Makindu,Kibwezi West,Kibwezi West,Makueni,Kiboko Community Health Unit,602032,40634
Fully-functional,Kanyagwal Dispensary,Kabonyo/Kanyagwai,Nyando,Nyando,Kisumu,Ogenya Community Health Unit,600104,40634
Fully-functional,Kanyagwal Dispensary,Kabonyo/Kanyagwai,Nyando,Nyando,Kisumu,Anyuro Community Health Unit,600079,40634
Fully-functional,Muchagori Dispensary,Gaturi North,Manyatta,Manyatta,Embu,Kuvutiri Community Health Unit,601929,39600
Fully-functional,Malkagufu Dispensary,Malkagufu,Wajir North,Wajir North,Wajir,Malkagufu Community Health Unit,601735,40725
Fully-functional,Got Oyaro Dispensary,North Karachuonyo,Karachuonyo,Karachuonyo,Homa Bay,Koyumbre Community Health Unit,600363,40848
Fully-functional,Got Oyaro Dispensary,North Karachuonyo,Karachuonyo,Karachuonyo,Homa Bay,Kakoko Community Health Unit,600322,40848
non-functinoal,Argane Dispensary,Ibrahim Ure,Wajir South,Wajir South,Wajir,Argani Community Health Unit,602936,40634
non-functinoal,Kakeani Health Centre,Mutongoni,Kitui West,Kitui West,Kitui,Kangii Community Health Unit,602012,39692
Fully-functional,Bonde Dispensary,Central Nyakach,Nyakach,Nyakach,Kisumu,Kabodho West Community Health Unit,600253,40756
Fully-functional,Bonde Dispensary,Central Nyakach,Nyakach,Nyakach,Kisumu,Kabodho North Community Health Unit,600252,40756
semi-functional,Bonde Dispensary,Central Nyakach,Nyakach,Nyakach,Kisumu,Jimo West Community Health Unit,602740,41346
semi-functional,Ukia Dispensary,Ukia,Kaiti,Kaiti,Makueni,Ukia Community Health Unit,602525,40603
Fully-functional,Lukhuna Dispensary,Tongaren,Tongaren,Tongaren,Bungoma,Kiminini Community Health Unit,600568,40695
Fully-functional,Arombe Dispensary,Wiga,Suna West,Suna West,Migori,Arombe A Community Health Unit,600185,40878
semi-functional,Gakawa Dispensary,Gakawa,Kieni,Kieni East,Nyeri,Mirira Community Health Unit,601494,38899
Fully-functional,Gakawa Dispensary,Gakawa,Kieni,Kieni East,Nyeri,Kambirwa Community Health Unit,601491,38869
Fully-functional,Gakawa Dispensary,Gakawa,Kieni,Kieni East,Nyeri,Gikundu Community Health Unit,601490,38869
Fully-functional,Gakawa Dispensary,Gakawa,Kieni,Kieni East,Nyeri,Gakawa Community Health Unit,601350,39539
Fully-functional,Lwanda Health Centre (Kabuchai),Bwake/Luuya,Kabuchai,Kabuchai,Bungoma,Lwanda Community Health Unit,600542,40977
Fully-functional,Kibos Sugar Research Dispensary,Kajulu,Kisumu East,Kisumu East,Kisumu,Miwani West Community Health Unit,600097,40184
Fully-functional,Ebenezer Dispensary,Mbooni,Mbooni,Mbooni,Makueni,Ebenezer Community Health Unit,602152,40483
non-functinoal,New Tumaini Health Centre,Kanjuiri Range,Ol Kalou,Olkalou,Nyandarua,Upper Gilgil Community Health Unit,601482,40513
semi-functional,Gianchore Health Centre,Bogichora,West Mugirango,Nyamira,Nyamira,Timi Community Health Unit,600275,40695
semi-functional,Gianchore Health Centre,Bogichora,West Mugirango,Nyamira,Nyamira,Timi B Community Health Unit,602685,41487
semi-functional,Mgamboni Dispensary,Kaloleni,Kaloleni,Kaloleni,Kilifi,Kwale Community Health Unit,601567,39934
Closed,Ngangani Dispensary,Mbitini,Kitui Rural,Kitui Rural,Kitui,Ngangani Community Health Unit,602001,39539
non-functinoal,Wanjengi Health Centre,Wangu,Kiharu,Kiharu,Muranga,Wanjengi Community Health Unit,601305,39753
Fully-functional,Eberege Health Centre,Magenche,Bomachoge Borabu,Bomachoge Borabu,Kisii,Eberege Community Health Unit,602928,41091
semi-functional,Aneko Dispensary,Got Kachola,Nyatike,Nyatike,Migori,Aneko Community Health Unit,600305,40848
Fully-functional,Tamu Health Centre,Chemelil,Muhoroni,Muhoroni,Kisumu,Upper Tamu Community Health Unit,600200,39873
Fully-functional,Magodzoni Dispensary,Tiwi,Matuga,Matuga,Kwale,Simkumbe Community Health Unit,601812,39965
Fully-functional,Kibirigwi Health Centre,Kiine,Ndia,Kirinyaga West,Kirinyaga,Ngugu-ini Community Health Unit,601438,40940
non-functinoal,Amboseli Dispensary,Entonet/Lenkism,Kajiado South,Loitokitok,Kajiado,Amboseli Community Health Unit,601114,41000
Fully-functional,Ndemi Health Centre,Wanjohi,Kipipiri,Kipipiri,Nyandarua,Nyangiti Community Health Unit,601475,40513
Fully-functional,Kosele Dispensary,Kendu Bay Town,Karachuonyo,Karachuonyo,Homa Bay,Upper Kakwajuok Community Health Unit,600369,40848
Fully-functional,Kosele Dispensary,Kendu Bay Town,Karachuonyo,Karachuonyo,Homa Bay,Kanyadhiang Community Health Unit,600334,40848
Fully-functional,Taracha,Birongo,Nyaribari Chache,Nyaribari Chache,Kisii,Taracha Community Health Unit,602613,40725
Fully-functional,Getare Health Centre(Manga),Kamera,Kitutu Masaba,Manga,Nyamira,Kiabiraa Community Health Unit,602691,40217
Fully-functional,Ikobe Health Centre(Manga),Manga,Kitutu Masaba,Manga,Nyamira,Mwabosire Community Health Unit,602687,39638
semi-functional,Chesikaki Dispensary,Chesikaki,Mt. Elgon,Cheptais,Bungoma,Chesikaki Community Health Unit,600650,40817
Fully-functional,Mutyangome Dispensary,Nuu,Mwingi Central,Mwingi Central,Kitui,Mutyangome Community Health Unit,602112,40756
semi-functional,Modogashe Dispensary,Sericho,Isiolo South,Garbatulla,Isiolo,Sericho Community Health Unit,602390,40544
semi-functional,Modogashe Dispensary,Sericho,Isiolo South,Garbatulla,Isiolo,Modogashe Community Health Unit,602260,41061
semi-functional,Muusini Dispensary,Masii,Mwala,Mwala,Machakos,Muusini Community Health Unit,602382,40026
semi-functional,Muusini Dispensary,Masii,Mwala,Mwala,Machakos,Mumbuni Community Health Unit,602104,39873
semi-functional,Asat Beach Dispensary,West Seme,Seme,Seme,Kisumu,South Alungo Community Health Unit,600127,40575
Fully-functional,Gesure Health Centre (Manga),Manga,Kitutu Masaba,Manga,Nyamira,Nyakongo Community Health Unit,602686,39939
non-functinoal,Didewaride Dispensary,Witu,Lamu West,Lamu West,Lamu,Didewaride Community Health Unit,601814,40603
Fully-functional,Kiangoso Health Centre,Kamera,Kitutu Masaba,Manga,Nyamira,Kiangoso Community Health Unit,602694,40772
Closed,Ilika Dispensary,Kwavonza/Yatta,Kitui Rural,Kitui Rural,Kitui,Ilika Community Health Unit,602165,39845
Fully-functional,Bumutiru Dispensary,Marachi Central,Butula,Butula,Busia,Esikoma Community Health Unit,600640,39091
Fully-functional,Sacha Health Centre,Elgon,Mt. Elgon,Mt Elgon,Bungoma,Sacha Community Health Unit,602188,40878
Fully-functional,Gesure Dispensary (Sameta),Bobasi Chache,Bobasi,Bobasi,Kisii,Gesure Community Health Unit,602940,40422
Fully-functional,Ngalasia Dispensary,West Nalondo,Kabuchai,Kabuchai,Bungoma,Sirare Community Health Unit,600544,39816
Fully-functional,Madende Health Centre,Bukhayo East,Nambale,Nambale,Busia,Mungatsi A Community Health Unit,600758,40185
Fully-functional,King'orani Prison Dispensary,Shimanzi/Ganjoni,Mvita,Mvita,Mombasa,Mewa Community Health Unit,601842,40238
Fully-functional,King'orani Prison Dispensary,Shimanzi/Ganjoni,Mvita,Mvita,Mombasa,Kingorani Community Health Unit,601838,39934
Fully-functional,Ihuririo Dispensary,Iria-ini,Nyeri South,Nyeri South,Nyeri,Ihuririo Community Health Unit,601572,40575
semi-functional,Kimutwa Dispensary,Kalama,Machakos Town,Kalama,Machakos,Kyanzasu Community Health Unit,602026,40695
Fully-functional,Masongo Dispensary,Kisii Central,Nyaribari Chache,Nyaribari Chache,Kisii,Masongo Community Health Unit,602610,40422
semi-functional,Neema Medicare Centre,Township,Thika Town,Thika Town,Kiambu,Gakindu-ini Community Health Unit,601484,39783
Fully-functional,Ngathini Dispensary,Vanga,Lunga Lunga,Lunga Lunga,Kwale,Juhudi Community Health Unit,602249,40991
Fully-functional,Ngathini Dispensary,Vanga,Lunga Lunga,Lunga Lunga,Kwale,Maendeleo Community Health Unit,602243,40980
Fully-functional,Ngathini Dispensary,Vanga,Lunga Lunga,Lunga Lunga,Kwale,Mbuwani Community Health Unit,602761,41091
Fully-functional,Godo Dispensary,Mwereni,Lunga Lunga,Lunga Lunga,Kwale,Dzombo Community Health Unit,602751,41091
non-functinoal,Mwangulu Dispensary,Mwereni,Lunga Lunga,Lunga Lunga,Kwale,Mwangulu Community Health Unit,601863,41041
Fully-functional,Mwangulu Dispensary,Mwereni,Lunga Lunga,Lunga Lunga,Kwale,Mzizima Community Health Unit,602759,41091
Fully-functional,Kiangai Medical Clinic,Kiine,Ndia,Kirinyaga West,Kirinyaga,Kagio-ini Community Health Unit,601431,40483
Fully-functional,Cedar Medical Clinic (Kimana),Kimana,Kajiado South,Loitokitok,Kajiado,Kinyach Community Health Unit,601651,40664
Fully-functional,Ekerenyo Sub-District Hospital,Ekerenyo,North Mugirango,Nyamira North,Nyamira,Boisanga 1 Community Health Unit,600276,40787
Fully-functional,Nyamusi Sub-District Hospital,Bokeira,North Mugirango,Nyamira North,Nyamira,Egetonto Community Health Unit,600279,40026
Fully-functional,Mbeere District Hospital,Nthawa,Mbeere North,Mbeere North,Embu,Siakago Community Health Unit,602069,40057
Fully-functional,KDH,Bukira East,Kuria West,Kuria West,Migori,Igena Community Health Unit,600150,39965
semi-functional,Kiogoro,Kiogoro,Nyaribari Chache,Nyaribari Chache,Kisii,Boronyi Community Health Unit,600068,39600
Fully-functional,Navakholo Sub-District Hospital,Bunyala Central,Navakholo,Navakholo,Kakamega,Mukhweso Community Health Unit,602731,41244
semi-functional,Macalder Sub-County Hospital,Macalder/Kanyarwanda,Nyatike,Nyatike,Migori,Nyatike Community Health Unit,600311,40186
semi-functional,Rangwe Sub-District Hospital,West Gem,Rangwe,Rangwe,Homa Bay,Genga Community Health Unit(Duplicate),602426,40878
semi-functional,Rangwe Sub-District Hospital,West Gem,Rangwe,Rangwe,Homa Bay,Koyolo Community Health Unit(Duplicate),602257,40878
semi-functional,Rangwe Sub-District Hospital,West Gem,Rangwe,Rangwe,Homa Bay,Kajulo Community Health Unit(Duplicate),602154,40900
Fully-functional,Ntimaru Sub County Hospital,Ntimaru West,Kuria East,Kuria East,Migori,Ntimaru Community Health Unit,600145,40817
Fully-functional,Githongo District Hospital,Abothuguchi West,Central Imenti,Imenti Central,Meru,Marathi Community Health Unit,602083,39600
Fully-functional,Kegonga Sub County Hospital,Nyabasi East,Kuria East,Kuria East,Migori,Kegonga Community Health Unit,600141,40817
semi-functional,Homa Bay County Teaching and Referral Hospital,Homa Bay Central,Homa Bay Town,Homa Bay Town,Homa Bay,Arujo Community Health Unit,602441,40909
Fully-functional,Koduogo Dispensary,Homa Bay West,Homa Bay Town,Homa Bay Town,Homa Bay,Lower North Kanyabala Community Health Unit,602409,40848
Fully-functional,Homa Bay County Teaching and Referral Hospital,Homa Bay Central,Homa Bay Town,Homa Bay Town,Homa Bay,Township Community Health Unit,600102,40878
non-functinoal,Homa Bay County Teaching and Referral Hospital,Homa Bay Central,Homa Bay Town,Homa Bay Town,Homa Bay,Asego B Community Health Unit,602802,41456
non-functinoal,Homa Bay County Teaching and Referral Hospital,Homa Bay Central,Homa Bay Town,Homa Bay Town,Homa Bay,Asego A Community Health Unit,602800,41070
Fully-functional,Nyalkinyi Health Centre,Homa Bay East,Homa Bay Town,Homa Bay Town,Homa Bay,Lower Kobwola Kogwang Community Health Unit,602153,41070
Fully-functional,Homa Bay County Teaching and Referral Hospital,Homa Bay Central,Homa Bay Town,Homa Bay Town,Homa Bay,G.K Prison Community Health Unit,602961,41667
semi-functional,Ngao Sub County Hospital,Garsen South,Garsen,Garsen,Tana River,Misimo Community Health Unit,600559,41000
semi-functional,Kimbimbi Sub-District Hospital,Nyangati,Mwea,Kirinyaga South,Kirinyaga,Nyangati Community Health Unit,601523,40817
Fully-functional,Karungu Sub-County Hospital,Kachien'g,Nyatike,Nyatike,Migori,Sori Community Health Unit,602183,39821
semi-functional,Loitokitok Sub County Hospital,Kuku,Kajiado South,Loitokitok,Kajiado,Oloolopon Community Health Unit,600969,40603
Fully-functional,Masaba District Hospital,Rigoma,Kitutu Masaba,Masaba North,Nyamira,Nyasore Community Health Unit,602922,41030
semi-functional,Maralal District Hospital,Maralal,Samburu Central,Samburu Central,Samburu,Loikas Community Health Unit,601011,39845
semi-functional,Nyamira County Refferal Hospital,Township,West Mugirango,Nyamira,Nyamira,Nyamira Township B Community Health Unit,600274,40848
semi-functional,Nyamira County Refferal Hospital,Township,West Mugirango,Nyamira,Nyamira,Nyamira Township B2 Community Health Unit,602684,41487
Fully-functional,Muthara Sub-District Hospital,Muthara,Tigania East,Tigania East,Meru,Kitharene Community Health Unit,602129,39600
Fully-functional,Lanyiru Dispensary,Muthara,Tigania East,Tigania East,Meru,Athing'a Community Health Unit,602969,41548
Fully-functional,Muthara Sub-District Hospital,Muthara,Tigania East,Tigania East,Meru,Athanja Community Health Unit,602966,41548
Fully-functional,Wajir County Referral Hospital,Wagberi,Wajir East,Wajir East,Wajir,Waberi Community Health Unit,601726,40603
Fully-functional,Mbagathi District Hospital,Woodley/Kenyatta Golf Course,Kibra,Kibra,Nairobi,Golf Course Community Health Unit,601608,40980
Fully-functional,Jaramogi Oginga Odinga Teaching & Referral Hospital,Kondele,Kisumu Central,Kisumu Central,Kisumu,Kanyakwar Community Health Unit,600106,40756
Fully-functional,Kakamega County General Hospital,Shirere,Lurambi,Lurambi,Kakamega,Shirere A Community Health Unit,602773,41061
semi-functional,Kisii Teaching And Referral Hospital (Level 6),Kitutu Central,Kitutu Chache South,Kitutu Chache South,Kisii,Township United Community Health Unit,600072,40848
semi-functional,Machakos County Referral Hospital,Machakos Central,Machakos Town,Machakos,Machakos,Kitanga Community Health Unit,602024,40057
Fully-functional,Yokia Dispensary,Mfangano Island,Mbita,Mbita,Homa Bay,Waware Community Health Unit,600183,39264
Fully-functional,Nyadenda Health Centre,Ruma-kaksingiri East,Suba,Suba South,Homa Bay,Sumba East Community Health Unit,600468,40725
Fully-functional,Nyadenda Health Centre,Ruma-kaksingiri East,Suba,Suba South,Homa Bay,Nyadenda Community Health Unit,600455,40725
Fully-functional,Waware Dispensary,Rusinga Island,Mbita,Mbita,Homa Bay,Waware North A Community Health Unit,602168,39539
Fully-functional,Waware Dispensary,Rusinga Island,Mbita,Mbita,Homa Bay,Waware South Community Health Unit,600184,40269
Fully-functional,Waware Dispensary,Rusinga Island,Mbita,Mbita,Homa Bay,Waware North B Community Health Unit,602867,41051
semi-functional,Ang'iya Dispensary,Kasgunga,Mbita,Mbita,Homa Bay,Kasgunga East Community Health Unit,602286,39995
Fully-functional,Usao Health Centre,Gembe,Mbita,Mbita,Homa Bay,Usao Community Health Unit,600178,40848
Fully-functional,Usao Health Centre,Gembe,Mbita,Mbita,Homa Bay,Ngodhe Community Health Unit,600170,40848
Fully-functional,Kamasengere Dispensary,Rusinga Island,Mbita,Mbita,Homa Bay,Kamasengre West Community Health Unit,600163,40848
Fully-functional,Kamasengere Dispensary,Rusinga Island,Mbita,Mbita,Homa Bay,Kamasengre East Community Health Unit,600162,40848
Fully-functional,Ponge Dispensary (Mbita),Gembe,Mbita,Mbita,Homa Bay,Kamreri West Community Health Unit,600165,40848
Fully-functional,Lwanda Gwassi Dispensary,Gwassi South,Suba,Suba South,Homa Bay,Owich Community Health Unit,600462,40360
Closed,Wakula Health Centre,Mfangano Island,Mbita,Mbita,Homa Bay,Wakula South Community Health Unit,600180,40848
Fully-functional,St Mercelline Roo Dispensary (Suba),Kaksingiri West,Suba,Suba South,Homa Bay,Rangwa West Community Health Unit,600464,40695
Fully-functional,St Mercelline Roo Dispensary (Suba),Kaksingiri West,Suba,Suba South,Homa Bay,Malongo Community Health Unit,600454,40725
Fully-functional,Kigwa Dispensary,Gwassi South,Suba,Suba South,Homa Bay,Seka Community Health Unit,600466,39083
Fully-functional,Kigwa Dispensary,Gwassi South,Suba,Suba South,Homa Bay,Kibwer Community Health Unit,600450,40848
Fully-functional,Ndhuru Dispensary,Lambwe,Mbita,Mbita,Homa Bay,Nyamaji West Community Health Unit,600172,40848
Fully-functional,Ndhuru Dispensary,Lambwe,Mbita,Mbita,Homa Bay,Nyamaji East Community Health Unit,600171,40848
Fully-functional,Lambwe Dispensary,Lambwe,Mbita,Mbita,Homa Bay,God Jope Community Health Unit,600161,40878
Fully-functional,Kisaku Dispensary,Gwassi North,Suba,Suba South,Homa Bay,Kisaku Community Health Unit,600451,40725
Fully-functional,Obalwanda Dispensary,Gembe,Mbita,Mbita,Homa Bay,Kamreri East Community Health Unit,600164,40848
Fully-functional,Nyandiwa Level IV Hospital,Gwassi North,Suba,Suba South,Homa Bay,Nyandiwa Lower Community Health Unit,600460,40725
Fully-functional,Soklo Dispensary,Mfangano Island,Mbita,Mbita,Homa Bay,Soklo South Community Health Unit,600177,40848
Fully-functional,Soklo Dispensary,Mfangano Island,Mbita,Mbita,Homa Bay,Soklo North Community Health Unit,600176,40848
Fully-functional,Nyamrisra Health Centre,Kaksingiri West,Suba,Suba South,Homa Bay,Nyamrisra Community Health Unit,600458,39995
semi-functional,Wakula Health Centre,Mfangano Island,Mbita,Mbita,Homa Bay,Wakula North Community Health Unit,602414,40848
Fully-functional,Remba Dispensary,Mfangano Island,Mbita,Mbita,Homa Bay,Remba Community Health Unit,602868,41051
Fully-functional,Ugina Health Centre,Mfangano Island,Mbita,Mbita,Homa Bay,Nyamauwa Community Health Unit,602866,41051
Fully-functional,Seka Health Centre,Gwassi South,Suba,Suba South,Homa Bay,Lwala Lower Community Health Unit,600452,40725
Fully-functional,Msare Health Centre,Kaksingiri West,Suba,Suba South,Homa Bay,Rangwa East Community Health Unit,600463,39539
Fully-functional,Tom Mboya Memorial Sub-County Hospital,Rusinga Island,Mbita,Mbita,Homa Bay,Kaswanga Community Health Unit,600167,40725
Fully-functional,Godbura Health Centre,Gwassi South,Suba,Suba South,Homa Bay,Nyancha Community Health Unit,600459,40360
Fully-functional,Godbura Health Centre,Gwassi South,Suba,Suba South,Homa Bay,Kiabuya Community Health Unit,600449,40725
Fully-functional,Nyatoto Health Centre,Ruma-kaksingiri East,Suba,Suba South,Homa Bay,Nyatoto Community Health Unit,600461,39995
Fully-functional,Tonga Health Centre,Gwassi North,Suba,Suba South,Homa Bay,Tonga Lower Community Health Unit,601915,40848
Fully-functional,Kitare Health Centre,Gembe,Mbita,Mbita,Homa Bay,Waondo Community Health Unit,600182,40848
Fully-functional,Kitare Health Centre,Gembe,Mbita,Mbita,Homa Bay,Kayanja Community Health Unit,600168,40848
Fully-functional,Magunga Level IV Hospital,Gwassi South,Suba,Suba South,Homa Bay,Samba Community Health Unit,600465,39083
Fully-functional,Magunga Level IV Hospital,Gwassi South,Suba,Suba South,Homa Bay,Magunga Community Health Unit,600453,40725
Fully-functional,Sena Health Centre,Mfangano Island,Mbita,Mbita,Homa Bay,Wakinga Community Health Unit,600179,39539
Fully-functional,Mbita Sub-County Hospital,Kasgunga,Mbita,Mbita,Homa Bay,Mbita Township Community Health Unit,600169,40848
Fully-functional,Mbita Sub-County Hospital,Kasgunga,Mbita,Mbita,Homa Bay,Kasgunga Central Community Health Unit,600166,40848
Fully-functional,Mbita Sub-County Hospital,Kasgunga,Mbita,Mbita,Homa Bay,Township B Community Health Unit,602869,41051
Fully-functional,Suba Sub-Couty Hospital,Kaksingiri West,Suba,Suba South,Homa Bay,Sumba West Community Health Unit,600469,40756
Fully-functional,Suba Sub-Couty Hospital,Kaksingiri West,Suba,Suba South,Homa Bay,Sindo Rural Community Health Unit,600467,39934
Fully-functional,Suba Sub-Couty Hospital,Kaksingiri West,Suba,Suba South,Homa Bay,Nyamarandi Community Health Unit,600457,40756
semi-functional,Kisegi Sub-District Hospital,Gwassi North,Suba,Suba South,Homa Bay,Uterere Community Health Unit,600470,40026
Fully-functional,Kisegi Sub-District Hospital,Gwassi North,Suba,Suba South,Homa Bay,Nyagwethe Community Health Unit,600456,40695
Fully-functional,Ogongo Sub-County Hospital,Lambwe,Mbita,Mbita,Homa Bay,Ruri West Community Health Unit,600175,40848
Fully-functional,Ogongo Sub-County Hospital,Lambwe,Mbita,Mbita,Homa Bay,Ruri East Community Health Unit,600174,40848
Fully-functional,Ogongo Sub-County Hospital,Lambwe,Mbita,Mbita,Homa Bay,Ogongo Community Health Unit,600173,40848
non-functinoal,Kositei Dispensary,Ribkwo,Tiaty,East Pokot,Baringo,Kamusuk Community Health Unit,600830,41000
semi-functional,Kwale Dispensary,Kasikeu,Kilome,Kilome,Makueni,Kwale Community Health Unit,602091,40664
semi-functional,Mweini Dispensary,Nguu/Masumba,Kibwezi West,Kibwezi West,Makueni,Mweini Community Health Unit,602122,40269
Fully-functional,Mwanyani Health Centre,Emali/Mulala,Kibwezi West,Kibwezi West,Makueni,Maatha Community Health Unit,602509,39934
Fully-functional,Mwanyani Health Centre,Emali/Mulala,Kibwezi West,Kibwezi West,Makueni,Mwanyani Community Health Unit,602121,39934
semi-functional,Masumba Dispensary,Nguu/Masumba,Kibwezi West,Kibwezi West,Makueni,Masumba Community Health Unit,602118,40695
semi-functional,Kilili Health Centre,Nzaui/Kilili/Kalamba,Makueni,Makueni,Makueni,Kilili Community Health Unit,602117,39508
Fully-functional,Kasikeu Dispensary,Kasikeu,Kilome,Kilome,Makueni,Kasikeu Community Health Unit,602090,39845
semi-functional,Apu Dispensary,Burat,Isiolo North,Isiolo,Isiolo,Apu Community Health Unit,601968,39934
semi-functional,Kipsing Dispensary,Oldo/Nyiro,Isiolo North,Isiolo,Isiolo,Kipsing Community Health Unit,602377,40238
Fully-functional,Basa Dispensary,Cherab,Isiolo North,Merti,Isiolo,Merti North Community Health Unit,602080,41000
semi-functional,Oldonyiro Dispensary (Isiolo),Oldo/Nyiro,Isiolo North,Isiolo,Isiolo,Oldonyiro Community Health Unit,602421,40238
semi-functional,Kambi Garba Dispensary,Burat,Isiolo North,Isiolo,Isiolo,Kambi Garba Community Health Unit,602467,41306
Fully-functional,Oropoi Dispensary,Kalobeyei,Turkana West,Turkana West,Turkana,Oropoi Community Health Unit,602883,41214
semi-functional,Kiu (AIC) Dispensary,Kima Kiu/Kalanzoni,Kilome,Kilome,Makueni,Kiu Aic Community Health Unit,602193,41061
non-functinoal,Kokwototo Dispensary,Tangulbei/Korossi,Tiaty,Tiaty East,Baringo,Kessom Community Health Unit,600982,40483
non-functinoal,Kokwototo Dispensary,Tangulbei/Korossi,Tiaty,Tiaty East,Baringo,Kapyego Kararia Community Health Unit,600981,40483
Fully-functional,Mwachinga Dispensary,Kinango,Kinango,Kinango,Kwale,Mwachinga Community Health Unit,602790,38537
Fully-functional,Lang'ata Health Centre (Ruiru),Kiuu,Ruiru,Ruiru,Kiambu,Mwihoko Community Health Unit,601581,40575
semi-functional,Vitsangalaweni Dispensary,Dzombo,Lunga Lunga,Lunga Lunga,Kwale,Vitsangalaweni Community Health Unit,601870,39934
semi-functional,Vitsangalaweni Dispensary,Dzombo,Lunga Lunga,Lunga Lunga,Kwale,Menzamwenye Community Health Unit,601858,40664
Fully-functional,Neissuit Dispensary,Nessuit,Njoro,Njoro,Nakuru,Nessuit Community Health Unit,601143,40544
Fully-functional,GK Prisons Dispensary (Kakamega Central),Shirere,Lurambi,Lurambi,Kakamega,Shikoe Community Health Unit,602831,41426
semi-functional,GK Prisons Dispensary (Kakamega Central),Shirere,Lurambi,Lurambi,Kakamega,Shikoye Community Health Unit,602771,41426
Fully-functional,Makanzani Dispensary,Ruruma,Rabai,Rabai,Kilifi,Mikomani Community Health Unit,601752,39934
semi-functional,Mwaluphamba Dispensary,Mkongani,Matuga,Matuga,Kwale,Tserezani Community Health Unit,602796,39995
Fully-functional,Kanzokea Health Centre,Kitise/Kithuki,Makueni,Makueni,Makueni,Kanzokea Community Health Unit,602523,41579
Fully-functional,Makhonge Health Centre,Kamukuywa,Kimilili,Kimilili,Bungoma,Makhonge Community Health Unit,600730,40603
semi-functional,Mumbuni Health Centre (Makueni),Muvau/Kikumini,Makueni,Makueni,Makueni,Mumbuni Community Health Unit,602040,39873
Fully-functional,Ithaeni Dispensary,Lower Kaewa/Kaani,Kathiani,Kathiani,Machakos,Ithaeni Community Health Unit,601976,40695
Fully-functional,Mutitu Dispensary,Kathiani Central,Kathiani,Kathiani,Machakos,Mutitu Community Health Unit,601978,39934
Fully-functional,Kutulo Health Centre (Wajir East),Wargadud,Tarbaj,Tarbaj,Wajir,Kotulo Community Health Unit,601722,39873
semi-functional,Nyakwana Dispensary,Kiogoro,Nyaribari Chache,Nyaribari Chache,Kisii,Nyakwana Community Health Unit,600070,40787
Fully-functional,Kairungu Dispensary,Kiomo/Kyethani,Mwingi West,Mwingi West,Kitui,Kairungu Community Health Unit,602107,40787
semi-functional,Mwangatini Dispensary,Magarini,Magarini,Magarini,Kilifi,Pumwani Community Health Unit,601832,39508
Fully-functional,Usigu Health Centre,Yimbo East,Bondo,Bondo,Siaya,Usigu Community Health Unit,600024,40695
semi-functional,Kathama Dispensary,Mbiuni,Mwala,Mwala,Machakos,Ulaani Community Health Unit,602750,41306
Fully-functional,Masala Dispensary,North Uyoma,Rarieda,Rarieda,Siaya,Masala Community Health Unit,600402,40787
Fully-functional,Emutsesa Health Centre,Kisa Central,Khwisero,Khwisero,Kakamega,Emutsesa Community Health Unit,600734,40575
Fully-functional,God Kwer Dispensary,Wiga,Suna West,Suna West,Migori,Wiga Community Health Unit,600191,40878
Fully-functional,God Kwer Dispensary,Wiga,Suna West,Suna West,Migori,Godkwer Community Health Unit,600187,40878
Fully-functional,Kinarani Dispensary,Mwanamwinga,Kaloleni,Kaloleni,Kilifi,Mtsengo Community Health Unit,601753,39934
Fully-functional,Kinarani Dispensary,Mwanamwinga,Kaloleni,Kaloleni,Kilifi,Kibwabwani Community Health Unit,601749,40452
semi-functional,Kinarani Dispensary,Mwanamwinga,Kaloleni,Kaloleni,Kilifi,Kibwabwan Community Health Unit,602566,40452
Fully-functional,Vyulya Dispensary,Masii,Mwala,Mwala,Machakos,Kitula Community Health Unit,602103,40299
semi-functional,Vyulya Dispensary,Masii,Mwala,Mwala,Machakos,Katheka Community Health Unit,602101,40391
semi-functional,Ouya Dispensary,South Sakwa,Bondo,Bondo,Siaya,Got Abiero Community Health Unit,600007,39456
non-functinoal,Shella Dispensary,Shella,Lamu West,Lamu West,Lamu,Shela Manda Community Health Unit,601817,40299
semi-functional,Kabuto Dispensary,North Kadem,Nyatike,Nyatike,Migori,Kakelo Community Health Unit,600307,40848
non-functinoal,Kalandini Health Centre,Matungulu West,Matungulu,Matungulu,Machakos,Mbuni Community Health Unit,602064,40848
semi-functional,Kyambeke Health Centre,Ilima,Kaiti,Kaiti,Makueni,Kyambeke Community Health Unit,601997,39845
Fully-functional,Kopsiro Model Health Centre,Chepyuk,Mt. Elgon,Cheptais,Bungoma,Chepyuk Community Health Unit,600649,41193
non-functinoal,Mukunike Dispensary,Kangundo West,Kangundo,Kangundo,Machakos,Mukunike Community Health Unit,601974,40513
Fully-functional,Kapsambu Dispensary,Kapkateny,Mt. Elgon,Cheptais,Bungoma,Terem Community Health Unit,602819,41275
semi-functional,Kyuasini Health Centre,Ukia,Kaiti,Kaiti,Makueni,Kyuasini Community Health Unit,602037,39904
semi-functional,Kiangini Dispensary,Kathonzweni,Makueni,Makueni,Makueni,Kiangini Community Health Unit,602533,40634
Fully-functional,Mamba Dispensary,Dzombo,Lunga Lunga,Lunga Lunga,Kwale,Venus Community Health Unit,601868,40817
Fully-functional,Mamba Dispensary,Dzombo,Lunga Lunga,Lunga Lunga,Kwale,Majoreni T Community Health Unit,602756,41091
Fully-functional,Maeni Dispensary,Maeni,Kimilili,Kimilili,Bungoma,Sikhendu Community Health Unit,600732,39862
Fully-functional,Kinasia Health Centre,East Kano/Wawidhi,Nyando,Nyando,Kisumu,Achego Community Health Unit,600287,40787
Fully-functional,Marurui Dispensary,Roysambu,Roysambu,Roysambu,Nairobi,Njathaini Community Health Unit,601663,40951
semi-functional,Marurui Dispensary,Roysambu,Roysambu,Roysambu,Nairobi,Marurui Community Health Unit,601658,40330
Fully-functional,Marurui Dispensary,Roysambu,Roysambu,Roysambu,Nairobi,Jua Kali Community Health Unit,601654,40756
Fully-functional,Kajuki Health Centre,Igambang'ombe,Chuka/Igambang'ombe,Igambangombe,Tharaka Nithi,Kajuki Community Health Unit,602084,41000
semi-functional,Eastleigh Health Centre,Airbase,Kamukunji,Kamukunji,Nairobi,Moi Air Base Community Health Unit,601644,40827
Fully-functional,Biafra Lions Clinic,Eastleigh South,Kamukunji,Kamukunji,Nairobi,Kinyago Community Health Unit,601641,40695
Closed,Eastleigh Health Centre,Airbase,Kamukunji,Kamukunji,Nairobi,Oromo Somali Community Health Unit,602422,41102
Closed,Eastleigh Health Centre,Airbase,Kamukunji,Kamukunji,Nairobi,Galole Community Health Unit,602252,40452
Closed,Embakasi Health Centre,Embakasi,Embakasi East,Embakasi East,Nairobi,Tassia Community Health Unit,601634,40980
Fully-functional,Embakasi Health Centre,Embakasi,Embakasi East,Embakasi East,Nairobi,River Bank Community Health Unit,601633,41071
Closed,Embakasi Health Centre,Embakasi,Embakasi East,Embakasi East,Nairobi,Mradi Community Health Unit,601628,41101
Fully-functional,Kirogo Health Centre,Wangu,Kiharu,Kiharu,Muranga,Kirogo Community Health Unit,601303,40148
Closed,Bahati Health Centre,Maringo/Hamza,Makadara,Makadara,Nairobi,Vihiga Community Health Unit,601647,40238
Closed,Bahati Health Centre,Maringo/Hamza,Makadara,Makadara,Nairobi,Shauri Moyo Community Health Unit,601646,40980
Closed,Bahati Health Centre,Maringo/Hamza,Makadara,Makadara,Nairobi,Sagana Community Health Unit,601645,40238
Closed,Bahati Health Centre,Maringo/Hamza,Makadara,Makadara,Nairobi,Kasovo Community Health Unit,601642,40452
Closed,Bahati Health Centre,Maringo/Hamza,Makadara,Makadara,Nairobi,City Cotton Community Health Unit,601640,40978
Fully-functional,Bahati Health Centre,Maringo/Hamza,Makadara,Makadara,Nairobi,Kimathi Community Health Unit,601639,40483
Fully-functional,Ngarariga Health Centre,Bibirioni,Limuru,Limuru,Kiambu,Ngarariga Community Health Unit,601461,40695
semi-functional,Shikusa Health Centre,Isukha North,Shinyalu,Shinyalu,Kakamega,Lubao Community Health Unit,600686,40725
Fully-functional,Dandora I Health Centre,Dandora Area I,Embakasi North,Embakasi North,Nairobi,Kwa Mbao Community Health Unit,601696,40817
Fully-functional,Dandora I Health Centre,Dandora Area I,Embakasi North,Embakasi North,Nairobi,Hosing Development Department Community Health Unit,601695,40179
Fully-functional,Dandora I Health Centre,Dandora Area I,Embakasi North,Embakasi North,Nairobi,Canaan Community Health Unit,601694,40179
Fully-functional,Dandora I Health Centre,Dandora Area I,Embakasi North,Embakasi North,Nairobi,Block-g Community Health Unit,601693,40878
Fully-functional,Shikunga Health Centre,Marenyo-shianda,Butere,Butere,Kakamega,Shikunga Community Health Unit,600621,40185
semi-functional,Shikunga Health Centre,Marenyo-shianda,Butere,Butere,Kakamega,Munyundi Community Health Unit,600617,39815
Fully-functional,Shikunga Health Centre,Marenyo-shianda,Butere,Butere,Kakamega,Buboko Community Health Unit,600605,40185
Closed,Kayole I Health Centre,Kayole North,Embakasi Central,Embakasi Central,Nairobi,Mucesha Community Health Unit,601629,40330
Closed,Kayole I Health Centre,Kayole North,Embakasi Central,Embakasi Central,Nairobi,Kangurue Community Health Unit,601623,40878
Fully-functional,Akala Health Centre,South Gem,Gem,Gem,Siaya,Ndori Community Health Unit,600048,40878
Fully-functional,Akala Health Centre,South Gem,Gem,Gem,Siaya,Kanyadet Community Health Unit,600040,40878
Fully-functional,Dienya Health Centre,West Gem,Gem,Gem,Siaya,Dienya Community Health Unit,600057,39819
Fully-functional,Dienya Health Centre,West Gem,Gem,Gem,Siaya,Dienya West Community Health Unit,600035,40878
Fully-functional,Malanga Health Centre,North Gem,Gem,Gem,Siaya,Maliera Community Health Unit,600060,39816
Fully-functional,Malanga Health Centre,North Gem,Gem,Gem,Siaya,Malanga Community Health Unit,600043,40878
non-functinoal,Kikoneni Health Centre,Pongwe/Kikokeni,Lunga Lunga,Lunga Lunga,Kwale,Central Community Health Unit,601852,41041
non-functinoal,Kikoneni Health Centre,Pongwe/Kikokeni,Lunga Lunga,Lunga Lunga,Kwale,Bumbani Community Health Unit,601851,41041
Fully-functional,Kikoneni Health Centre,Pongwe/Kikokeni,Lunga Lunga,Lunga Lunga,Kwale,Jitahidi Community Health Unit,602755,41091
Fully-functional,Namanga Health Centre,Matapato South,Kajiado Central,Kajiado Central,Kajiado,Eluanata Community Health Unit,600893,40817
Fully-functional,Kinyangi Health Centre,Kakuzi/Mitubiri,Gatanga,Gatanga,Muranga,Kinyangi Community Health Unit,601591,40026
semi-functional,Ober Health Centre,Kokwanyo/Kakelo,Kabondo Kasipul,Kabondo Kasipul,Homa Bay,Kakelo Dudi A Community Health Unit,600377,39722
semi-functional,Ober Health Centre,Kokwanyo/Kakelo,Kabondo Kasipul,Kabondo Kasipul,Homa Bay,Kamioro Community Health Unit,602281,40878
Fully-functional,Tongaren Model Health Centre,Tongaren,Tongaren,Tongaren,Bungoma,Tongaren Community Health Unit,600574,39818
Fully-functional,Ting'wangi Health Centre,South East Alego,Alego Usonga,Alego Usonga,Siaya,Nyajuok Community Health Unit,600441,39783
Fully-functional,Rwambwa Sub-county Hospital,Usonga,Alego Usonga,Alego Usonga,Siaya,Nyadorera B Community Health Unit,600440,39845
Fully-functional,Kadenge Ratuoro Health Centre,Central Alego,Alego Usonga,Alego Usonga,Siaya,Obambo Community Health Unit,602300,40269
Fully-functional,Rabai Rural Health Demonstration Centre,Rabai/Kisurutini,Rabai,Rabai,Kilifi,Mwele Community Health Unit,601754,40422
Fully-functional,Rabai Rural Health Demonstration Centre,Rabai/Kisurutini,Rabai,Rabai,Kilifi,Buni Kisimani Community Health Unit,601745,40452
Fully-functional,Katulani Health Centre,Kibauni,Mwala,Mwala,Machakos,Itumule Community Health Unit,602749,39845
semi-functional,Katulani Health Centre,Kibauni,Mwala,Mwala,Machakos,Itumbule Community Health Unit,602098,39845
Fully-functional,Hawinga Health Centre,West Alego,Alego Usonga,Alego Usonga,Siaya,Sigoma Uranga Community Health Unit,600447,40664
Fully-functional,Hawinga Health Centre,West Alego,Alego Usonga,Alego Usonga,Siaya,Kaugagi Udenda Community Health Unit,600429,40756
Fully-functional,Hawinga Health Centre,West Alego,Alego Usonga,Alego Usonga,Siaya,Kaugagi Hawinga Community Health Unit,600428,39630
Fully-functional,Hawinga Health Centre,West Alego,Alego Usonga,Alego Usonga,Siaya,Gangu Community Health Unit,600423,40756
semi-functional,Ratta Health Centre,North Seme,Seme,Seme,Kisumu,North Ratta Community Health Unit,600126,39817
Fully-functional,Kodingo Health Centre,West Nyakach,Nyakach,Nyakach,Kisumu,Koguta West Community Health Unit,600259,40756
semi-functional,Kodingo Health Centre,West Nyakach,Nyakach,Nyakach,Kisumu,Kajimbo Rachier Community Health Unit,602736,41529
semi-functional,Ndiru Health Centre,Kagan,Rangwe,Rangwe,Homa Bay,Kanyiriema Community Health Unit,602388,39569
Fully-functional,Obuya Dispensary,Kagan,Rangwe,Rangwe,Homa Bay,Kokoko Community Health Unit,602352,40878
semi-functional,Sigomere Subcounty Hospital,Sigomere,Ugunja,Ugunja,Siaya,Sigomere Community Health Unit,600505,40664
semi-functional,Sigomere Subcounty Hospital,Sigomere,Ugunja,Ugunja,Siaya,Mung'ao Community Health Unit,600492,40664
semi-functional,Sigomere Subcounty Hospital,Sigomere,Ugunja,Ugunja,Siaya,Madungu Community Health Unit,600488,40238
semi-functional,Sigomere Subcounty Hospital,Sigomere,Ugunja,Ugunja,Siaya,Got-osimbo Community Health Unit,600477,40664
Fully-functional,Marindi Sub County Referral Hospital,Homa Bay East,Homa Bay Town,Homa Bay Town,Homa Bay,Central Kalanya Kanyango Community Health Unit,602396,40848
semi-functional,Marindi Sub County Referral Hospital,Homa Bay East,Homa Bay Town,Homa Bay Town,Homa Bay,Kalanya Kanyango Community Health Unit,602362,39722
Fully-functional,Pala Masogo Health Centre,Homa Bay East,Homa Bay Town,Homa Bay Town,Homa Bay,Upper Kothidha Community Health Unit,602346,40848
Fully-functional,Iranda Sub County Referral Hospital,Nyakoe,Kitutu Chache South,Kitutu Chache South,Kisii,Iranda Community Health Unit,602607,39234
semi-functional,Nyagoro Health Centre,Kochia,Rangwe,Rangwe,Homa Bay,Kamenya_duplicate Community Health Unit,600386,40878
semi-functional,Nyagoro Health Centre,Kochia,Rangwe,Rangwe,Homa Bay,Kowili Community Health Unit (Duplicate),602155,40613
Fully-functional,Ramula Health Centre,East Gem,Gem,Gem,Siaya,Ramula Community Health Unit,602419,38728
semi-functional,Kiumbu Health Centre,Tebere,Mwea,Kirinyaga South,Kirinyaga,Ndindiruku Community Health Unit,601522,38749
Fully-functional,Kiumbu Health Centre,Tebere,Mwea,Kirinyaga South,Kirinyaga,Kiumbu Community Health Unit,601918,38657
Fully-functional,Ileho Health Centre,Isukha East,Shinyalu,Shinyalu,Kakamega,Lunyu A Community Health Unit,600688,40725
semi-functional,Ngenda Health Centre,Kiamwangi,Gatundu South,Gatundu South,Kiambu,Kiamwangi Community Health Unit,602401,39995
Fully-functional,Matungulu Health Centre,Matungulu East,Matungulu,Matungulu,Machakos,Matungulu Community Health Unit,602063,40664
Fully-functional,Ndere Health Centre,North Gem,Gem,Gem,Siaya,Nyabeda Community Health Unit,600049,40878
Fully-functional,Ndere Health Centre,North Gem,Gem,Gem,Siaya,Ndere Community Health Unit,600047,40878
Fully-functional,Gatura Healh Centre,Kariara,Gatanga,Gatanga,Muranga,Kiarutara Community Health Unit,601267,40057
Fully-functional,Gatura Healh Centre,Kariara,Gatanga,Gatanga,Muranga,Kanara Community Health Unit,601266,40118
semi-functional,Mau Narok Health Centre,Mau Narok,Njoro,Njoro,Nakuru,Mwisho Wa Lami Community Health Unit,601142,40544
Fully-functional,Korondille Health Centre,Korondile,Wajir North,Wajir North,Wajir,Korondille Community Health Unit,601734,40057
semi-functional,Entarara Health Centre,Rombo,Kajiado South,Loitokitok,Kajiado,Entarara Community Health Unit,600961,39569
semi-functional,Kambiri Health Centre,Isukha North,Shinyalu,Shinyalu,Kakamega,Ivakale A Community Health Unit,600685,40725
Fully-functional,Kambiri Health Centre,Isukha North,Shinyalu,Shinyalu,Kakamega,Bulovi A Community Health Unit,600683,40725
Fully-functional,Ongata Rongai Sub County Hospital,Nkaimurunya,Kajiado North,Kajiado North,Kajiado,Gataka Community Health Unit,600908,40210
Fully-functional,Kamoko Health Centre,Mahiga,Nyeri South,Nyeri South,Nyeri,Kamoko Community Health Unit,601574,39995
Fully-functional,Ukwala Sub County Hospital,Ukwala,Ugenya,Ugenya,Siaya,Yenga Community Health Unit,600517,40878
Fully-functional,Ukwala Sub County Hospital,Ukwala,Ugenya,Ugenya,Siaya,Siranga Community Health Unit,600510,39873
semi-functional,Ukwala Sub County Hospital,Ukwala,Ugenya,Ugenya,Siaya,Simur Kondick Community Health Unit,600509,40878
semi-functional,Ukwala Sub County Hospital,Ukwala,Ugenya,Ugenya,Siaya,Simur East Community Health Unit,600508,40878
semi-functional,Ukwala Sub County Hospital,Ukwala,Ugenya,Ugenya,Siaya,Doho West Community Health Unit,600476,40330
Fully-functional,Ukwala Sub County Hospital,Ukwala,Ugenya,Ugenya,Siaya,Doho East Community Health Unit,600475,40330
semi-functional,Bissil Health Centre,Matapato North,Kajiado Central,Kajiado Central,Kajiado,Bissil Community Health Unit,600892,40817
Fully-functional,Shamakhubu Health Centre,Murhanda,Shinyalu,Shinyalu,Kakamega,Shiswa A Community Health Unit,600696,40725
Fully-functional,Shamakhubu Health Centre,Murhanda,Shinyalu,Shinyalu,Kakamega,Mukulusu A Community Health Unit,600690,40725
Fully-functional,Shamakhubu Health Centre,Murhanda,Shinyalu,Shinyalu,Kakamega,Shisembe Community Health Unit,602859,41456
Fully-functional,Shamakhubu Health Centre,Murhanda,Shinyalu,Shinyalu,Kakamega,Itenyi Community Health Unit,602828,41214
semi-functional,Esiarambatsi Health Centre,North East Bunyore,Emuhaya,Emuhaya,Vihiga,Ebunangwe Community Health Unit,600651,40544
Fully-functional,Samburu Health Centre,Chengoni/Samburu,Kinango,Kinango,Kwale,Chengoni Community Health Unit,602794,40603
semi-functional,Ucheru Community Health Centre,Kanyekini,Kirinyaga Central,Kirinyaga Central,Kirinyaga,Kianjege Kanyei Community Health Unit,601424,40210
semi-functional,Oresi Health Centre,Kitutu Central,Kitutu Chache South,Kitutu Chache South,Kisii,Bosongo Combined Community Health Unit,600069,40848
semi-functional,Tinga Health Centre,Bosamaro,West Mugirango,Nyamira,Nyamira,Ikobe Community Health Unit,600270,40695
Fully-functional,Ndalu Health Centre,Ndalu,Tongaren,Tongaren,Bungoma,Ndalu Community Health Unit,600572,39818
Fully-functional,Baricho Health Centre,Mukure,Ndia,Kirinyaga West,Kirinyaga,Maitharui Community Health Unit,601435,39600
semi-functional,Baricho Health Centre,Mukure,Ndia,Kirinyaga West,Kirinyaga,Gitaku Community Health Unit,601430,40817
Fully-functional,Naromoru Health Centre,Naromoru/Kiamathaga,Kieni,Kieni East,Nyeri,Naru Moro Community Health Unit,601356,40330
Fully-functional,Wanjohi Health Centre,Wanjohi,Kipipiri,Kipipiri,Nyandarua,Wanjohi Community Health Unit,601412,40513
Fully-functional,Riana Health Centre,Riana,Bonchari,Bonchari,Kisii,Bogitaa Self Help Group Community Health Unit,600073,39661
Fully-functional,Danaba Health Centre,Danaba,Wajir North,Wajir North,Wajir,Danaba Community Health Unit,601730,40695
non-functinoal,Uhuru Dispensary,Kaptagat,Ainabkoi,Ainabkoi,Uasin Gishu,Uhuru Community Health Unit,600848,39630
Fully-functional,Turkwel Health Centre (Loima),Turkwel,Loima,Loima,Turkana,Turkwel Community Health Unit,602256,41030
Fully-functional,Matharu Dispensary,Tarakwa,Kesses,Kesses,Uasin Gishu,Matharu Community Health Unit,601239,40513
Fully-functional,Kabetwa Health Centre,Endo,Marakwet East,Marakwet East,Elgeyo Marakwet,Kabetwa Community Health Unit,600979,40513
Fully-functional,Timboiywo Dispensary,Sacho,Baringo Central,Baringo Central,Baringo,Kabasis Community Health Unit,600820,40969
non-functinoal,Tirriondonin Dispensary,Kabartonjo,Baringo North,Baringo North,Baringo,Tiriondonin Community Health Unit,602235,40848
Fully-functional,Chemaner Health Centre (Bomet),Chemaner,Bomet East,Bomet East,Bomet,Lelkatet Community Health Unit,600828,40603
non-functinoal,Tirimionin Dispensary,Saimoi/Kipsaraman,Baringo North,Baringo North,Baringo,Tirimionin Community Health Unit,602233,40817
Fully-functional,Lessos Community Dispensary,Ol'lessos,Nandi Hills,Nandi Hills,Nandi,Lessos Community Health Unit,601076,40634
Fully-functional,Lengenet Dispensary,Visoi,Rongai,Rongai,Nakuru,Lenginet Community Health Unit,601163,40878
Fully-functional,Lugumek Dispensary,Sigor,Chepalungu,Chepalungu,Bomet,Kobolwo Community Health Unit,601913,39845
Fully-functional,Lokiriama Dispensary,Lokiriama/Lorengippi,Loima,Loima,Turkana,Lokiriama Community Health Unit,602886,41244
Fully-functional,Lelechwet Dispensary (Rongai),Mosop,Rongai,Rongai,Nakuru,Chepseon Community Health Unit,601162,40513
semi-functional,Longonot Dispensary,Mai Mahiu,Naivasha,Naivasha,Nakuru,Longonot Community Health Unit,601027,39995
non-functinoal,Kipcherere Dispensary,Saimo/Soi,Baringo North,Baringo North,Baringo,Bartum Community Health Unit,602248,40969
semi-functional,Kiwamu Dispensary,Dundori,Bahati,Nakuru North,Nakuru,Mugwathi Community Health Unit,602355,40940
Fully-functional,Kiwamu Dispensary,Dundori,Bahati,Nakuru North,Nakuru,Kiamaina Community Health Unit,601055,40756
semi-functional,Kiwamu Dispensary,Dundori,Bahati,Nakuru North,Nakuru,Dungiri Kirima Community Health Unit,601051,40513
Fully-functional,Lochwaangikamatak Dispensary,Lokichar,Turkana South,Turkana South,Turkana,Lochwaangikamatak Community Health Unit,602906,41183
Fully-functional,Lingwai Dispensary,Tarakwa,Kesses,Kesses,Uasin Gishu,Lingway Community Health Unit,601238,40634
Fully-functional,Lamuria Dispensary (Laikipia East),Tigithi,Laikipia East,Laikipia East,Laikipia,Lamuria Community Health Unit,602809,41122
Fully-functional,Kerio Health Centre,Kerio Delta,Turkana Central,Turkana Central,Turkana,Kerio Community Health Unit,602902,41244
non-functinoal,Korongoi Dispensary,Sengwer,Marakwet West,Marakwet West,Elgeyo Marakwet,Sengwer Community Health Unit,601007,39539
Fully-functional,Lelmokwo Dispensary,Lelmoko/Ngechek,Chesumei,Chesumei,Nandi,Lelmokwo Community Health Unit,601089,40544
semi-functional,Kimintet Dispensary,Kimintet,Kilgoris,Transmara West,Narok,Kimintet Community Health Unit,602413,41487
non-functinoal,Lomut Health Centre,Lomut,Sigor,Pokot Central,West Pokot,Nyangaita Community Health Unit,601153,40513
non-functinoal,Lomut Health Centre,Lomut,Sigor,Pokot Central,West Pokot,Mosop Community Health Unit,601152,39814
Fully-functional,Lopur Dispensary (Turkana South),Katilu,Turkana South,Turkana South,Turkana,Lopur Community Health Unit,601225,41030
Fully-functional,Kokwet Dispensary,Kosirai,Chesumei,Chesumei,Nandi,Kokwet Community Health Unit,601087,40544
Fully-functional,Kojonga Dispensary,Mosiro,Narok East,Narok East,Narok,Kojong'a Community Health Unit,601103,40603
Fully-functional,Kipsitet Dispensary,Soin,Sigowet/Soin,Sigowet/Soin,Kericho,Kaptalamwa Community Health Unit,602424,41122
Fully-functional,Kipsitet Dispensary,Soin,Sigowet/Soin,Sigowet/Soin,Kericho,Kaplelach Community Health Unit,602423,41122
semi-functional,Kitalale Dispensary,Kinyoro,Saboti,Saboti,Trans Nzoia,Marambach Community Health Unit,602367,40634
non-functinoal,Kipsaiya Dispensary,Kapsowar,Marakwet West,Marakwet West,Elgeyo Marakwet,Kipsaiya Community Health Unit,601001,40452
Fully-functional,Kiptangwanyi H/C,Elementaita,Gilgil,Gilgil,Nakuru,Kiptangwanyi Community Health Unit,600884,40513
Fully-functional,Kisor Dispensary,Simat/Kapseret,Kapseret,Kapseret,Uasin Gishu,Kisor Community Health Unit,601236,39873
Fully-functional,Kipkeikei Dispensary,Cherangany/Suwerwa,Cherangany,Cherangany,Trans Nzoia,Kipkeikei Community Health Unit,601208,40603
semi-functional,Kiambogo Dispensary (Gilgil),Elementaita,Gilgil,Gilgil,Nakuru,Kiambogo Community Health Unit,600882,39539
Fully-functional,Koisagat Tea Dispensary,Chepkunyuk,Nandi Hills,Nandi Hills,Nandi,Siret Community Health Unit,601079,40148
Fully-functional,Chemomi Tea Dispensary,Nandi Hills,Nandi Hills,Nandi Hills,Nandi,Kosoiywo Community Health Unit,601075,40452
non-functinoal,Kipkoigen Tea Dispensary,Chepkunyuk,Nandi Hills,Nandi Hills,Nandi,Mogobich Community Health Unit,601077,40909
non-functinoal,Tinderet Tea Dispensary,Tinderet,Tinderet,Tinderet,Nandi,Chepkemel Community Health Unit,601182,40756
non-functinoal,Savani Tea Dispensary,Kapchorua,Nandi Hills,Nandi Hills,Nandi,Chepsire Community Health Unit,601063,40238
non-functinoal,Mokong Tea Dispensary,Nandi Hills,Nandi Hills,Nandi Hills,Nandi,Nandi Community Health Unit,601078,40725
Fully-functional,Sitoi Tea Dispensary,Nandi Hills,Nandi Hills,Nandi Hills,Nandi,Chemomi Community Health Unit,601061,40909
Fully-functional,Kapchorua Tea Dispensary,Kapchorua,Nandi Hills,Nandi Hills,Nandi,Kapchorua B Community Health Unit,601066,40909
non-functinoal,Khartoum Tea Dispensary,Chepkunyuk,Nandi Hills,Nandi Hills,Nandi,Tartar Community Health Unit,601083,2011
semi-functional,St Bridgit Kalemunyang Dispensary,Kotaruk/Lobei,Loima,Loima,Turkana,Kalemunyang Community Health Unit,602885,41244
Fully-functional,Nambale Sub County Hospital,Nambale,Nambale,Nambale,Busia,Syekunya Community Health Unit,602394,40848
Fully-functional,Sagana Sub-County Hospital,Kariti,Ndia,Kirinyaga West,Kirinyaga,Sagana Community Health Unit,601440,39904
Fully-functional,Nzeluni Health Centre,Migwani,Mwingi West,Mwingi West,Kitui,Nzeluni Community Health Unit,602088,40848
Fully-functional,Bukura Health Centre,Butsotso South,Lurambi,Lurambi,Kakamega,Emukaya Community Health Unit,600673,39817
Fully-functional,Isoge Health Centre,Esise,Borabu,Borabu,Nyamira,Isoge Community Health Unit,600029,40188
Fully-functional,Njoro Subcounty Hospital,Njoro,Njoro,Njoro,Nakuru,Njoro Township Community Health Unit,601144,40969
Fully-functional,Lussigetti Health Centre,Nachu,Kikuyu,Kikuyu,Kiambu,Nachu Unit Community Health Unit,601458,40725
Fully-functional,Lussigetti Health Centre,Nachu,Kikuyu,Kikuyu,Kiambu,Mugikatha Community Health Unit,601456,39569
Fully-functional,Lussigetti Health Centre,Nachu,Kikuyu,Kikuyu,Kiambu,Lussigetti Community Health Unit,601454,40725
Fully-functional,Lussigetti Health Centre,Nachu,Kikuyu,Kikuyu,Kiambu,Kasaru Community Health Unit,601453,40118
non-functinoal,Kivaani Health Centre,Kangundo East,Kangundo,Kangundo,Machakos,Kawauni Community Health Unit,601972,40603
non-functinoal,Kivaani Health Centre,Kangundo East,Kangundo,Kangundo,Machakos,Iia-itune Community Health Unit,601969,39508
Fully-functional,Bumala B Health Centre,Marachi East,Butula,Butula,Busia,Bumala B Community Health Unit,600634,39091
semi-functional,Isecha Health Centre,Monyerero,Kitutu Chache North,Kitutu Chache North,Kisii,Gesangero Community Health Unit,600153,40787
Fully-functional,Theere Health Centre,Antubetwe Kiongo,Igembe North,Igembe North,Meru,Ruongo Health Community Health Unit,602643,41456
Fully-functional,Theere Health Centre,Antubetwe Kiongo,Igembe North,Igembe North,Meru,Miriki Community Health Unit,602640,41456
Fully-functional,Theere Health Centre,Antubetwe Kiongo,Igembe North,Igembe North,Meru,Kiromwathi Health Community Health Unit,602637,41456
Fully-functional,Theere Health Centre,Antubetwe Kiongo,Igembe North,Igembe North,Meru,Kiani Community Health Unit,602635,41456
Fully-functional,Theere Health Centre,Antubetwe Kiongo,Igembe North,Igembe North,Meru,Karichu Community Health Unit,602633,41456
Fully-functional,Theere Health Centre,Antubetwe Kiongo,Igembe North,Igembe North,Meru,Anjalu Community Health Unit,602629,41456
semi-functional,Kathonzweni Health Centre,Kathonzweni,Makueni,Makueni,Makueni,Kivingoni Community Health Unit,602395,40422
semi-functional,Kathonzweni Health Centre,Kathonzweni,Makueni,Makueni,Makueni,Kavingoni Community Health Unit,602532,40422
Fully-functional,Kuresoi Health Centre,Kiptororo,Kuresoi North,Kuresoi North,Nakuru,Kuresoi Community Health Unit,602179,39904
Fully-functional,Esani Sub-District Hospital,Gesima,Kitutu Masaba,Masaba North,Nyamira,Nyatieno Community Health Unit,600158,39539
Fully-functional,Kiandutu Health Centre,Township,Thika Town,Thika Town,Kiambu,Kiandutu Community Health Unit,601602,40483
semi-functional,Iuani Health Centre,Ukia,Kaiti,Kaiti,Makueni,Iuani Community Health Unit,602526,40603
semi-functional,Iuani Health Centre,Ukia,Kaiti,Kaiti,Makueni,Iliani Community Health Unit,602035,40603
Fully-functional,Shitsitswi Health Centre,Marama Central,Butere,Butere,Kakamega,Mutoma Community Health Unit,600618,39816
Fully-functional,Shitsitswi Health Centre,Marama Central,Butere,Butere,Kakamega,Shitsitswi Community Health Unit,600612,40756
Fully-functional,Kaviani Health Centre,Upper Kaewa/Iveti,Kathiani,Kathiani,Machakos,Kaewa Community Health Unit,602546,41122
Fully-functional,Kaviani Health Centre,Upper Kaewa/Iveti,Kathiani,Kathiani,Machakos,Kaliluni Community Health Unit,601977,39934
semi-functional,Ngano Health Centre,Charagita,Oljorook,Oljoroorok,Nyandarua,Ngano Community Health Unit,601562,40238
Fully-functional,Anole Dispensary,Della,Eldas,Eldas,Wajir,Anole Community Health Unit,602298,40603
Fully-functional,Gurar Health Centre,Gurar,Wajir North,Wajir North,Wajir,Gurar Community Health Unit,601732,40057
semi-functional,Mutionjuri Health Centre,Kianjai,Tigania West,Tigania West,Meru,Mutionjuri Community Health Unit,602137,40940
Fully-functional,Magina Health Centre,Kabouch North,Ndhiwa,Ndhiwa,Homa Bay,Konyango North Community Health Unit,600226,40878
Fully-functional,Magina Health Centre,Kabouch North,Ndhiwa,Ndhiwa,Homa Bay,Kawere Community Health Unit,600221,40878
Fully-functional,Magina Health Centre,Kabouch North,Ndhiwa,Ndhiwa,Homa Bay,Karanding Community Health Unit,600218,40878
Fully-functional,Magina Health Centre,Kabouch North,Ndhiwa,Ndhiwa,Homa Bay,Kachwanya Community Health Unit,600210,40878
Fully-functional,Waita Health Centre,Waita,Mwingi Central,Mwingi Central,Kitui,Waita Community Health Unit,602110,40725
Fully-functional,Suguta Marmar Health Centre,Suguta Marmar,Samburu Central,Samburu Central,Samburu,Suguta Marmar Community Health Unit,601012,39845
semi-functional,Kangeta SCH,Kangeta,Igembe Central,Igembe Central,Meru,Nkinyanga Community Health Unit,601960,40940
semi-functional,Kangeta SCH,Kangeta,Igembe Central,Igembe Central,Meru,Mukululu Community Health Unit,601958,40878
semi-functional,Kangeta SCH,Kangeta,Igembe Central,Igembe Central,Meru,Kangeta Community Health Unit,601951,41153
Fully-functional,Mashuru Health Centre,Imaroro,Kajiado East,Kajiado East,Kajiado,Mashuru Community Health Unit,600899,39873
Fully-functional,Nyametaburo Health Centre,Mokerero,Kuria West,Kuria West,Migori,Nyametaburo Community Health Unit,600152,40330
Closed,Othoro Sub County Hospital,North Kanyamkago,Uriri,Uriri,Migori,Uthoro Community Health Unit,600526,39234
Fully-functional,Othoro Sub County Hospital,North Kanyamkago,Uriri,Uriri,Migori,Othoro Community Health Unit,600524,42737
semi-functional,Mavindini Health Centre,Mavindini,Makueni,Makueni,Makueni,Mavindini Community Health Unit,602416,39873
Fully-functional,Got Kojowi Health Centre,Kwabwai,Ndhiwa,Ndhiwa,Homa Bay,Rachar Community Health Unit,600233,40878
Fully-functional,Chepngombe Health Centre,Esise,Borabu,Borabu,Nyamira,Manga Raitigo Community Health Unit,600030,40483
Fully-functional,Kaongo Health Centre,Mwangathia,Central Imenti,Imenti Central,Meru,Kaongo Community Health Unit,602081,39600
Fully-functional,Shimo-La Tewa Health Centre (GK Prison),Shanzu,Kisauni,Kisauni,Mombasa,Mwakirunge Community Health Unit,601845,39995
semi-functional,kitise health centre,Kitise/Kithuki,Makueni,Makueni,Makueni,Kitise Community Health Unit,601980,39873
Fully-functional,Laare Health Centre,Ntunene,Igembe North,Igembe North,Meru,Linjoka Community Health Unit,602638,41456
Fully-functional,Laare Health Centre,Ntunene,Igembe North,Igembe North,Meru,Kirindara Community Health Unit,602636,41456
Fully-functional,Laare Health Centre,Ntunene,Igembe North,Igembe North,Meru,Nkanda Health Community Health Unit,601942,39722
Fully-functional,Akachiu Health Centre,Kanuni,Igembe South,Igembe South,Meru,Anchenge Community Health Unit,601947,40848
semi-functional,Nyeri Town Health Centre,Rware,Nyeri Town,Nyeri Central,Nyeri,Majengo Community Health Unit,601568,40422
Fully-functional,Likoni District Hospital,Timbwani,Likoni,Likoni,Mombasa,Timbwani Community Health Unit,601793,40603
Fully-functional,Mrima Maternity Hospital,Timbwani,Likoni,Likoni,Mombasa,Mrima Community Health Unit,601791,39934
Fully-functional,Likoni District Hospital,Timbwani,Likoni,Likoni,Mombasa,Misufini Community Health Unit,601790,40575
Fully-functional,Pala Health Centre,Kabuoch South/Pala,Ndhiwa,Ndhiwa,Homa Bay,Ogande Community Health Unit,600231,40787
Fully-functional,Pala Health Centre,Kabuoch South/Pala,Ndhiwa,Ndhiwa,Homa Bay,Kaguria Community Health Unit,600213,40787
Fully-functional,Pala Health Centre,Kabuoch South/Pala,Ndhiwa,Ndhiwa,Homa Bay,Boya Community Health Unit,600204,40787
Fully-functional,Kyethani Health Centre,Kiomo/Kyethani,Mwingi West,Mwingi West,Kitui,Kyathani Community Health Unit,602109,40725
Fully-functional,Matayos Health Centre,Matayos South,Matayos,Matayos,Busia,Nangoma Community Health Unit,600604,40848
semi-functional,Sabuli Health Centre,Benane,Wajir South,Wajir South,Wajir,Sabuli Community Health Unit,601739,40634
semi-functional,Malakisi Health Centre,Lwandanyi,Sirisia,Sirisia,Bungoma,Bukokholo Community Health Unit,602326,39815
Fully-functional,Ebusiratsi Health Centre,North East Bunyore,Emuhaya,Emuhaya,Vihiga,Ekaita Community Health Unit,600654,40912
Fully-functional,Gede Health Centre,Dabaso,Kilifi North,Kilifi North,Kilifi,Dabaso Community Health Unit,601821,39539
semi-functional,Ngomeni Health Centre,Ngomeni,Mwingi North,Mwingi North,Kitui,Ngomeni Community Health Unit,602018,38808
Fully-functional,Bumala A Health Centre,Marachi West,Butula,Butula,Busia,Busire Community Health Unit,600636,41000
Fully-functional,Bumala A Health Centre,Marachi West,Butula,Butula,Busia,Bumala A Community Health Unit,600633,41000
Fully-functional,Bumala A Health Centre,Marachi West,Butula,Butula,Busia,Bukhakhala Community Health Unit,600629,41000
Fully-functional,Ipali Health Centre,West Bunyore,Emuhaya,Emuhaya,Vihiga,Ebusiekwe Community Health Unit,600652,40555
semi-functional,Mukuyuni Sub County Hospital,Ukia,Kaiti,Kaiti,Makueni,Mukuyuni Community Health Unit,602039,40603
Closed,Manyuanda Sub county Hospital,West Seme,Seme,Seme,Kisumu,Otonglo Community Health Unit,602960,41409
Fully-functional,Manyuanda Sub county Hospital,West Seme,Seme,Seme,Kisumu,West Kadinga Community Health Unit,600133,39814
Fully-functional,Manyuanda Sub county Hospital,West Seme,Seme,Seme,Kisumu,East Kadinga Community Health Unit,600110,39814
non-functinoal,Manyuanda Sub county Hospital,West Seme,Seme,Seme,Kisumu,Angoga Community Health Unit,602745,41198
Fully-functional,Kabuchai Health Centre,Kabuchai/Chwele,Kabuchai,Kabuchai,Bungoma,Kabuchai Community Health Unit,600537,39817
Fully-functional,Nguluni Health Centre,Matungulu West,Matungulu,Matungulu,Machakos,Nguluni Community Health Unit,602066,40664
Fully-functional,Kimana Health Centre,Kimana,Kajiado South,Loitokitok,Kajiado,Enkii Community Health Unit,600960,39845
Fully-functional,Kimana Health Centre,Kimana,Kajiado South,Loitokitok,Kajiado,Empiron Community Health Unit,600959,40513
Fully-functional,Kimana Health Centre,Kimana,Kajiado South,Loitokitok,Kajiado,Elerai Community Health Unit,600958,40664
Fully-functional,Vipingo Rural Demonstration Health Centre,Junju,Kilifi South,Kilifi South,Kilifi,Vipingo Community Health Unit,601782,40969
semi-functional,Maina & Mwangi Health Centre,Weru,Oljorook,Oljoroorok,Nyandarua,Simba Community Health Unit,601564,40787
semi-functional,Bamba Sub-County Hospital,Bamba,Ganze,Ganze,Kilifi,Maryango Community Health Unit,601774,40603
Fully-functional,Shiraha Health Centre,Marama North,Butere,Butere,Kakamega,Shiraha Community Health Unit,600623,40695
Fully-functional,Limuru Health Centre,Limuru Central,Limuru,Limuru,Kiambu,Ngecha Community Health Unit,601462,39630
Fully-functional,Limuru Health Centre,Limuru Central,Limuru,Limuru,Kiambu,Kamirithu Community Health Unit,601452,40299
Fully-functional,Nyakianga Health Centre,Gitugi,Mathioya,Mathioya,Muranga,Nyakianga Community Health Unit,601474,40634
semi-functional,Nyakianga Health Centre,Gitugi,Mathioya,Mathioya,Muranga,Karunge Mihuti Community Health Unit,601471,39692
Fully-functional,Nyakianga Health Centre,Gitugi,Mathioya,Mathioya,Muranga,Gikoe Community Health Unit,601466,40544
Fully-functional,Leshau Pondo Health Centre,Leshau/Pondo,Ndaragwa,Ndaragwa,Nyandarua,Leshau Community Health Unit,601543,40238
Fully-functional,Ngorongo Health Centre,Chania,Gatundu North,Gatundu North,Kiambu,Makwa Community Health Unit,601282,39600
Fully-functional,Ngorongo Health Centre,Chania,Gatundu North,Gatundu North,Kiambu,Kairi Community Health Unit,601280,39203
Fully-functional,Kiambere Health Centre,Kiambere,Mbeere South,Mbeere South,Embu,Kiambere Community Health Unit,602210,39904
semi-functional,Kanja Health Centre,Kagaari North,Runyenjes,Runyenjes,Embu,Kanja Community Health Unit,602418,40940
Fully-functional,Lare Health Centre,Lare,Njoro,Njoro,Nakuru,Lare Community Health Unit,601139,40057
Fully-functional,Riotanchi Health Centre,Bomorenda,Bonchari,Bonchari,Kisii,Bonyanchaire Community Health Unit,600077,40391
Fully-functional,Athi River Health Centre,Athi River,Mavoko,Athi River,Machakos,Slota Community Health Unit,601923,40603
Fully-functional,Athi River Health Centre,Athi River,Mavoko,Athi River,Machakos,Kanaani Community Health Unit,601921,40634
Fully-functional,Sigoti Health Centre,South East Nyakach,Nyakach,Nyakach,Kisumu,Koguta East Community Health Unit,600258,40787
semi-functional,Sigoti Health Centre,South East Nyakach,Nyakach,Nyakach,Kisumu,Ramogi Community Health Unit,602738,41377
Fully-functional,Abidha Health Centre,East Asembo,Rarieda,Rarieda,Siaya,Omia Mwalo Community Health Unit,600411,39459
Fully-functional,Abidha Health Centre,East Asembo,Rarieda,Rarieda,Siaya,Omia Diere A Community Health Unit,600409,40695
Fully-functional,Abidha Health Centre,East Asembo,Rarieda,Rarieda,Siaya,Omia Diere B Community Health Unit,602620,41318
Fully-functional,Githiga Health Centre,Githiga,Githunguri,Githunguri,Kiambu,Githiga Community Health Unit,601291,40360
Fully-functional,Karia Health Centre,Ikinu,Githunguri,Githunguri,Kiambu,Ikinu Community Health Unit,601294,40756
Fully-functional,Karuri Level 4 Hospital,Karuri,Kiambaa,Kiambaa,Kiambu,Njiku B Community Health Unit,601348,38749
Fully-functional,Karuri Level 4 Hospital,Karuri,Kiambaa,Kiambaa,Kiambu,Njiku A Community Health Unit,601347,39539
Fully-functional,Karuri Level 4 Hospital,Karuri,Kiambaa,Kiambaa,Kiambu,Karuri Community Health Unit,601343,40878
Fully-functional,Githunguri Health Centre,Githunguri,Githunguri,Githunguri,Kiambu,Githunguri 2 Community Health Unit,601293,39965
Fully-functional,Githunguri Health Centre,Githunguri,Githunguri,Githunguri,Kiambu,Githunguri 1 Community Health Unit,601292,39934
Fully-functional,Ngewa Health Centre,Ngewa,Githunguri,Githunguri,Kiambu,Nyaga Community Health Unit,601297,39630
semi-functional,Olokyin Health Centre,Kipreres,Bomet East,Bomet East,Bomet,Kipreres Community Health Unit,600825,40603
Fully-functional,Kapteldon Health Centre,Simat/Kapseret,Kapseret,Kapseret,Uasin Gishu,Tuiyo Community Health Unit,601243,40513
Fully-functional,Kapteldon Health Centre,Simat/Kapseret,Kapseret,Kapseret,Uasin Gishu,Kapteldon Community Health Unit,602811,38718
Fully-functional,Kapteldon Health Centre,Simat/Kapseret,Kapseret,Kapseret,Uasin Gishu,Kapseret Community Health Unit,601233,39814
non-functinoal,Soba River Health Centre,Songhor/Soba,Tinderet,Tinderet,Nandi,Soba Community Health Unit,601189,40848
semi-functional,Kapteren Health Centre,Kamariny,Keiyo North,Keiyo North,Elgeyo Marakwet,Kapteren Community Health Unit,600921,40544
Fully-functional,Kesses Health Centre,Tulwet/Chuiyat,Kesses,Kesses,Uasin Gishu,Kesses Community Health Unit,601235,39873
Fully-functional,Kabichbich Health Centre,Lelan,Pokot South,Pokot South,West Pokot,Simotwo Community Health Unit,601159,40148
Fully-functional,Kabichbich Health Centre,Lelan,Pokot South,Pokot South,West Pokot,Kabichbich Community Health Unit,601156,39814
Fully-functional,Kuikui Healty Centre,Barwessa,Baringo North,Baringo North,Baringo,Kaboskei-kerio Community Health Unit,602242,40787
Fully-functional,Soin sub county hospital,Soin,Rongai,Rongai,Nakuru,Athinai Community Health Unit,601160,40513
non-functinoal,Kapcherop Health Centre,Sengwer,Marakwet West,Marakwet West,Elgeyo Marakwet,Kapcherop Community Health Unit,600994,39539
Fully-functional,Kaplamai Health Centre,Kaplamai,Cherangany,Cherangany,Trans Nzoia,Ngonyek Community Health Unit,602728,41487
Fully-functional,Kaplamai Health Centre,Kaplamai,Cherangany,Cherangany,Trans Nzoia,Sibanga Community Health Unit,601217,40969
semi-functional,Kaplamai Health Centre,Kaplamai,Cherangany,Cherangany,Trans Nzoia,Kaplamai Community Health Unit,601203,39845
Fully-functional,Kaplamai Health Centre,Kaplamai,Cherangany,Cherangany,Trans Nzoia,Chisare Community Health Unit,601198,40513
Fully-functional,Sogoo Health Centre,Sogoo,Narok South,Narok South,Narok,Sogoo Community Health Unit,601136,40299
Fully-functional,Serewo Health Centre,Riwo,Kapenguria,West Pokot,West Pokot,Serewo Community Health Unit,601258,40057
Fully-functional,Siongiroi Health Centre,Siongiroi,Chepalungu,Chepalungu,Bomet,Siongiroi Community Health Unit,602806,41306
Fully-functional,Sigor Sub District Hospital,Wei Wei,Sigor,Pokot Central,West Pokot,Ptokou Community Health Unit,601155,39814
Fully-functional,Tigoi Health Centre,Jepkoyai,Hamisi,Hamisi,Vihiga,Kitagwa Community Health Unit,600667,40184
Fully-functional,Kiminini Health Centre,Kiminini,Kiminini,Kiminini,Trans Nzoia,Birunda Community Health Unit,602379,40940
Fully-functional,Kiminini Health Centre,Kiminini,Kiminini,Kiminini,Trans Nzoia,Kananachi Community Health Unit,602378,40817
Fully-functional,Kiminini Health Centre,Kiminini,Kiminini,Kiminini,Trans Nzoia,Muthangari Community Health Unit,602365,40238
Fully-functional,Kolanya Salvation Army Dispensary,Ang'urai East,Teso North,Teso North,Busia,Kolanya Community Health Unit,600805,40940
Fully-functional,Moding Health Centre,Ang'urai North,Teso North,Teso North,Busia,Kakener Community Health Unit,600799,40187
Fully-functional,Moding Health Centre,Ang'urai North,Teso North,Teso North,Busia,Apokor Community Health Unit,600795,40940
Fully-functional,Moding Health Centre,Ang'urai North,Teso North,Teso North,Busia,Adumai Kolait Community Health Unit,600790,40940
Fully-functional,Koilot Health Centre,Ol'lessos,Nandi Hills,Nandi Hills,Nandi,Koilot Community Health Unit,601074,40087
Fully-functional,Bikeke Health Centre,Sirende,Kiminini,Kiminini,Trans Nzoia,Wehoya Community Health Unit,602417,40269
Fully-functional,Bikeke Health Centre,Sirende,Kiminini,Kiminini,Trans Nzoia,Machungwa Community Health Unit,602912,39455
Fully-functional,Bikeke Health Centre,Sirende,Kiminini,Kiminini,Trans Nzoia,Bikeke Community Health Unit,602911,39455
Fully-functional,Angurai Health Centre,Ang'urai North,Teso North,Teso North,Busia,Kakurikit Katotoi Community Health Unit,600800,40940
Fully-functional,Angurai Health Centre,Ang'urai North,Teso North,Teso North,Busia,Adanya Chelelemuk Community Health Unit,600789,40940
Fully-functional,Webuye Health Centre,Maraka,Webuye East,Webuye East,Bungoma,Nang'eni A Community Health Unit,600565,42037
Fully-functional,Amukura Health Centre,Amukura East,Teso South,Teso South,Busia,Kochek Community Health Unit,602381,40817
Fully-functional,Amukura Health Centre,Amukura East,Teso South,Teso South,Busia,Apatit Community Health Unit,602830,41426
Fully-functional,Esageri Health Centre,Koibatek,Eldama Ravine,Koibatek,Baringo,Esageri Community Health Unit,602534,41153
Fully-functional,Maji Tamu Health Centre,Solai,Rongai,Rongai,Nakuru,Chemasis Community Health Unit,601161,40513
semi-functional,Sosiani Health Centre,Kamagut,Turbo,Turbo,Uasin Gishu,Sosiani Community Health Unit,600871,40513
Fully-functional,Subukia Sub County Hospital,Subukia,Subukia,Subukia,Nakuru,Tetu Community Health Unit,601179,39873
Fully-functional,Subukia Sub County Hospital,Subukia,Subukia,Subukia,Nakuru,Subukia-east Community Health Unit,601178,40969
Fully-functional,Subukia Sub County Hospital,Subukia,Subukia,Subukia,Nakuru,Subukia Community Health Unit,601177,39783
Fully-functional,Subukia Sub County Hospital,Subukia,Subukia,Subukia,Nakuru,Mihango Community Health Unit,601174,40603
Fully-functional,Suwerwa Health Centre,Cherangany/Suwerwa,Cherangany,Cherangany,Trans Nzoia,Kapterit Community Health Unit,602724,40603
semi-functional,Suwerwa Health Centre,Cherangany/Suwerwa,Cherangany,Cherangany,Trans Nzoia,Kaptumbo Community Health Unit,601205,39873
Fully-functional,Suwerwa Health Centre,Cherangany/Suwerwa,Cherangany,Cherangany,Trans Nzoia,Kapkarwa Community Health Unit,601202,40603
semi-functional,Tulwet Health Centre,Waitaluk,Kiminini,Kiminini,Trans Nzoia,Nyabomo Community Health Unit,602446,39753
Fully-functional,Tulwet Health Centre,Waitaluk,Kiminini,Kiminini,Trans Nzoia,Mutambo Community Health Unit,602221,40544
semi-functional,Turbo Sub County Hospital,Tapsagoi,Turbo,Turbo,Uasin Gishu,Turbo Kaptebee Community Health Unit,600876,40513
non-functinoal,Turkwel Health Centre,Endugh,Kapenguria,West Pokot,West Pokot,Kositei Community Health Unit,601250,2009
semi-functional,Emarti Health Centre,Kimintet,Kilgoris,Transmara West,Narok,Emarti Community Health Unit,602420,40695
non-functinoal,Lelboinet Health Centre (Keiyo),Chepkorio,Keiyo South,Keiyo South,Elgeyo Marakwet,Lelboinet Community Health Unit,602471,40916
semi-functional,Mai Mahiu Health Centre,Mai Mahiu,Naivasha,Naivasha,Nakuru,Namocha-nakinyua Community Health Unit,601033,40909
semi-functional,Mai Mahiu Health Centre,Mai Mahiu,Naivasha,Naivasha,Nakuru,Muniu-kijabe Community Health Unit,601032,40909
semi-functional,Mai Mahiu Health Centre,Mai Mahiu,Naivasha,Naivasha,Nakuru,Maimahiu Community Health Unit,601029,40513
semi-functional,Milo Health Centre,Sitikho,Webute West,Webuye West,Bungoma,Milo Community Health Unit,600557,39815
Fully-functional,Sitikho Dispensary,Sitikho,Webute West,Webuye West,Bungoma,Sitikho Community Health Unit,602224,39815
Fully-functional,Milo Health Centre,Sitikho,Webute West,Webuye West,Bungoma,Mayila Community Health Unit,602818,41244
semi-functional,Serem Health Centre,Shamakhokho,Hamisi,Hamisi,Vihiga,Kapsotik Community Health Unit,600665,40969
Fully-functional,Bumula Sub County Hospital,Bumula,Bumula,Bumula,Bungoma,Bumula A Community Health Unit,600527,39814
Fully-functional,Kabazi Sub County Hospital,Kabazi,Subukia,Subukia,Nakuru,Maombi Community Health Unit,601173,40664
Fully-functional,Kabazi Sub County Hospital,Kabazi,Subukia,Subukia,Nakuru,Kabazi Community Health Unit,601172,39783
Fully-functional,Kabazi Sub County Hospital,Kabazi,Subukia,Subukia,Nakuru,Edge Wood Community Health Unit,601171,40756
semi-functional,Maiela Health Centre,Maeilla,Naivasha,Naivasha,Nakuru,Ngondi Community Health Unit,601035,40544
semi-functional,Maiela Health Centre,Maeilla,Naivasha,Naivasha,Nakuru,Maiela Community Health Unit,601028,40544
Fully-functional,Kilingili Health Centre,Idakho South,Ikolomani,Ikolomani,Kakamega,Kaluni Community Health Unit,600712,39815
semi-functional,Banja Health Centre,Banja,Hamisi,Hamisi,Vihiga,Kapchekwen Community Health Unit,600663,40878
Fully-functional,Kituro Health Centre,Ewalel/Chapchap,Baringo Central,Baringo Central,Baringo,Kituro Community Health Unit,601760,41214
semi-functional,Kipwastuiyo Health Centre,Cheplanget,Bureti,Bureti,Kericho,Kipwastuiyo Community Health Unit,602493,41334
semi-functional,Emining Health Centre,Emining,Mogotio,Mogotio,Baringo,Emining Community Health Unit,601013,40725
semi-functional,Kipkabus Health Centre,Ainabkoi/Olare,Ainabkoi,Ainabkoi,Uasin Gishu,Kipkabus Community Health Unit,600841,40391
semi-functional,Msekekwa Health Centre,Kapchemutwa,Keiyo North,Keiyo North,Elgeyo Marakwet,Kapchemutwa Community Health Unit,600920,40544
semi-functional,Nairagie-Enkare Health Centre,Keekonyokie,Narok East,Narok East,Narok,Olosho Onyok Cbo Sintakara Community Health Unit,601110,40969
non-functinoal,Koyo Health Centre,Koyo/Ndurio,Aldai,Aldai,Nandi,Koyo Community Health Unit,601098,41030
non-functinoal,Enabelbel Health Centre,Olorropil,Narok North,Narok North,Narok,Enabelbel Community Health Unit,601101,39845
Fully-functional,Enoosaen Health Centre,Keyian,Kilgoris,Transmara West,Narok,Enoosaen Community Health Unit,601193,40483
semi-functional,Chombeli Health Centre,Shirungu-mugai,Malava,Malava,Kakamega,Samitsi Community Health Unit,600705,39814
semi-functional,Kabatini Health Centre,Kabatini,Bahati,Nakuru North,Nakuru,Mutukanio Community Health Unit,601058,40513
Fully-functional,Kabatini Health Centre,Kabatini,Bahati,Nakuru North,Nakuru,Kabatimi Health Centre Community Health Unit,601054,39934
Fully-functional,Upper Solai Health Centre,Kabazi,Subukia,Subukia,Nakuru,Nyandundo Community Health Unit,602594,40878
Fully-functional,Upper Solai Health Centre,Kabazi,Subukia,Subukia,Nakuru,Nyadundo Community Health Unit,601166,40513
Fully-functional,Naroosura Health Centre,Maji Moto/Naroosura,Narok South,Narok South,Narok,Naroosura Community Health Unit,601127,2008
Fully-functional,Dundori Health Centre,Dundori,Bahati,Nakuru North,Nakuru,Githioro Community Health Unit,601053,39934
semi-functional,Gitwamba Health Centre,Saboti,Saboti,Saboti,Trans Nzoia,Sikinwa Community Health Unit,602386,39845
Fully-functional,Ngarua Health Centre,Marmanet,Laikipia West,Laikipia West,Laikipia,Ng'arua Community Health Unit,600954,40787
Fully-functional,Ndindika Health Centre,Githiga,Laikipia West,Laikipia West,Laikipia,Kinamba Community Health Unit,600953,40787
semi-functional,Ol-Jorai H/C,Mbaruk/Eburu,Gilgil,Gilgil,Nakuru,Oljorai Community Health Unit,600889,40179
semi-functional,Muskut Health Centre,Soy North,Keiyo South,Keiyo South,Elgeyo Marakwet,Muskut Community Health Unit,602487,40916
non-functinoal,Chemase Health Centre,Chemelil/Chemase,Tinderet,Tinderet,Nandi,Chemase Community Health Unit,601093,41000
Fully-functional,Cherangany Sub County Hospital,Motosiet,Cherangany,Cherangany,Trans Nzoia,Tunen Community Health Unit,601219,40969
Fully-functional,Cherangany Sub County Hospital,Motosiet,Cherangany,Cherangany,Trans Nzoia,Nzoia Community Health Unit,601216,40391
semi-functional,Cherangany Sub County Hospital,Motosiet,Cherangany,Cherangany,Trans Nzoia,Noigam Community Health Unit,601215,39845
Fully-functional,Cherangany Sub County Hospital,Motosiet,Cherangany,Cherangany,Trans Nzoia,Kiptoi Community Health Unit,601209,40603
non-functinoal,Chepkorio Health Centre,Chepkorio,Keiyo South,Keiyo South,Elgeyo Marakwet,Chepkorio Community Health Unit,602469,40916
non-functinoal,Angata Health Centre,Angata Barikoi,Kilgoris,Transmara West,Narok,Angata Community Health Unit,601192,41091
Fully-functional,Bomet Health Centre,Silibwet Township,Bomet Central,Bomet Central,Bomet,Chepngaina Community Health Unit,602848,41306
Fully-functional,Barwessa Health Centre,Barwessa,Baringo North,Baringo North,Baringo,Barwessa Community Health Unit,602232,40787
Fully-functional,Chepareria Sub District Hospital,Chepareria,Pokot South,Pokot South,West Pokot,Senetwo Community Health Unit,601257,40148
non-functinoal,St Michael Dispensary,Embobut/Embulot,Marakwet East,Marakwet East,Elgeyo Marakwet,Embobut Community Health Unit,600975,40452
Fully-functional,Kalokol (AIC) Health Centre,Kalokol,Turkana Central,Turkana Central,Turkana,Kalokol Community Health Unit,602900,41244
semi-functional,Moi's Bridge Health Centre,Moi's Bridge,Soy,Soy,Uasin Gishu,Moi's Bridge Community Health Unit,600863,39783
Fully-functional,Eldama Ravine (AIC) Health Centre,Ravine,Eldama Ravine,Koibatek,Baringo,Eldama Ravine Aic Community Health Unit,602036,41183
semi-functional,Kaboson Health Centre,Chebunyo,Chepalungu,Chepalungu,Bomet,Nogirwet Community Health Unit,602280,39845
Fully-functional,Lokichar (RCEA) Health Centre,Lokichar,Turkana South,Turkana South,Turkana,Kapese Community Health Unit,601223,41061
Fully-functional,Lokichar (RCEA) Health Centre,Lokichar,Turkana South,Turkana South,Turkana,Kamarese Community Health Unit,601222,41000
Fully-functional,Kabobo Health Centre,Ziwa,Soy,Soy,Uasin Gishu,Kabobo Community Health Unit,600856,40575
Fully-functional,Khasoko Health Centre,Khasoko,Bumula,Bumula,Bungoma,Khasoko Community Health Unit,600529,39814
Fully-functional,Nakwamoru Health Centre,Kaputir,Turkana South,Turkana South,Turkana,Nakwamoru Community Health Unit,602907,41214
Fully-functional,Ichagaki (Mission) Health Centre,Ichagaki,Maragwa,muranga south,Muranga,Ichagaki Community Health Unit,601501,40026
Fully-functional,Ngubereti Health Centre,Mogotio,Mogotio,Mogotio,Baringo,Ngubereti Community Health Unit,602882,41214
Fully-functional,St Pius Musoli Health Centre,Idakho Central,Ikolomani,Ikolomani,Kakamega,Shikulu Community Health Unit,600720,40634
non-functinoal,Chesongoch Health Centre,Endo,Marakwet East,Marakwet East,Elgeyo Marakwet,Chesongoch Community Health Unit,600974,40513
semi-functional,St. Monica Eregi Mission Health Centre,Idakho South,Ikolomani,Ikolomani,Kakamega,Shisejeri Community Health Unit,600722,39815
semi-functional,St. Monica Eregi Mission Health Centre,Idakho South,Ikolomani,Ikolomani,Kakamega,Lukose Community Health Unit,600713,40634
Fully-functional,Arror Health Centre,Arror,Marakwet West,Marakwet West,Elgeyo Marakwet,Arror Community Health Unit,602496,39823
Fully-functional,St Elizabeth Lorugum Health Centre,Turkwel,Loima,Loima,Turkana,Lorugum Community Health Unit,602255,41000
Fully-functional,Chemworor Health Centre,Sambirir,Marakwet East,Marakwet East,Elgeyo Marakwet,Chemwoto Community Health Unit,600973,40452
non-functinoal,Endo Health Centre,Endo,Marakwet East,Marakwet East,Elgeyo Marakwet,St Abraham -endo Community Health Unit,600987,40452
non-functinoal,Endo Health Centre,Endo,Marakwet East,Marakwet East,Elgeyo Marakwet,Kaben Community Health Unit,600978,40544
non-functinoal,St Anthony Lemek Dispensary,Mara,Narok West,Narok West,Narok,Lemek Community Health Unit,601122,40603
non-functinoal,Kipsigak Health Centre,Ziwa,Soy,Soy,Uasin Gishu,Kipsigak Community Health Unit,600858,39479
Fully-functional,Kangakipur Dispensary,Kalapata,Turkana South,Turkana South,Turkana,Kangakipur Community Health Unit,602908,41275
Fully-functional,Nakurio Dispensary,Kerio Delta,Turkana Central,Turkana Central,Turkana,Nakurio Community Health Unit,602904,41244
Fully-functional,Namoruputh (PAG) Health Centre,Loima,Loima,Loima,Turkana,Namoruputh Community Health Unit,602884,40725
Fully-functional,Barsombe Dispensary,Segeroi/Barsombe,Soy,Soy,Uasin Gishu,Barsombe Community Health Unit,600849,40422
non-functinoal,Assumption Sisters Dispensary,Kapchemutwa,Keiyo North,Keiyo North,Elgeyo Marakwet,Kamoi Community Health Unit,600919,40544
Fully-functional,Maji Moto Dispensary (Narok South),Maji Moto/Naroosura,Narok South,Narok South,Narok,Majimoto Community Health Unit,601123,40210
Fully-functional,Marich Dispensary,Sekerr,Sigor,Pokot Central,West Pokot,Orwa Community Health Unit,602503,41275
Fully-functional,Ngito Dispensary,Ilmotiook,Narok West,Narok West,Narok,Ilmotiok Community Health Unit,601120,40299
non-functinoal,Olmekenyu Health Centre,Melelo,Narok South,Narok South,Narok,Olmekenyu Community Health Unit,601131,40210
Fully-functional,Nasolot Dispensary,Sekerr,Sigor,Pokot Central,West Pokot,Parkoyo Community Health Unit,602812,39508
non-functinoal,Nasolot Dispensary,Sekerr,Sigor,Pokot Central,West Pokot,Porkoyo Community Health Unit,601154,40148
non-functinoal,Kapkitony Dispensary,Kabiemit,Keiyo South,Keiyo South,Elgeyo Marakwet,Maoi Community Health Unit,602479,40916
non-functinoal,Machwele Dispensary,West Bukusu,Bumula,Bumula,Bungoma,Machwele Community Health Unit,600532,40575
Fully-functional,Lanet Health Centre,Nakuru East,Nakuru Town East,Nakuru East,Nakuru,Free-area Community Health Unit,601041,40603
Fully-functional,Maragua Ridge Health Centre,Kambiti,Maragwa,muranga south,Muranga,Maragua Community Health Unit,601514,39753
non-functinoal,Maragua Ridge Health Centre,Kambiti,Maragwa,muranga south,Muranga,Kamuiru Community Health Unit,601507,39661
Fully-functional,Makuyu Health Centre,Makuyu,Maragwa,muranga south,Muranga,Makuyu Community Health Unit,601513,39356
non-functinoal,Makuyu Health Centre,Makuyu,Maragwa,muranga south,Muranga,Gathungururu Community Health Unit,601500,40238
non-functinoal,Makuyu Health Centre,Makuyu,Maragwa,muranga south,Muranga,Gakungu Community Health Unit,601498,40269
Fully-functional,Kigumo Health Centre (Kiambu East),Komothai,Githunguri,Githunguri,Kiambu,Kibichoi Community Health Unit,601295,39661
semi-functional,Langa Langa Hospital,Flamingo,Nakuru Town East,Nakuru East,Nakuru,Kk Community Health Unit,602593,41183
semi-functional,Langa Langa Hospital,Flamingo,Nakuru Town East,Nakuru East,Nakuru,Lakeview Community Health Unit,602585,41183
Fully-functional,Langa Langa Hospital,Flamingo,Nakuru Town East,Nakuru East,Nakuru,Flapak Community Health Unit,602584,40756
non-functinoal,Langa Langa Hospital,Flamingo,Nakuru Town East,Nakuru East,Nakuru,Mwariki A Community Health Unit,601047,40969
non-functinoal,Langa Langa Hospital,Flamingo,Nakuru Town East,Nakuru East,Nakuru,Langa-langa Community Health Unit,601044,40969
Fully-functional,Kigumo Sub County Hospital (Kigumo),Kigumo,Kigumo,Kigumo,Muranga,Marumi Community Health Unit,601382,40756
non-functinoal,Kigumo Sub County Hospital (Kigumo),Kigumo,Kigumo,Kigumo,Muranga,Kirere Community Health Unit,601378,40695
non-functinoal,Kigumo Sub County Hospital (Kigumo),Kigumo,Kigumo,Kigumo,Muranga,Iriguini Community Health Unit,601371,40787
non-functinoal,Kigumo Sub County Hospital (Kigumo),Kigumo,Kigumo,Kigumo,Muranga,Gatumbi Community Health Unit,601367,40787
semi-functional,Kigumo Sub County Hospital (Kigumo),Kigumo,Kigumo,Kigumo,Muranga,Gachocho Community Health Unit,601365,40787
semi-functional,Masinga Sub County Hospital,Masinga Central,Masinga,Masinga,Machakos,Masinga Community Health Unit,602054,39904
Fully-functional,Muthambi Health Centre,Muthambi,Maara,Muthambi,Tharaka Nithi,Igamurathi Community Health Unit,602019,39600
semi-functional,Kivaa Health Centre,Kivaa,Masinga,Masinga,Machakos,Kivaa Community Health Unit,602052,40513
semi-functional,Mbale Health Centre,Wundanyi/Mbale,Wundanyi,Wundanyi,Taita Taveta,Mbalewema Community Health Unit,601873,39203
Fully-functional,Njukini Health Centre,Chala,Taveta,Taveta,Taita Taveta,Njukini Community Health Unit,602223,39295
semi-functional,Ikutha Sub County Hospital,Ikutha,Kitui South,Kitui South,Kitui,Ikutha Community Health Unit,601963,39873
Fully-functional,Sagala Health Centre,Sagala,Voi,Voi,Taita Taveta,Sagala Community Health Unit,602837,39569
Fully-functional,Sagala Health Centre,Sagala,Voi,Voi,Taita Taveta,Sagalla Community Health Unit,602797,39508
Closed,Muyeye Medical Clinic,Shella,Malindi,Malindi,Kilifi,Wanda Community Health Unit,602356,40087
Fully-functional,Iom Wellness Clinic,Airbase,Kamukunji,Kamukunji,Nairobi,Okoa Maisha Community Health Unit,602535,41306
Fully-functional,Mbuyu Dispensary,Leshau/Pondo,Ndaragwa,Ndaragwa,Nyandarua,Mbuyu Muugano Community Health Unit,601545,39083
semi-functional,Ngamwa Dispensary,Rugi,Mukurweini,Mukurweini,Nyeri,Ngamwa Community Health Unit,602349,40210
Fully-functional,Cheptarit Dispensary,Kabiyet,Mosop,Mosop,Nandi,Chepterit Community Health Unit,601085,40544
non-functinoal,Mukuru Health Centre,Imara Daima,Embakasi South,Embakasi South,Nairobi,Wape Wape Community Health Unit,601637,40920
Closed,Mukuru Health Centre,Imara Daima,Embakasi South,Embakasi South,Nairobi,Motomoto Community Health Unit,601627,41011
Fully-functional,Mukuru Health Centre,Imara Daima,Embakasi South,Embakasi South,Nairobi,Milimani Community Health Unit,601626,40920
Closed,Mukuru Health Centre,Imara Daima,Embakasi South,Embakasi South,Nairobi,Double A Community Health Unit,601619,40920
Fully-functional,Mukuru Health Centre,Imara Daima,Embakasi South,Embakasi South,Nairobi,Forty-eight Community Health Unit,602606,40980
Fully-functional,Kitambaasye Dispensary,Matungulu North,Matungulu,Matungulu,Machakos,Kitambaasye Community Health Unit,602060,40940
Fully-functional,Makongeni Dispensary,Kamenu,Thika Town,Thika Town,Kiambu,Umoja Community Health Unit,601606,40817
non-functinoal,Magina Health Center,East Kano/Wawidhi,Nyando,Nyando,Kisumu,Magiwa Community Health Unit,600300,40664
Fully-functional,Siala Kaduol,South Gem,Gem,Gem,Siaya,Onyinyore Community Health Unit,602963,40544
semi-functional,Oriang Kanyadwera Dispensary,North Seme,Seme,Seme,Kisumu,West Kanyadwera Community Health Unit,600134,40575
Fully-functional,Barding Dispensary,South East Alego,Alego Usonga,Alego Usonga,Siaya,Barding Chu Community Health Unit,602294,40756
Fully-functional,Mugutha (CDF) Dispensary,Murera,Juja,Juja,Kiambu,Mugutha Community Health Unit,601580,39630
Fully-functional,Khalala Dispensary,Sitikho,Webute West,Webuye West,Bungoma,Khalala Community Health Unit,602813,39873
Fully-functional,Kamukuywa Dispensary,Kamukuywa,Kimilili,Kimilili,Bungoma,Nabikotob A Community Health Unit,600731,39814
semi-functional,Bura Health Centre Taita,Bura(Mwatate),Mwatate,Mwatate,Taita Taveta,Mwangaza Community Health Unit,601877,40299
non-functinoal,Ahero Medical Centre,Awasi/Onjiko,Nyando,Nyando,Kisumu,Kakmie Community Health Unit,602580,40695
semi-functional,Buchangu Dispensary,Bunyala Central,Navakholo,Navakholo,Kakamega,Buchangu Community Health Unit,600670,40664
Fully-functional,Chuowe Dispensary,Wang'chieng,Karachuonyo,Karachuonyo,Homa Bay,Kobala Community Health Unit,600345,39604
semi-functional,Chiga Dispensary,Kolwa East,Kisumu East,Kisumu East,Kisumu,Chiga Community Health Unit,602706,41183
Closed,Kagwa Health Centre,West Uyoma,Rarieda,Rarieda,Siaya,Kagwa Community Health Unit,600397,40603
semi-functional,Wandumbi Dispensary,Wamagana,Tetu,Tetu,Nyeri,Wandumbi Community Health Unit,601587,40452
non-functinoal,Olando Dispensary,Kanyaluo,Karachuonyo,Karachuonyo,Homa Bay,Kawuor West Community Health Unit,600342,40878
Fully-functional,Olando Dispensary,Kanyaluo,Karachuonyo,Karachuonyo,Homa Bay,Kawuor East Community Health Unit,600341,40878
Fully-functional,Ogen Dispensary,Chemelil,Muhoroni,Muhoroni,Kisumu,West-songhor Community Health Unit,600203,41000
Fully-functional,Approved Dispensary,Mahiakalo,Lurambi,Lurambi,Kakamega,Sichirai A Community Health Unit,600679,39817
semi-functional,Approved Dispensary,Mahiakalo,Lurambi,Lurambi,Kakamega,Sichiraid Community Health Unit,602780,41426
semi-functional,Approved Dispensary,Mahiakalo,Lurambi,Lurambi,Kakamega,Sichirai C Community Health Unit,602777,41426
semi-functional,Approved Dispensary,Mahiakalo,Lurambi,Lurambi,Kakamega,Mahiakalo B Community Health Unit,602768,41426
semi-functional,Approved Dispensary,Mahiakalo,Lurambi,Lurambi,Kakamega,Emurumba A Community Health Unit,602765,41426
Fully-functional,Katagini Dispensary,Kalawa,Mbooni,Mbooni,Makueni,Ititu Community Health Unit,602514,41306
semi-functional,Rusinga Dispensary,Bobasi/Boitangare,Bobasi,Bobasi,Kisii,Rusinga Community Health Unit,602941,40725
Fully-functional,Kaptalelio Dispensary,Kaptama,Mt. Elgon,Mt Elgon,Bungoma,Kaptalelio Community Health Unit,602189,40787
non-functinoal,Kalulini Health Centre (Kibwezi),Kikumbulyu South,Kibwezi West,Kibwezi West,Makueni,Kalungu Community Health Unit,601983,39845
Fully-functional,Omiro Dispensary,Kokwanyo/Kakelo,Kabondo Kasipul,Kabondo Kasipul,Homa Bay,Kakelo Kamroth A Community Health Unit,602410,38808
non-functinoal,St John Marieni Dispensary,Abothuguchi Central,Central Imenti,Imenti Central,Meru,Mariene Community Health Unit,602234,40878
semi-functional,St Mary (ACK) Dispensary (Ngariama),Ngariama,Gichugu,Kirinyaga East,Kirinyaga,Kanjuu Community Health Unit,601414,40787
Fully-functional,Githuani (ACK) Dispensary,Kariti,Ndia,Kirinyaga West,Kirinyaga,Thigirici Community Health Unit,601441,41000
semi-functional,Nyamira Adventist Health Centre,Township,West Mugirango,Nyamira,Nyamira,Nyamira Township A Community Health Unit,600273,40817
semi-functional,Nyamira Adventist Health Centre,Township,West Mugirango,Nyamira,Nyamira,Nyamira Township A2 Community Health Unit,602682,41487
Fully-functional,Kids Alive Dispensary,Thegu River,Kieni,Kieni East,Nyeri,Thigu Community Health Unit,601358,41030
Fully-functional,Kids Alive Dispensary,Thegu River,Kieni,Kieni East,Nyeri,Chaka Community Health Unit,601352,41000
Fully-functional,Nyakach (AIC) Dispensary,South West Nyakach,Nyakach,Nyakach,Kisumu,Gari Community Health Unit,600247,40787
Fully-functional,Kemera Dispensary (Manga),Kamera,Kitutu Masaba,Manga,Nyamira,Moitunya Community Health Unit,602695,40772
Fully-functional,Nyamakoroto Dispensary,Gesima,Kitutu Masaba,Masaba North,Nyamira,Sungututa Community Health Unit,602924,41426
Fully-functional,Holy Family Oriang Mission Dispensary,Kabondo East,Kabondo Kasipul,Kabondo Kasipul,Homa Bay,Oriang Community Health Unit,602798,38535
Fully-functional,Ogande Dispensary,Homa Bay East,Homa Bay Town,Homa Bay Town,Homa Bay,Central Kanyach Kachar Community Health Unit,602217,40878
non-functinoal,Awasi Mission Health Center,Awasi/Onjiko,Nyando,Nyando,Kisumu,Border 1 Community Health Unit,600290,40695
Fully-functional,Awasi Mission Health Center,Awasi/Onjiko,Nyando,Nyando,Kisumu,Ayucha Community Health Unit,600288,40725
Closed,Oyani (SDA) Dispensary,West Kanyamkago,Uriri,Uriri,Migori,Oyamo Community Health Unit,600021,40665
Fully-functional,Nyanchwa Hospital,Kisii Central,Nyaribari Chache,Nyaribari Chache,Kisii,Nyanchwa Community Health Unit,602611,40725
Fully-functional,Magwagwa (SDA) Dispensary,Magwagwa,North Mugirango,Nyamira North,Nyamira,Magwagwa Community Health Unit,600281,40878
Fully-functional,Mulwanda Health Centre,Kisa Central,Khwisero,Khwisero,Kakamega,Eshirali Community Health Unit,602817,41214
Fully-functional,Mulwanda Health Centre,Kisa Central,Khwisero,Khwisero,Kakamega,Khushiku Community Health Unit,602815,40360
Fully-functional,Mji Wa Huruma Dispensary,Karura,Westlands,Westlands,Nairobi,Mji Wa Huruma Community Health Unit,601702,40603
Fully-functional,Shika Adabu (MCM) Dispensary,Shika Adabu,Likoni,Likoni,Mombasa,Shonda Community Health Unit,602220,40603
Closed,Nairobi South Clinic,Nairobi South,Starehe,Starehe,Nairobi,Fuata Nyayo Community Health Unit,601679,40452
Fully-functional,Pumwani Majengo Dispensary,Pumwani,Kamukunji,Kamukunji,Nairobi,Majengo Community Health Unit,601643,40664
Closed,Pangani Dispensary,Pangani,Starehe,Starehe,Nairobi,Village One Community Health Unit,601703,40787
Fully-functional,Mwembe Tayari Dispensary,Tononoka,Mvita,Mvita,Mombasa,Engilani Community Health Unit,601836,40603
semi-functional,Riruta Health Centre,Kawangware,Dagoretti North,Dagoretti North,Nairobi,Riruta Community Health Unit,601613,40725
Closed,Riruta Health Centre,Kawangware,Dagoretti North,Dagoretti North,Nairobi,Kawangware Community Health Unity,601609,40422
Closed,Riruta Health Centre,Kawangware,Dagoretti North,Dagoretti North,Nairobi,Kawangware Maini Community Health Unit,602538,40970
semi-functional,Riruta Health Centre,Kawangware,Dagoretti North,Dagoretti North,Nairobi,Dagoreti Maka Community Health Unit,602537,40969
Fully-functional,Butingo Dispensary,Bunyala West,Navakholo,Navakholo,Kakamega,Lusumu A Community Health Unit,602557,41275
Fully-functional,Nyalenda Nursing Home,Central Kasipul,Kasipul,Rachuonyo South,Homa Bay,Nyalenda Community Health Unit,600391,40848
Fully-functional,Boro Dispensary,Central Alego,Alego Usonga,Alego Usonga,Siaya,Ojwando A Community Health Unit,600445,40787
Fully-functional,Boro Dispensary,Central Alego,Alego Usonga,Alego Usonga,Siaya,Kochieng A Community Health Unit,600430,40664
Fully-functional,Girango Dispensary,Gachuba,Kitutu Masaba,Masaba North,Nyamira,Girango Community Health Unit,602921,41030
Fully-functional,Jomvu Model Health Centre,Jomvu Kuu,Jomvu,Jomvu,Mombasa,Narcol Community Health Unit,601792,40603
Fully-functional,Boya Nursing Home,Ahero,Nyando,Nyando,Kisumu,Kakmie Community Health Unit,600295,40695
non-functinoal,Boya Nursing Home,Ahero,Nyando,Nyando,Kisumu,Kabongo Community Health Unit,600292,40695
Fully-functional,Emukaba Dispensary,Butsotso East,Lurambi,Lurambi,Kakamega,Indangalasia Community Health Unit,602781,41214
semi-functional,Emukaba Dispensary,Butsotso East,Lurambi,Lurambi,Kakamega,Shirakalu Community Health Unit,602772,41426
Fully-functional,St Mathews Kandaria Dispensary,East Asembo,Rarieda,Rarieda,Siaya,Omia Malo B Community Health Unit,602621,41318
semi-functional,Otieno Owala Health Centre,North Seme,Seme,Seme,Kisumu,South Kowe Community Health Unit,602744,41197
semi-functional,Ilatu Health Centre (Makindu),Nguumo,Kibwezi West,Kibwezi West,Makueni,Ilatu Community Health Unit,602258,40695
Fully-functional,Nyaoga Community Dispensary,North Karachuonyo,Karachuonyo,Karachuonyo,Homa Bay,Kokoth B East Community Health Unit,600356,40848
Fully-functional,Nyaoga Community Dispensary,North Karachuonyo,Karachuonyo,Karachuonyo,Homa Bay,Koredo Community Health Unit,602863,40909
semi-functional,St Paul Dispensary,Ugunja,Ugunja,Ugunja,Siaya,Ugunja Community Health Unit,600513,39904
Fully-functional,Gatanga Dispensary,Gatanga,Gatanga,Gatanga,Muranga,Gatanga Community Health Unit,601262,40634
Closed,Makadara Mercy Sisters Dispensary,Maringo/Hamza,Makadara,Makadara,Nairobi,Commersial Garage Nursery Community Health Unit,601678,40980
semi-functional,Shirikisho Methodist Dispensary,Garsen South,Garsen,Garsen,Tana River,Dalu Community Health Unit,601883,41000
Fully-functional,Jaramogi Oginga Odinga Teaching & Referral Hospital,Kondele,Kisumu Central,Kisumu Central,Kisumu,Manyatta Community Health Unit,600237,40878
Fully-functional,Jaramogi Oginga Odinga Teaching & Referral Hospital,Kondele,Kisumu Central,Kisumu Central,Kisumu,Obunga Community Health Unit,600229,40878
Fully-functional,Jibana Sub District Hospital,Kaloleni,Kaloleni,Kaloleni,Kilifi,Nyaiani Community Health Unit,601755,39873
semi-functional,Jibana Sub District Hospital,Kaloleni,Kaloleni,Kaloleni,Kilifi,Tsangwa Community Health Unit,602319,40969
semi-functional,Jibana Sub District Hospital,Kaloleni,Kaloleni,Kaloleni,Kilifi,Tsagwa Community Health Unit,602564,40969
Fully-functional,Ambira Sub-County Hospital,Ugunja,Ugunja,Ugunja,Siaya,Ngunya Community Health Unit,600494,40878
Fully-functional,Ambira Sub-County Hospital,Ugunja,Ugunja,Ugunja,Siaya,Ambira Community Health Unit,600471,40878
Fully-functional,Tudor District Hospital (Mombasa),Tudor,Mvita,Mvita,Mombasa,Moroto Community Health Unit,601844,39995
Closed,Gertrudes Childrens Hospital,Karura,Westlands,Westlands,Nairobi,Getrude Githogoro Community Health Unit,601705,40603
Fully-functional,Bamburi Dispensary,Kadzandani,Nyali,Nyali,Mombasa,Bulo Community Health Unit,601835,40603
Closed,Kariokor Clinic,Ziwani/Kariokor,Starehe,Starehe,Nairobi,Test Unit Community Health Unit,602973,42268
semi-functional,Approved Dispensary,Mahiakalo,Lurambi,Lurambi,Kakamega,Mahiakalo A Community Health Unit,602767,41426
semi-functional,Mogoon Dispensary,Kapkures,Soy,Soy,Uasin Gishu,Mogoon Community Health Unit,600862,39173
non-functinoal,Sibilo Dispensary,Saimo/Soi,Baringo North,Baringo North,Baringo,Sibilo Community Health Unit,602230,40817
semi-functional,Mechimeru Model Health Center,East Sang'alo,Kanduyi,Kanduyi,Bungoma,Mechimeru Community Health Unit,600578,39448
Fully-functional,Kakimanyi Dispensary,Sitikho,Webute West,Webuye West,Bungoma,Kakimanu Community Health Unit,600555,40603
semi-functional,Mumbule Dispensary,East Sang'alo,Kanduyi,Kanduyi,Bungoma,Mumbule Community Health Unit,600579,40544
Fully-functional,Rumbiye Dispensary,Ageng'a Nanguba,Funyula,Samia,Busia,Rumbiye Community Health Unit,600783,39452
Fully-functional,Namagara Dispensary,Manda-shivanga,Malava,Malava,Kakamega,Fubuye Community Health Unit,600699,39814
semi-functional,Malekha Dispensary,Shirungu-mugai,Malava,Malava,Kakamega,Shirugu A Community Health Unit,600709,40575
Fully-functional,Nambuku Model Health Centre,Namboboto-nambuku,Funyula,Samia,Busia,Sibinga Community Health Unit,600784,39452
Fully-functional,Nambuku Model Health Centre,Namboboto-nambuku,Funyula,Samia,Busia,Mango Community Health Unit,600776,39451
Fully-functional,Nambuku Model Health Centre,Namboboto-nambuku,Funyula,Samia,Busia,Lugala Community Health Unit,600775,39452
Fully-functional,Nambuku Model Health Centre,Namboboto-nambuku,Funyula,Samia,Busia,Ludacho Community Health Unit,600774,39452
Fully-functional,Nambuku Model Health Centre,Namboboto-nambuku,Funyula,Samia,Busia,Ganjala Community Health Unit,600769,39452
semi-functional,Bondeni Health Centre (Trans Nzoia - Saboti),Kinyoro,Saboti,Saboti,Trans Nzoia,Sukura Community Health Unit,602335,39845
non-functinoal,Bondeni Health Centre (Trans Nzoia - Saboti),Kinyoro,Saboti,Saboti,Trans Nzoia,Teldet Kabuyefwe Community Health Unit,602254,39814
semi-functional,Bondeni Health Centre (Trans Nzoia - Saboti),Kinyoro,Saboti,Saboti,Trans Nzoia,Bondeni Community Health Unit,601286,40148
Fully-functional,Nangina Dispensary,Nangina,Funyula,Samia,Busia,Wakhungu Community Health Unit,600788,39452
Fully-functional,Nangina Dispensary,Nangina,Funyula,Samia,Busia,Sirekeresi Community Health Unit,600787,39452
Fully-functional,Nangina Dispensary,Nangina,Funyula,Samia,Busia,Sigulu Community Health Unit,600786,39452
Fully-functional,Nangina Dispensary,Nangina,Funyula,Samia,Busia,Odiado Community Health Unit,600781,39452
Fully-functional,Kabuodo Dispensary,Nangina,Funyula,Samia,Busia,Kabwodo Community Health Unit,600771,39452
Fully-functional,Nangina Dispensary,Nangina,Funyula,Samia,Busia,Bukhulungu Community Health Unit,600765,39452
Fully-functional,Nangina Dispensary,Nangina,Funyula,Samia,Busia,Budalanga Community Health Unit,600763,39452
Fully-functional,Nasianda Health Centre,Bumula,Bumula,Bumula,Bungoma,Kimatuni A Community Health Unit,600531,40575
Fully-functional,Nasianda Health Centre,Bumula,Bumula,Bumula,Bungoma,Mabusi B Community Health Unit,602822,41275
Fully-functional,Nasianda Health Centre,Bumula,Bumula,Bumula,Bungoma,Mabusi A Community Health Unit,602821,41275
semi-functional,Anin Dispensary,Tambach,Keiyo North,Keiyo North,Elgeyo Marakwet,Anin Community Health Unit,600916,40544
Fully-functional,Kabula Health Centre,Kabula,Bumula,Bumula,Bungoma,Kabula A Community Health Unit,600528,39814
Fully-functional,Buduta Dispensary,Ageng'a Nanguba,Funyula,Samia,Busia,Ojibo Community Health Unit,600782,39452
semi-functional,Bukembe Dispensary,Bukembe East,Kanduyi,Kanduyi,Bungoma,Bukembe Community Health Unit,600575,39448
semi-functional,Mbogoini Dispensary,Waseges,Subukia,Subukia,Nakuru,Gitundaga Community Health Unit,602265,39814
Fully-functional,Arama Dispensary,Lembus Kwen,Eldama Ravine,Koibatek,Baringo,Arama Community Health Unit,602529,41118
Fully-functional,Bahati Rural Health Centre,Bahati,Bahati,Nakuru North,Nakuru,Bahati Community Health Unit,601050,39934
Fully-functional,Bahati Rural Health Centre,Bahati,Bahati,Nakuru North,Nakuru,Emboita Community Health Unit,602950,41635
non-functinoal,Bartolimo Dispensary,Saimoi/Kipsaraman,Baringo North,Baringo North,Baringo,Kapteberewo Community Health Unit,602241,40817
Fully-functional,Busembe Dispensary,Bwiri,Funyula,Samia,Busia,Busijo Community Health Unit,600768,39452
Fully-functional,Ageng'a Dispensary (Samia),Ageng'a Nanguba,Funyula,Samia,Busia,Sigalame Community Health Unit,600785,39452
Fully-functional,Ageng'a Dispensary (Samia),Ageng'a Nanguba,Funyula,Samia,Busia,Luchululo Community Health Unit,600773,39452
Fully-functional,Buduta Dispensary,Ageng'a Nanguba,Funyula,Samia,Busia,Bukiri Community Health Unit,600766,39452
Fully-functional,Ageng'a Dispensary (Samia),Ageng'a Nanguba,Funyula,Samia,Busia,Ageng'a Community Health Unit,600762,39452
Fully-functional,Namuduru Dispensary,Bwiri,Funyula,Samia,Busia,Namuduru Community Health Unit,600778,39452
Fully-functional,Savane Dispensary,Idakho East,Ikolomani,Ikolomani,Kakamega,Savane Community Health Unit,600718,40634
semi-functional,Kimangeti Dispensary,Chemuche,Malava,Malava,Kakamega,Kimang'eti Community Health Unit,600701,40575
semi-functional,Kuvasali Health Centre,East Kabras,Malava,Malava,Kakamega,Ikoli Community Health Unit,600700,39814
semi-functional,Likindu Dispensary,Tambua,Hamisi,Hamisi,Vihiga,Mwembe Community Health Unit,600669,40184
non-functinoal,Adurkoit Dispensary,Riwo,Kapenguria,West Pokot,West Pokot,Adurkoit Community Health Unit,601244,39508
Fully-functional,Shihalia Dispensary,Idakho Central,Ikolomani,Ikolomani,Kakamega,Lunenele Community Health Unit,600714,40603
semi-functional,Shihome Dispensary,South Kabras,Malava,Malava,Kakamega,Efwetere Community Health Unit,600698,39814
Fully-functional,Kimaeti Health Centre,Kimaeti,Bumula,Bumula,Bungoma,Syombe Community Health Unit,600535,39814
semi-functional,Kapchemwani Dispensary,Gisambai,Hamisi,Hamisi,Vihiga,Gimomoi Community Health Unit,600661,40911
semi-functional,Kapchemwani Dispensary,Gisambai,Hamisi,Hamisi,Vihiga,Galona Community Health Unit,600660,41011
Fully-functional,Maina Dispensary,Sambirir,Marakwet East,Marakwet East,Elgeyo Marakwet,Nyimame Community Health Unit,600986,40452
Fully-functional,Bulondo Dispensary,West Sang'alo,Kanduyi,Kanduyi,Bungoma,Namwacha Community Health Unit,600580,39448
Fully-functional,Ngechek Dispensary,Lelmoko/Ngechek,Chesumei,Chesumei,Nandi,Ngechek Community Health Unit,601092,40544
semi-functional,Ngenyilel Dispensary,Ngenyilel,Turbo,Turbo,Uasin Gishu,Ngenyilel Community Health Unit,600866,40513
semi-functional,Ngenyilel Dispensary,Ngenyilel,Turbo,Turbo,Uasin Gishu,Murgusi Community Health Unit,600865,40513
Fully-functional,Ngeria South Dispensary,Megun,Kapseret,Kapseret,Uasin Gishu,Ngeria South Community Health Unit,601241,40634
non-functinoal,Ngetmoi Dispensary,Kabarnet,Baringo Central,Baringo Central,Baringo,Ng'etmoi Community Health Unit,600821,41000
Fully-functional,Ngutuk-Engiron Dispensary,Wamba West,Samburu East,Samburu East,Samburu,Waso West Community Health Unit,601170,40330
Fully-functional,Ekitale Dispensary,West Sang'alo,Kanduyi,Kanduyi,Bungoma,West Sangalo Community Health Unit,600582,39448
non-functinoal,Olmesutie Dispensary,Loita,Narok South,Narok South,Narok,Olmesutie Community Health Unit,601132,40452
semi-functional,Olchorro Health Centre,Melili,Narok North,Narok North,Narok,Olchorro Community Health Unit,601106,39904
semi-functional,Ndabibi Dispensary,Maeilla,Naivasha,Naivasha,Nakuru,Ndabibi Community Health Unit,601034,40603
semi-functional,Ndamichonik Dispensary,Kong'asis,Chepalungu,Chepalungu,Bomet,Sisei Community Health Unit,602270,40603
Fully-functional,Ndamichonik Dispensary,Kong'asis,Chepalungu,Chepalungu,Bomet,Sise Community Health Unit,602804,40603
non-functinoal,Nkorinkori Dispensary,Ilmotiook,Narok West,Narok West,Narok,Nkorinkori Community Health Unit,601128,39722
non-functinoal,Poi Dispensary,Saimoi/Kipsaraman,Baringo North,Baringo North,Baringo,Kipkata Community Health Unit,602247,40817
Fully-functional,Weonia Health Centre,Sikhendu,Kiminini,Kiminini,Trans Nzoia,Matisi Community Health Unit,602348,39692
semi-functional,Weonia Health Centre,Sikhendu,Kiminini,Kiminini,Trans Nzoia,Munasa Community Health Unit,602321,40210
Fully-functional,Wiyeta Dispensary,Sinyerere,Cherangany,Cherangany,Trans Nzoia,Ekegoro Community Health Unit,602727,41091
semi-functional,Wiyeta Dispensary,Sinyerere,Cherangany,Cherangany,Trans Nzoia,Wiyeta Community Health Unit,601220,39845
Fully-functional,Wiyeta Dispensary,Sinyerere,Cherangany,Cherangany,Trans Nzoia,Kesegon Community Health Unit,601206,40603
semi-functional,Ywalateke Dispensary,Chepareria,Pokot South,Pokot South,West Pokot,Ywalateke Community Health Unit,602320,40118
Fully-functional,Wei Dispensary,Waseges,Subukia,Subukia,Nakuru,Wei Community Health Unit,601180,39873
Fully-functional,Mangu Dispensary (Rongai),Menengai West,Rongai,Rongai,Nakuru,Mangu Community Health Unit,601165,39814
semi-functional,Biretwa health centre,Soy North,Keiyo South,Keiyo South,Elgeyo Marakwet,Chepsigot Community Health Unit,602698,40916
semi-functional,Maraigushu Dispensary,Naivasha East,Naivasha,Naivasha,Nakuru,Maraigushu Community Health Unit,601030,39995
Fully-functional,Kiwalwa Dispensary,Mboghoni,Taveta,Taveta,Taita Taveta,Mboghoni Community Health Unit,601909,41041
semi-functional,Imalaba Dispensary,Idakho South,Ikolomani,Ikolomani,Kakamega,Shabwali Community Health Unit,600719,40634
Fully-functional,Chemelil Dispensary,Chemelil/Chemase,Tinderet,Tinderet,Nandi,Chemelil Community Health Unit,601060,40422
Fully-functional,Chepkigen Dispensary,Cheptiret/Kipchamo,Kesses,Kesses,Uasin Gishu,Chepkigen Community Health Unit,601227,39873
Fully-functional,Gikono Dispensary,Kimorori/Wempa,Maragwa,muranga south,Muranga,Methi Community Health Unit,601516,39904
Fully-functional,Gikono Dispensary,Kimorori/Wempa,Maragwa,muranga south,Muranga,Kangangu Community Health Unit,601508,40210
semi-functional,Shiru Health Centre,Shiru,Hamisi,Hamisi,Vihiga,Makuchi Community Health Unit,600668,40969
Fully-functional,Malaba Dispensary,Malaba Central,Teso North,Teso North,Busia,Township Community Health Unit,600810,40940
Fully-functional,Malaba Dispensary,Malaba Central,Teso North,Teso North,Busia,Olobai Community Health Unit,600808,40940
Fully-functional,Malaba Dispensary,Malaba Central,Teso North,Teso North,Busia,Komiriai Community Health Unit,600806,40940
Fully-functional,Malaba Dispensary,Malaba Central,Teso North,Teso North,Busia,Kamuriai Community Health Unit,600801,40940
Fully-functional,Malaba Dispensary,Malaba Central,Teso North,Teso North,Busia,Amoni Community Health Unit,600794,40940
Fully-functional,Malaba Dispensary,Malaba Central,Teso North,Teso North,Busia,Osajai Community Health Unit,602829,41444
non-functinoal,Chepkopegh Dipensary,Chepareria,Pokot South,Pokot South,West Pokot,Shalpough Community Health Unit,601259,40575
semi-functional,Kianjugu Dispensary,Makuyu,Maragwa,muranga south,Muranga,Kirimiri Community Health Unit,601512,39904
semi-functional,Obekai Dispensary,Amukura Central,Teso South,Teso South,Busia,Okatekok Community Health Unit,602315,40848
non-functinoal,Chepkero Dispensary,Kaptagat,Ainabkoi,Ainabkoi,Uasin Gishu,Chepkero Community Health Unit,600831,39569
Fully-functional,Siboti Health Centre,Siboti,Bumula,Bumula,Bungoma,Siboti Community Health Unit,600534,40182
Fully-functional,Shivanga Health Centre,Manda-shivanga,Malava,Malava,Kakamega,Muriola Community Health Unit,600702,39814
semi-functional,Akiriamasi Dispensary,Amukura West,Teso South,Teso South,Busia,Osuret Community Health Unit,602292,40184
Fully-functional,Lukolis Model Health Centre,Amukura West,Teso South,Teso South,Busia,Akoreet Community Health Unit,602709,41244
non-functinoal,Cheptongei Health Centre,Moiben/Kuserwo,Marakwet West,Marakwet West,Elgeyo Marakwet,Cheptongei Community Health Unit,600989,40452
Fully-functional,Romosha Health centre,Kilgoris Central,Kilgoris,Transmara West,Narok,Romosha Community Health Unit,601194,40269
Fully-functional,Chepsiro Health Centre,Chepsiro/Kiptoror,Cherangany,Cherangany,Trans Nzoia,Moiben Community Health Unit,601212,40452
Fully-functional,Chepsiro Health Centre,Chepsiro/Kiptoror,Cherangany,Cherangany,Trans Nzoia,Kibuswa Community Health Unit,601207,41000
semi-functional,Chepsiro Health Centre,Chepsiro/Kiptoror,Cherangany,Cherangany,Trans Nzoia,Kapsigilai Kuriot Community Health Unit,601204,39845
semi-functional,Cheramei Dispensary,Kamagut,Turbo,Turbo,Uasin Gishu,Cheramai Community Health Unit,600853,40210
semi-functional,Rocco Dispensary,Malewa West,Gilgil,Gilgil,Nakuru,North-lake Kasarani Community Health Unit,601036,40909
semi-functional,Osorongai Dispensary,Ngenyilel,Turbo,Turbo,Uasin Gishu,Osorongai Community Health Unit,600867,40513
Fully-functional,Pesi Dispensary (Laikipia West),Salama,Laikipia West,Laikipia West,Laikipia,Pesi Laikipia Community Health Unit,602951,41275
Fully-functional,Piave Dispensary,Njoro,Njoro,Njoro,Nakuru,Subuku Community Health Unit,601168,39814
Fully-functional,Poole Dispensary,Riwo,Kapenguria,West Pokot,West Pokot,Poole Community Health Unit,601254,40603
Fully-functional,Imbiakalo Dispensary,West Kabras,Malava,Malava,Kakamega,Shikutse Community Health Unit,600708,40575
semi-functional,Simotwo Dispensary (Keiyo),Kabiemit,Keiyo South,Keiyo South,Elgeyo Marakwet,Tumeiyo Community Health Unit,602480,40916
non-functinoal,Tabare Dispensary,Metkei,Keiyo South,Keiyo South,Elgeyo Marakwet,Metkei Community Health Unit,602481,40916
semi-functional,Olposimoru Dispensary,Olposimoru,Narok North,Narok North,Narok,Olposimoru Community Health Workers Self Help Group Community Health Unit,601111,39904
non-functinoal,Ongata Naado Dispensary,Mosiro,Narok East,Narok East,Narok,Ongata Naado Community Health Unit,601112,40603
non-functinoal,Cherara Dispensary,Chilchila,Kipkelion West,Kipkelion West,Kericho,Kokwet Community Health Unit,602500,41225
Fully-functional,Ol-Rongai Dispensary (Rongai),Menengai West,Rongai,Rongai,Nakuru,Ol-rongai Community Health Unit,601167,39814
Fully-functional,Mirugi Kariuki Sub County Hospital,Nakuru East,Nakuru Town East,Nakuru East,Nakuru,Mwariki B Community Health Unit,601048,40603
non-functinoal,Ptoyo Dipensary,Endugh,Kapenguria,West Pokot,West Pokot,Ptoyo Kesot Community Health Unit,601256,2009
Fully-functional,Ongata Dispensary,Megun,Kapseret,Kapseret,Uasin Gishu,Ongata Community Health Unit,601242,40787
semi-functional,Merigi Health Centre,Merigi,Bomet East,Bomet East,Bomet,Chepkolon Community Health Unit,600822,40603
Fully-functional,Akichelesit Dispensary,Ang'urai South,Teso North,Teso North,Busia,Kekalet Community Health Unit,600802,40940
Fully-functional,Akichelesit Dispensary,Ang'urai South,Teso North,Teso North,Busia,Kakapel Community Health Unit,600798,40940
Fully-functional,Aboloi Dispensary,Ang'urai South,Teso North,Teso North,Busia,Rwatama Community Health Unit,600809,39479
Fully-functional,Aboloi Dispensary,Ang'urai South,Teso North,Teso North,Busia,Akolong Ketelepai Community Health Unit,600792,40940
Fully-functional,Aboloi Dispensary,Ang'urai South,Teso North,Teso North,Busia,Aedomoru Community Health Unit,600791,40187
semi-functional,Chepkemel Dispensary,Ngenyilel,Turbo,Turbo,Uasin Gishu,Chepkemel Community Health Unit,600850,40513
Fully-functional,Changara (GOK) Dispensary,Ang'urai East,Teso North,Teso North,Busia,Changara Akobwait Community Health Unit,600797,40940
Fully-functional,Changara (GOK) Dispensary,Ang'urai East,Teso North,Teso North,Busia,Aterait Community Health Unit,600796,40940
Fully-functional,Apokor Dispensary,Amukura Central,Teso South,Teso South,Busia,Apokor Community Health Unit,601284,40817
Fully-functional,Imulama Dispensary,Idakho North,Ikolomani,Ikolomani,Kakamega,Shimanyiro A Community Health Unit,600721,40634
Fully-functional,Chepchabas Dispensary,Chepchabas,Konoin,Konoin,Bomet,Chepchabas Community Health Unit,602808,41426
non-functinoal,Chepkechir Dispensary,Kapenguria,Kapenguria,West Pokot,West Pokot,Chemwochoi Community Health Unit,601245,40575
non-functinoal,Chesetan Dispensary,Sambirir,Marakwet East,Marakwet East,Elgeyo Marakwet,Kapchemuta Community Health Unit,600993,40422
semi-functional,Cheptebo Dispensary,Soy North,Keiyo South,Keiyo South,Elgeyo Marakwet,Kibargoi Community Health Unit,602485,40916
Fully-functional,Central Clinic (Kisumu East),Kondele,Kisumu Central,Kisumu Central,Kisumu,Agero Community Health Unit,602959,41667
Fully-functional,Mzizima (CDF) Dispensary,Pongwe/Kikokeni,Lunga Lunga,Lunga Lunga,Kwale,Wasini Community Health Unit,602760,40725
Fully-functional,Oyuma Dispensary (Rachuonyo),Central,Karachuonyo,Karachuonyo,Homa Bay,Kodondi Community Health Unit,600349,40848
non-functinoal,Oyuma Dispensary (Rachuonyo),Central,Karachuonyo,Karachuonyo,Homa Bay,Kamser B Community Health Unit,600328,40848
Fully-functional,Oyuma Dispensary (Rachuonyo),Central,Karachuonyo,Karachuonyo,Homa Bay,Kamser A Community Health Unit,600327,40848
Fully-functional,Utangwa Dispensary,Kithungo/Kitundu,Mbooni,Mbooni,Makueni,Utangwa Community Health Unit,602516,40483
Fully-functional,Cheptigit Dispensary,Kaptagat,Ainabkoi,Ainabkoi,Uasin Gishu,Cheptigit Community Health Unit,602814,40118
Fully-functional,Ngelel Tarit Dispensary,Kaptagat,Ainabkoi,Ainabkoi,Uasin Gishu,Lotonyok Community Health Unit,600842,40299
semi-functional,Ngelel Tarit Dispensary,Kaptagat,Ainabkoi,Ainabkoi,Uasin Gishu,Illula Community Health Unit,600836,40969
Closed,NASCOP VCT,Woodley/Kenyatta Golf Course,Kibra,Kibra,Nairobi,Diane Kamar Community Health Unit,602972,42066
Closed,NASCOP VCT,Woodley/Kenyatta Golf Course,Kibra,Kibra,Nairobi,Samuel Community Health Unit,602971,42136
Fully-functional,Kendu Adventist Hospital,Kendu Bay Town,Karachuonyo,Karachuonyo,Homa Bay,Lower Kakwajuok Community Health Unit,600364,40848
Fully-functional,St Orsola Mission Hospital,Chiakagira,Tharaka,Tharaka South,Tharaka Nithi,Matiri Community Health Unit,602150,39295
semi-functional,Nyahururu District Hospital,Igwamiti,Laikipia West,Laikipia West,Laikipia,Gitumu Community Health Unit,601560,39904
semi-functional,JM Kariuki County Memorial Hospital (Olkalou),Rurii,Ol Kalou,Olkalou,Nyandarua,Githunguri Community Health Unit,601533,40940
semi-functional,JM Kariuki County Memorial Hospital (Olkalou),Rurii,Ol Kalou,Olkalou,Nyandarua,Gichungo Community Health Unit,601532,39569
semi-functional,Juja Farm Health Centre,Kalimoni,Juja,Juja,Kiambu,Juja Farm Community Health Unit,601601,39173
Fully-functional,Kalimoni Mission Hospital (Juja),Kalimoni,Juja,Juja,Kiambu,Dekoma Community Health Unit,601600,39356
Fully-functional,Munongo Dispensary,Bukhayo West,Matayos,Matayos,Busia,Mundika Community Health Unit,600603,40848
Fully-functional,Esikulu Dispensary,Bukhayo West,Matayos,Matayos,Busia,Esikulu Community Health Unit,600601,40184
semi-functional,Ihururu Health Centre,Dedan Kimathi,Tetu,Tetu,Nyeri,Muhoya Community Health Unit,601586,40787
Fully-functional,Gwitembe Health Centre,Ntimaru West,Kuria East,Kuria East,Migori,Gwitembe Community Health Unit,600143,40817
Fully-functional,Banisa Sub County Hospital,Banissa,Banissa,Banissa,Mandera,Banisa Community Health Unit,602935,41498
Fully-functional,Dandu Health Centre,Dandu,Mandera West,Mandera West,Mandera,Dandu Community Health Unit,602934,41091
semi-functional,Shompole Health Centre,Magadi,Kajiado West,Kajiado West,Kajiado,Shompole Community Health Unit,602278,39692
Fully-functional,Gatondo Dispensary (Kipipiri),Wanjohi,Kipipiri,Kipipiri,Nyandarua,Gatondo Community Health Unit,601407,39934
semi-functional,Musalala Dispensary,Ilima,Kaiti,Kaiti,Makueni,Musalala Community Health Unit,601999,40544
semi-functional,Sajiloni Dispensary,Dalalekutuk,Kajiado Central,Kajiado Central,Kajiado,Sajiloni Community Health Unit,600902,40817
Fully-functional,Entasopia Health Centre,Magadi,Kajiado West,Kajiado West,Kajiado,Entasopia Community Health Unit,600905,39326
semi-functional,Agawo Dispensary,East Kamagak,Kasipul,Rachuonyo South,Homa Bay,Kachieng Community Health Unit,602430,40848
Fully-functional,Ilpolosat Dispensary,Kaputiei North,Kajiado East,Kajiado East,Kajiado,Ilpolosat Community Health Unit,600890,40575
Fully-functional,Rukanga Health Centre,Mutithi,Mwea,Kirinyaga North/Mwea West,Kirinyaga,Rukanga Community Health Unit,601530,37288
Fully-functional,Kibingei Dispensary,Kibingei,Kimilili,Kimilili,Bungoma,Kibingei Community Health Unit,600729,39814
Fully-functional,Gatuanyaga Dispensary,Gatuanyaga,Thika Town,Thika Town,Kiambu,Gatuanyaga Community Health Unit,601588,39234
semi-functional,Girigiri Dispensary,Nyabasi East,Kuria East,Kuria East,Migori,Girigiri Community Health Unit,600140,40057
Fully-functional,Kilimangodo Dispensary,Mwereni,Lunga Lunga,Lunga Lunga,Kwale,Mstunga Community Health Unit,601861,41041
non-functinoal,Kilimangodo Dispensary,Mwereni,Lunga Lunga,Lunga Lunga,Kwale,Kilimangodo Community Health Unit,602226,40725
Fully-functional,Kilimangodo Dispensary,Mwereni,Lunga Lunga,Lunga Lunga,Kwale,Hekima Community Health Unit,602753,40725
Fully-functional,Silaloni Dispensary,Chengoni/Samburu,Kinango,Kinango,Kwale,Silaloni Community Health Unit,602783,39722
Fully-functional,Kiria-Ini Dispensary,Kiru,Mathioya,Mathioya,Muranga,Kiriaini Community Health Unit,601472,39692
non-functinoal,Kiria Health Centre,Mugoiri,Kiharu,Kiharu,Muranga,Kiria Community Health Unit,601302,40299
Fully-functional,Kandongu Dispensary,Mutithi,Mwea,Kirinyaga North/Mwea West,Kirinyaga,Kabiriri Community Health Unit,601526,40969
Fully-functional,Ndivai Dispensary,Leshau/Pondo,Ndaragwa,Ndaragwa,Nyandarua,Ndivai Community Health Unit,601547,39052
Fully-functional,Anding'o Opanga Dispensary,West Nyakach,Nyakach,Nyakach,Kisumu,Ading'o Community Health Unit,600243,40787
Fully-functional,Kakamega Forest Dispensary,Isukha Central,Shinyalu,Shinyalu,Kakamega,Virembe A Community Health Unit,600697,40725
Fully-functional,Mnazini Dispensary,Garsen North,Garsen,Garsen,Tana River,Mnazini Community Health Unit,601887,40695
Fully-functional,Gichuru Dispensary,Sigona,Kikuyu,Kikuyu,Kiambu,Nduma Community Health Unit,601397,40238
Fully-functional,Gichuru Dispensary,Sigona,Kikuyu,Kikuyu,Kiambu,Nderi Uzima Community Health Unit,601396,40238
Closed,Gichuru Dispensary,Sigona,Kikuyu,Kikuyu,Kiambu,Kiku-n Community Health Unit,601392,40210
Closed,Gichuru Dispensary,Sigona,Kikuyu,Kikuyu,Kiambu,Muguga Community Health Unit,602952,41537
Fully-functional,Patte Dispensary,Faza,Lamu East,Lamu East,Lamu,Siyu-pate Community Health Unit,601818,40422
semi-functional,Vigurungani Dispensary,Puma,Kinango,Kinango,Kwale,Vigurungani Community Health Unit,601805,40756
semi-functional,Tiinei Dispensary,Suam,Kacheliba,Pokot North,West Pokot,Ngaru Community Health Unit,601429,39600
semi-functional,Tiinei Dispensary,Suam,Kacheliba,Pokot North,West Pokot,Nduini Community Health Unit,601428,39600
semi-functional,Tiinei Dispensary,Suam,Kacheliba,Pokot North,West Pokot,Karia Community Health Unit,601423,39600
semi-functional,Tiinei Dispensary,Suam,Kacheliba,Pokot North,West Pokot,Tiinei Community Health Unit,602855,41122
Fully-functional,Mochenwa Dispensary,Gesima,Kitutu Masaba,Masaba North,Nyamira,Nyabiosi Community Health Unit,602923,41426
semi-functional,Kagumoini Dispensary (Muranga North),Kiru,Mathioya,Mathioya,Muranga,Kora Community Health Unit,601473,39707
Fully-functional,Tindereti Dispensary,Nyansiongo,Borabu,Borabu,Nyamira,Tindereti Community Health Unit,600033,40603
semi-functional,Idsowe Dispensary,Garsen South,Garsen,Garsen,Tana River,Idsowe Community Health Unit,602285,40725
Fully-functional,Tchundwa Dispensary,Faza,Lamu East,Lamu East,Lamu,Faza Community Health Unit,601815,40026
Fully-functional,Mukurwe Dispensary,Kihumbu-ini,Gatanga,Gatanga,Muranga,Mukurwe Community Health Unit,601275,39479
Fully-functional,Nyandoche Ibere Dispensary,Nyansiongo,Borabu,Borabu,Nyamira,Matutu Community Health Unit,600031,40969
semi-functional,Olenarau Dispensary,Dalalekutuk,Kajiado Central,Kajiado Central,Kajiado,Ampiro Community Health Unit,602269,40817
Fully-functional,Kinanie Health Centre,Kinanie,Mavoko,Athi River,Machakos,Kinanie Community Health Unit,601922,40269
Fully-functional,Gesima Health Centre,Gesima,Kitutu Masaba,Masaba North,Nyamira,Riamoni Community Health Unit,600159,39356
non-functinoal,Saikeri Dispensary,Ewuaso Oo Nkidong'i,Kajiado West,Kajiado West,Kajiado,Saikeri Community Health Unit,600915,39873
Fully-functional,Rigoma Dispensary,Rigoma,Kitutu Masaba,Masaba North,Nyamira,Biticha Community Health Unit,602926,38537
Fully-functional,Nyagancha Dispensary,Gachuba,Kitutu Masaba,Masaba North,Nyamira,Rigena Community Health Unit,602927,38537
Fully-functional,Ngodhe Dispensary,East Kamagambo,Rongo,Rongo,Migori,Katonde Community Health Unit,600338,40848
Fully-functional,Mosiro Dispensary (Kajiado West),Mosiro,Kajiado West,Kajiado West,Kajiado,Oldoroko Community Health Unit,600911,40634
Fully-functional,Chinato Health Centre,Nyabasi West,Kuria East,Kuria East,Migori,Nyabikongori Community Health Unit,600146,40817
Fully-functional,Pesi Dispensary,Shamata,Ndaragwa,Ndaragwa,Nyandarua,Pesi Community Health Unit,601548,40969
semi-functional,Kanjinji Dispensary,Murinduko,Mwea,Kirinyaga South,Kirinyaga,Riagicheru Community Health Unit,601524,39783
Fully-functional,Riat Dispensary,West Kisumu,Kisumu West,Kisumu West,Kisumu,South Kapuonja Community Health Unit,600128,41000
semi-functional,Riat Dispensary,West Kisumu,Kisumu West,Kisumu West,Kisumu,North Kapuonja Community Health Unit,600125,40603
Fully-functional,Watuka Dispensary,Gatarakwa,Kieni,Kieni West,Nyeri,Watuka Community Health Unit,601363,39845
Fully-functional,Lutsangani Dispensary,Kinango,Kinango,Kinango,Kwale,Lutsangani Community Health Unit,601799,39934
non-functinoal,Lutsangani Dispensary,Kinango,Kinango,Kinango,Kwale,Gandini Community Health Unit,601797,39934
Fully-functional,Kibandaongo Dispensary,Kinango,Kinango,Kinango,Kwale,Kibandaowho Community Health Unit,601798,40118
non-functinoal,Taru Dispensary,Mackinon Road,Kinango,Kinango,Kwale,Taru Community Health Unit,601804,40980
Fully-functional,Taru Dispensary,Mackinon Road,Kinango,Kinango,Kwale,Dupharu Community Health Unit,602787,40940
non-functinoal,Njukini Dispensary,Rombo,Kajiado South,Loitokitok,Kajiado,Njukiini Community Health Unit,602236,40969
Fully-functional,Mwanda Dispensary,Mwavumbo,Kinango,Kinango,Kwale,Mwanda Community Health Unit,602793,39995
Fully-functional,Mwanda Dispensary,Mwavumbo,Kinango,Kinango,Kwale,Kalalani Community Health Unit,602791,40087
semi-functional,Esonorua Dispensary,Keekonyokie,Kajiado West,Kajiado West,Kajiado,Esonorua Community Health Unit,600907,40787
Fully-functional,Machururiati Dispensary,Gesima,Kitutu Masaba,Masaba North,Nyamira,Karantini Community Health Unit,600160,39934
non-functinoal,Nyabiosi Health Centre,Moticho,South Mugirango,South Mugirango,Kisii,Gikoe Community Health Unit,601369,40634
Fully-functional,Maziwa Dispensary,Garsen North,Garsen,Garsen,Tana River,Maziwa Community Health Unit,601886,40725
Fully-functional,Kibaranyaki Dispensary,Abothuguchi West,Central Imenti,Imenti Central,Meru,Kibaranyaki Community Health Unit,602212,39600
Fully-functional,Likia Dispensary,Mau Narok,Njoro,Njoro,Nakuru,Likia Community Health Unit,601140,39934
Fully-functional,Kairo Dispensary,Kiru,Mathioya,Mathioya,Muranga,Kairi Community Health Unit,601468,39692
Fully-functional,Matsangoni Model Health Centre,Matsangoni,Kilifi North,Kilifi North,Kilifi,Vyombo Community Health Unit,601783,39479
Fully-functional,Kahawa Dispensary,Esise,Borabu,Borabu,Nyamira,Ekerubo Community Health Unit,600028,40969
Fully-functional,Elwangale Health Centre,Kisa East,Khwisero,Khwisero,Kakamega,Emuruba Community Health Unit,602190,40184
Fully-functional,Elwangale Health Centre,Kisa East,Khwisero,Khwisero,Kakamega,Munjiti Community Health Unit,602547,40909
Fully-functional,Langata Enkima Dispensary,Kuku,Kajiado South,Loitokitok,Kajiado,Langata Enkima Community Health Unit,601121,40299
semi-functional,Diani Health Centre,Gambato Bongwe,Msambweni,Msambweni,Kwale,Scheme Community Health Unit,601865,40057
Fully-functional,Kotile Health Centre,Masalani,Ijara,Ijara,Garissa,Kotile Community Health Unit,601714,40452
Fully-functional,Korisa Dispensary,Masalani,Ijara,Ijara,Garissa,Korisa Community Health Unit,602651,41309
Fully-functional,Sangole Dispensary,Ijara,Ijara,Ijara,Garissa,Sangole Community Health Unit,601715,40238
Fully-functional,Nyansakia Health Centre,Sameta/Mokwerero,Bobasi,Bobasi,Kisii,Etora Community Health Unit,602942,40725
semi-functional,Kharanda Health Centre,Bunyala West,Navakholo,Navakholo,Kakamega,Sidikho Community Health Unit,600681,39817
Fully-functional,Umala Dispensary,North Alego,Alego Usonga,Alego Usonga,Siaya,Ulafu Community Health Unit,602309,40787
Fully-functional,Umala Dispensary,North Alego,Alego Usonga,Alego Usonga,Siaya,Umala Community Health Unit,601278,40848
Fully-functional,Wagai Health Centre,West Gem,Gem,Gem,Siaya,Wagai West Community Health Unit,600055,40544
Fully-functional,Wagai Health Centre,West Gem,Gem,Gem,Siaya,Wagai East Community Health Unit,600054,40878
Fully-functional,Wagai Health Centre,West Gem,Gem,Gem,Siaya,Ulamba Community Health Unit,600052,40664
Fully-functional,Wagai Health Centre,West Gem,Gem,Gem,Siaya,Malunga West Community Health Unit,600046,40878
Fully-functional,Wagai Health Centre,West Gem,Gem,Gem,Siaya,Malunga East Community Health Unit,600045,40878
Fully-functional,Wagai Health Centre,West Gem,Gem,Gem,Siaya,Malunga Central Community Health Unit,600044,40878
Fully-functional,Sirembe Dispensary,North Gem,Gem,Gem,Siaya,Sirembe Community Health Unit,600066,39819
semi-functional,Kijani (Mirera) Dispensary,Hellsgate,Naivasha,Naivasha,Nakuru,Kijani Community Health Unit,601026,40544
semi-functional,Muangeni Dispensary,Athi,Kitui South,Kitui South,Kitui,Mwangeni Community Health Unit,601967,40603
Fully-functional,Kararia Dispensary,Kapyego,Marakwet East,Marakwet East,Elgeyo Marakwet,Kararia Community Health Unit,602701,40913
Fully-functional,Taunet Dispensary,Songhor/Soba,Tinderet,Tinderet,Nandi,Songhor Community Health Unit,601191,40940
non-functinoal,Taunet Dispensary,Songhor/Soba,Tinderet,Tinderet,Nandi,Sokosik Community Health Unit,601190,40909
semi-functional,Muvuko Dispensary,Mutomo,Kitui South,Kitui South,Kitui,Muvuko Community Health Unit,602096,40575
semi-functional,Waso AIPCA Dispensary (Isiolo),Bulla Pesa,Isiolo North,Isiolo,Isiolo,Waso Community Health Unit,602404,40725
non-functinoal,Kapkwen Dispensary,Kipkelion,Kipkelion West,Kipkelion West,Kericho,Kapkwen Community Health Unit,600928,39934
Fully-functional,Good Shepherd Ang'iya,Kabouch North,Ndhiwa,Ndhiwa,Homa Bay,Kawuor Community Health Unit,600222,40878
non-functinoal,Kiti Dispensary,Menengai,Nakuru Town East,Nakuru East,Nakuru,Upper Menengai Community Health Unit,602587,40756
semi-functional,Kiti Dispensary,Menengai,Nakuru Town East,Nakuru East,Nakuru,Lower Menengai Community Health Unit,602586,41183
Fully-functional,Kiti Dispensary,Menengai,Nakuru Town East,Nakuru East,Nakuru,Menengai West Community Health Unit,601046,40969
Fully-functional,Mulot Health Centre,Ilmotiook,Narok West,Narok West,Narok,Mulot Community Health Unit,601125,40299
Closed,St Barkita Dispensary Utawala,Utawala,Embakasi East,Embakasi East,Nairobi,Utawala Community Health Unit,601636,41133
Fully-functional,GSU Kinisa Dispensary,Amwathi,Igembe North,Igembe North,Meru,Amwathi 2 Community Health Unit,602628,41456
Fully-functional,GSU Kinisa Dispensary,Amwathi,Igembe North,Igembe North,Meru,Kabaohi Community Health Unit,601938,40787
semi-functional,GSU Kinisa Dispensary,Amwathi,Igembe North,Igembe North,Meru,Amwathi Ii Community Health Unit,601936,41153
Fully-functional,Holo Dispensary,Awasi/Onjiko,Nyando,Nyando,Kisumu,Border 2 Community Health Unit,600291,40695
Fully-functional,Luuya Dispensary,Bwake/Luuya,Kabuchai,Kabuchai,Bungoma,Luuya Community Health Unit,600541,39816
Fully-functional,Moigutwo Dispensary,Bartabwa,Baringo North,Baringo North,Baringo,Kaboskei Community Health Unit,602191,40634
semi-functional,Koru Dispensary,Muhoroni Koru,Muhoroni,Muhoroni,Kisumu,Upper Homalime Community Health Unit,602666,41275
non-functinoal,Masol Dispensary,Masool,Sigor,Pokot Central,West Pokot,Akiriamet Community Health Unit,601146,40148
semi-functional,Sugumerga Dispensary,Sigor,Chepalungu,Chepalungu,Bomet,Koiyet Community Health Unit,602275,40603
Fully-functional,Haroresa,Wayu,Galole,Galole,Tana River,Haroresa Community Health Unit,601894,40848
Fully-functional,Roka,Bangale,Bura,Bura,Tana River,Masabubu Community Health Unit,601900,40787
semi-functional,Rei Dispensary,Kianjai,Tigania West,Tigania West,Meru,Reii Community Health Unit,602132,41102
semi-functional,Yala Dispensary,South Kasipul,Kasipul,Rachuonyo South,Homa Bay,Kawino Community Health Unit,600383,40878
semi-functional,Antubetwe Njoune Dispensary,Igembe East,Igembe Central,Igembe Central,Meru,Njoune Community Health Unit,601959,40909
semi-functional,Antubetwe Njoune Dispensary,Igembe East,Igembe Central,Igembe Central,Meru,Amaku Community Health Unit,601945,40878
semi-functional,Dry's Dispensary,Ainabkoi/Olare,Ainabkoi,Ainabkoi,Uasin Gishu,Drys Community Health Unit,600835,41000
semi-functional,Amwamba Dispensary,Akachiu,Igembe South,Igembe South,Meru,Amwamba Health Community Health Unit,601946,40817
Fully-functional,Ithangarari Dispensary,Mugumo-ini,Gatanga,Gatanga,Muranga,Ithangarari Community Health Unit,601264,40087
Fully-functional,Gathanji Dispensary,Gatanga,Gatanga,Gatanga,Muranga,Kigami Community Health Unit,601268,39326
Fully-functional,Ilchalai Dispensary,Imbrikani/Eselelnkei,Kajiado South,Loitokitok,Kajiado,Ilchalai Community Health Unit,601119,40603
semi-functional,Parua Dispensary,Batei,Pokot South,Pokot South,West Pokot,Parua Community Health Unit,602272,40513
non-functinoal,Wakor Dispensary,Wei Wei,Sigor,Pokot Central,West Pokot,Kopro Community Health Unit,601150,40148
semi-functional,Sitatunga Dispensary,Sitatunga,Cherangany,Cherangany,Trans Nzoia,Nairobi Community Health Unit,601214,40422
Fully-functional,Sitatunga Dispensary,Sitatunga,Cherangany,Cherangany,Trans Nzoia,Chematich Community Health Unit,601197,40969
non-functinoal,Cheptingwich Dispensary,Kabwareng,Aldai,Aldai,Nandi,Cheptingwich Community Health Unit,601095,41000
non-functinoal,Kaboi Dispensary,Kaptumo/Kaboi,Aldai,Aldai,Nandi,Kaboi Community Health Unit,601096,41000
non-functinoal,Taito Community Dispensary,Chepkunyuk,Nandi Hills,Nandi Hills,Nandi,Taito Community Health Unit,601082,40878
Fully-functional,Kokotoni Dispensary,Rabai/Kisurutini,Rabai,Rabai,Kilifi,Kaliangombe Community Health Unit,601747,40391
non-functinoal,Kokotoni Dispensary,Rabai/Kisurutini,Rabai,Rabai,Kilifi,Kalia Ngombe Community Health Unit,602567,40391
Fully-functional,Kipkoror Dispensary,Chepkunyuk,Nandi Hills,Nandi Hills,Nandi,Kibabet Community Health Unit,601071,40817
Fully-functional,Cheptilil Dispensary,Kapsimwotwo,Tinderet,Tinderet,Nandi,Kipsetililik Community Health Unit,601072,40238
non-functinoal,Cheptilil Dispensary,Kapsimwotwo,Tinderet,Tinderet,Nandi,Kapsimotwa Community Health Unit,601069,40603
Closed,Kiraone Dispensary,Athiru Gaiti,Igembe South,Igembe South,Meru,Athiru Cjaiti Community Health Unit,601948,41183
non-functinoal,Syathani (Kyathani) Dispensary,Mutongoni,Kitui West,Kitui West,Kitui,Musengo Community Health Unit,602016,40026
Fully-functional,Nyansabakwa Health Centre,Nyamaiya,West Mugirango,Nyamira,Nyamira,Bonyaiguba Community Health Unit,602674,41061
semi-functional,Nyalkinyi Health Centre,Homa Bay East,Homa Bay Town,Homa Bay Town,Homa Bay,Kobwola Kogwang Community Health Unit,602402,40695
semi-functional,Nyalkinyi Health Centre,Homa Bay East,Homa Bay Town,Homa Bay Town,Homa Bay,Lower Kothidha Community Health Unit,602368,40878
Fully-functional,Oneno Dispensary,Kochia,Rangwe,Rangwe,Homa Bay,Korayo_duplicate Community Health Unit,602203,40513
Fully-functional,Motonto Health Centre,Bobasi Chache,Bobasi,Bobasi,Kisii,Motonto Community Health Unit,602939,40210
semi-functional,Riakinaro Health Centre,Bonyamatuta,West Mugirango,Nyamira,Nyamira,Kebirigo B Community Health Unit,602680,41487
Fully-functional,Emusire Sub County Hospital,Central Bunyore,Emuhaya,Emuhaya,Vihiga,Emusire Community Health Unit,600657,40912
Fully-functional,Kagunduini Dispensary,Kagundu-ini,Kandara,Kandara,Muranga,Kagira Community Health Unit,601310,2009
non-functinoal,Katipanga Dispensary,Kimorori/Wempa,Maragwa,muranga south,Muranga,Kagaa Community Health Unit,601504,39326
semi-functional,Mbuini Dispensary,Kilungu,Kaiti,Kaiti,Makueni,Mbuini Community Health Unit,601998,40544
Fully-functional,Kyenzenzeni Dispensary,Ilima,Kaiti,Kaiti,Makueni,Kyenzenzeni Community Health Unit,602524,41214
Fully-functional,Kumahumato Dispensary,Abakaile,Daadab,Dadaab,Garissa,Kumahumato Community Health Unit,602653,41355
Fully-functional,Kanyekini Dispensary,Kyome/Thaana,Mwingi West,Mwingi West,Kitui,Kanyekini Cu Community Health Unit,602175,40756
Fully-functional,Kilulu Dispensary,Migwani,Mwingi West,Mwingi West,Kitui,Kisovo Community Health Unit,602108,40695
Fully-functional,Nduu Dispensary,Matungulu East,Matungulu,Matungulu,Machakos,Nduu Community Health Unit,602065,40575
non-functinoal,Ndunduni Dispensary,Kangundo North,Kangundo,Kangundo,Machakos,Ndunduri Community Health Unit,601975,40603
Fully-functional,Manda Dispensary,Manda-shivanga,Malava,Malava,Kakamega,Shiandiche Community Health Unit,600707,40575
Fully-functional,Osieko Dispensary,Bunyala South,Budalangi,Bunyala,Busia,Osieko Community Health Unit,600595,40909
Fully-functional,Gitathi Dispensary,Nginda,Maragwa,muranga south,Muranga,Gathera Community Health Unit,601499,38869
non-functinoal,Miu Dispensary,Kangundo East,Kangundo,Kangundo,Machakos,Miu Community Health Unit,601973,40603
Fully-functional,Luucho Dispensary,West Nalondo,Kabuchai,Kabuchai,Bungoma,Kisiwa Community Health Unit,600538,40544
semi-functional,Kimweli Dispensary,Ikutha,Kitui South,Kitui South,Kitui,Kimweli Community Health Unit,601965,40603
semi-functional,Monguni Dispensary,Athi,Kitui South,Kitui South,Kitui,Monguni Community Health Unit,601966,40603
semi-functional,Ekani Dispensary,Kanziku,Kitui South,Kitui South,Kitui,Ekani Community Health Unit,601962,40603
Fully-functional,Mugomari Dispensary,Isukha West,Shinyalu,Shinyalu,Kakamega,Mugomari A Community Health Unit,600689,40725
non-functinoal,Oloropil Dispensary,Olorropil,Narok North,Narok North,Narok,Olloropil Community Health Unit,601108,40634
Fully-functional,Nyadhi Dispensary,Central Alego,Alego Usonga,Alego Usonga,Siaya,Nyadhi Community Health Unit,602310,40057
Fully-functional,Karuoth Dispensary,Central Alego,Alego Usonga,Alego Usonga,Siaya,Koyeyo Community Health Unit,602391,40817
Fully-functional,Kabura Uhuyi Dispensary,West Alego,Alego Usonga,Alego Usonga,Siaya,Kabura Uhuyi Community Health Unit,600425,40756
Fully-functional,Kambare Dispensary,South Gem,Gem,Gem,Siaya,Kambare Community Health Unit,600039,40664
Fully-functional,Mur Malanga Dispensary,South East Alego,Alego Usonga,Alego Usonga,Siaya,Mur-malanga Community Health Unit,602295,40848
Fully-functional,Randago Dispensary,South East Alego,Alego Usonga,Alego Usonga,Siaya,Bar Osimbo Community Health Unit,600421,40756
Fully-functional,Randago Dispensary,South East Alego,Alego Usonga,Alego Usonga,Siaya,Randago Community Health Unit,602290,40787
Fully-functional,Got Regea Dispensary,North Gem,Gem,Gem,Siaya,Got Regea Community Health Unit,600037,40878
Fully-functional,Gogo Disp,North Gem,Gem,Gem,Siaya,Lundha Community Health Unit,602195,40878
Fully-functional,Lihanda Health Centre,East Gem,Gem,Gem,Siaya,Lihanda Community Health Unit,602400,38728
semi-functional,Kaptech Dispensary,Muhudu,Hamisi,Hamisi,Vihiga,Kaptechi Community Health Unit,600666,40969
Fully-functional,Riabai Dispensary,Riabai,Kiambu,Kiambu Town,Kiambu,Riabai Community Health Unit,601349,39479
Fully-functional,Matulo Dispensary,Matulo,Webute West,Webuye West,Bungoma,Matulo A Community Health Unit,600554,40634
semi-functional,Tugumoi Dispensary (Lembus Kwen),Lembus,Eldama Ravine,Koibatek,Baringo,Tugumoi Community Health Unit,601016,40787
semi-functional,Sinoko Dispensary (Bungoma East),Ndivisi,Webuye East,Webuye East,Bungoma,Sitabicha A Community Health Unit,600562,41000
semi-functional,Sinoko Dispensary (Bungoma East),Ndivisi,Webuye East,Webuye East,Bungoma,Sinoko A Community Health Unit,600561,41000
semi-functional,Sinoko Dispensary (Bungoma East),Ndivisi,Webuye East,Webuye East,Bungoma,Magemo Community Health Unit,600550,41000
Fully-functional,Pumwani Dispensary,Mikinduni,Galole,Galole,Tana River,Pumwani Community Health Unit,601904,40817
semi-functional,Toniok Dispensary,Lembus/Perkerra,Eldama Ravine,Koibatek,Baringo,Toniok Community Health Unit,602879,41244
Fully-functional,Mihuu Dispensary,Mihuu,Webuye East,Webuye East,Bungoma,Mitukuyu Community Health Unit,600560,41000
Fully-functional,Mihuu Dispensary,Mihuu,Webuye East,Webuye East,Bungoma,Mihuu Community Health Unit,600556,41000
Fully-functional,Kituni Dispensary,Misikhu,Webute West,Webuye West,Bungoma,Kituni Community Health Unit,600547,39817
semi-functional,Sagaighu Dispensary,Bura(Mwatate),Mwatate,Mwatate,Taita Taveta,Sangalla Community Health Unit,601879,39508
Fully-functional,Sagaighu Dispensary,Bura(Mwatate),Mwatate,Mwatate,Taita Taveta,Ndiwenyi Community Health Unit,601878,40360
semi-functional,Khaoya Dispensary,Ndivisi,Webuye East,Webuye East,Bungoma,Wabukhonyi Community Health Unit,600564,41011
semi-functional,Khaoya Dispensary,Ndivisi,Webuye East,Webuye East,Bungoma,Misemwa Community Health Unit,600558,41000
semi-functional,Namarambi Dispensary,Ndivisi,Webuye East,Webuye East,Bungoma,Marinda Community Health Unit,600553,41000
semi-functional,Kapkisiara Dispensary,Tebesonik,Bureti,Bureti,Kericho,Kapkisiara Community Health Unit,602494,41334
Fully-functional,Mahanga Dispensary,Bokoli,Webute West,Webuye West,Bungoma,Mahanga A Community Health Unit,600551,40603
Fully-functional,Khalumuli Dispensary,Sitikho,Webute West,Webuye West,Bungoma,Khalumuli A Community Health Unit,600546,39815
Fully-functional,Mungwa Dispensary,Embobut/Embulot,Marakwet East,Marakwet East,Elgeyo Marakwet,Kipchumwa Community Health Unit,600984,40452
semi-functional,Lukusi Dispensary,Mihuu,Webuye East,Webuye East,Bungoma,Lutacho Community Health Unit,600549,41000
non-functinoal,Chebulbai Dispensary,Moiben/Kuserwo,Marakwet West,Marakwet West,Elgeyo Marakwet,Kimnai Yemit Community Health Unit,602490,40189
Fully-functional,Lokapel Dispensary,Katilu,Turkana South,Turkana South,Turkana,Lokapel Community Health Unit,602910,41275
Fully-functional,Kakwanyang Dispensary,Lodwar Township,Turkana Central,Turkana Central,Turkana,Kakwanyang Community Health Unit,602273,41061
Fully-functional,Mastoo Dispensary,Shamata,Ndaragwa,Ndaragwa,Nyandarua,Karandi Community Health Unit,602598,41153
Closed,Uthiru Muthua Dispensary,Uthiru/Ruthimitu,Dagoretti South,Dagoretti South,Nairobi,Uthiru Community Health Unit,601616,40878
Closed,Uthiru Muthua Dispensary,Uthiru/Ruthimitu,Dagoretti South,Dagoretti South,Nairobi,Kiuru Community Health Unit,601611,41041
Fully-functional,Biribiriet Dispensary,Lelmoko/Ngechek,Chesumei,Chesumei,Nandi,Biribiriet Community Health Unit,601084,40544
Fully-functional,Ikhanyi Dispensary,South Kabras,Malava,Malava,Kakamega,Mwera Community Health Unit,600703,40575
Fully-functional,Nameyana Dispensary,Turkwel,Loima,Loima,Turkana,Nameyana Community Health Unit,602888,41244
non-functinoal,Miluki Dispensary,Siboti,Bumula,Bumula,Bungoma,Mukwa Community Health Unit,600533,40575
Fully-functional,Njipiship Dispensary,Ololmasani,Emurua Dikirr,Transmara East,Narok,Njipiship Community Health Unit,602219,40909
Fully-functional,Loturerei Dispensary,Kanamkemer,Turkana Central,Turkana Central,Turkana,Loturerei Community Health Unit,602903,41244
semi-functional,Kapua Dispensary,Kalokol,Turkana Central,Turkana Central,Turkana,Kapua Community Health Unit,602901,41244
Fully-functional,Lomil Dispensary,Turkwel,Loima,Loima,Turkana,Lomil Community Health Unit,602887,41244
non-functinoal,Segetet Dispensary,Kipkelion,Kipkelion West,Kipkelion West,Kericho,Barsiele Community Health Unit,602495,41302
semi-functional,GK Prison Annex Dispensary (Naivasha),Viwandani,Naivasha,Naivasha,Nakuru,Council-industrial Area Community Health Unit,601020,40909
semi-functional,Werugha Health Centre,Werugha,Wundanyi,Wundanyi,Taita Taveta,Werugha Community Health Unit,601881,40634
Fully-functional,Wenje Dispensary,Kinakomba,Galole,Galole,Tana River,Jamhuri Community Health Unit,601895,40817
Fully-functional,Wenje Dispensary,Kinakomba,Galole,Galole,Tana River,Gwano Community Health Unit,601893,40817
Fully-functional,Bondeni Dispensary (Nakuru Central),Biashara,Nakuru Town East,Nakuru East,Nakuru,Paul Machanga Community Health Unit,602583,41183
Fully-functional,Bondeni Dispensary (Nakuru Central),Biashara,Nakuru Town East,Nakuru East,Nakuru,Manyani A Community Health Unit,602582,41183
semi-functional,Bondeni Dispensary (Nakuru Central),Biashara,Nakuru Town East,Nakuru East,Nakuru,Manyani B Community Health Unit,602581,41183
Fully-functional,Bondeni Dispensary (Nakuru Central),Biashara,Nakuru Town East,Nakuru East,Nakuru,Bondeni Community Health Unit,601040,40603
semi-functional,Mayanja Dispensary,Marakaru/Tuuti,Kanduyi,Kanduyi,Bungoma,Mayanja Community Health Unit,600577,40544
semi-functional,Itunduimuni Health Centre,Ekalakala,Masinga,Masinga,Machakos,Itunduimuni Community Health Unit,602047,41091
Fully-functional,Jepkoyai Dispensary,Jepkoyai,Hamisi,Hamisi,Vihiga,Kapchengum Community Health Unit,600664,40878
semi-functional,Ikaatini Dispensary,Ekalakala,Masinga,Masinga,Machakos,Ikatini Community Health Unit,602046,40513
Fully-functional,Kibuke Dispensary,West Bukusu,Bumula,Bumula,Bungoma,Kibuke Community Health Unit,600530,40634
Fully-functional,Songeto Dispensary,Tambach,Keiyo North,Keiyo North,Elgeyo Marakwet,Songeto Rimoi Community Health Unit,602171,40544
semi-functional,Chegulo Dispensary,Butali/Chegulo,Malava,Malava,Kakamega,Namushiya Community Health Unit,600704,40575
semi-functional,Chevoso Dispensary,South Kabras,Malava,Malava,Kakamega,Sasala Community Health Unit,600706,40575
semi-functional,Endei Dispensary,Kivaa,Masinga,Masinga,Machakos,Eendei Community Health Unit,602045,40087
Fully-functional,Kagumoini Dispensary (Muranga South),Gaichanjiru,Kandara,Kandara,Muranga,Kagumoini Community Health Unit,601311,38718
non-functinoal,Mihang'o Dispensary,Kambiti,Maragwa,muranga south,Muranga,Mihango Community Health Unit,601517,40452
semi-functional,Bughuta Health Centre,Kasigau,Voi,Voi,Taita Taveta,Buguta Community Health Unit,601871,40787
Fully-functional,Maranjau Dispensary,Kambiti,Maragwa,muranga south,Muranga,Karia-ini Community Health Unit,601509,40238
Fully-functional,Miguta community dispensary,Ngewa,Githunguri,Githunguri,Kiambu,Kimathi Community Health Unit,601296,39295
Fully-functional,Kaguthi Dispensary,Ithiru,Kandara,Kandara,Muranga,Kaguthi Community Health Unit,601312,39965
Fully-functional,Irigiro Dispensary,Muthithi,Kigumo,Kigumo,Muranga,Kagurumo Community Health Unit,601372,40118
Fully-functional,Irigiro Dispensary,Muthithi,Kigumo,Kigumo,Muranga,Gikarangu Community Health Unit,601368,40238
non-functinoal,Kaharo Dispensary,Nginda,Maragwa,muranga south,Muranga,Kaharo Community Health Unit,601505,39814
Fully-functional,Kaharo Dispensary,Nginda,Maragwa,muranga south,Muranga,Itaarga Community Health Unit,601503,40087
Fully-functional,Kaharo Dispensary,Nginda,Maragwa,muranga south,Muranga,Irembu Community Health Unit,601502,40179
Fully-functional,Githunguri Dispensary,Kagundu-ini,Kandara,Kandara,Muranga,Gitura Community Health Unit,601309,40210
Fully-functional,GK Prisons Dispensary (Tana River),Chewani,Galole,Galole,Tana River,Zubaki Community Health Unit,601906,40817
Fully-functional,GK Prisons Dispensary (Tana River),Chewani,Galole,Galole,Tana River,Mikinduni Community Health Unit,601902,40817
semi-functional,Kimorigho Dispensary,Mboghoni,Taveta,Taveta,Taita Taveta,Kimorigo Community Health Unit,601907,40057
Fully-functional,Riabai Dispensary,Riabai,Kiambu,Kiambu Town,Kiambu,Kagongo Community Health Unit,601341,39569
Fully-functional,David Kayanda Dispensary,Mbololo,Voi,Voi,Taita Taveta,Mraru Community Health Unit,602211,40695
semi-functional,Kajire Dispensary,Sagala,Voi,Voi,Taita Taveta,Kajire Community Health Unit,601872,39965
Fully-functional,Mungaria Dispensary,Ithiru,Kandara,Kandara,Muranga,Mungaria Community Health Unit,601316,39965
Fully-functional,Mairi Dispensary,Kangari,Kigumo,Kigumo,Muranga,Mairi Community Health Unit,601379,40026
Fully-functional,Mairi Dispensary,Kangari,Kigumo,Kigumo,Muranga,Mariaini Community Health Unit,601315,40299
Fully-functional,Lukohe Health Centre,Marama North,Butere,Butere,Kakamega,Lukohe Community Health Unit,600614,40184
semi-functional,Mabole Health Centre,Marenyo-shianda,Butere,Butere,Kakamega,Mabole Community Health Unit,602353,40181
semi-functional,Mabole Health Centre,Marenyo-shianda,Butere,Butere,Kakamega,Shianda Community Health Unit,602283,40183
semi-functional,Mabole Health Centre,Marenyo-shianda,Butere,Butere,Kakamega,Bubala Community Health Unit,602279,40183
semi-functional,Kamboo Dispensary,Makindu,Kibwezi West,Kibwezi West,Makueni,Kamboo Community Health Unit,602031,40422
Fully-functional,Kapkessum Dispensary,Kapchemutwa,Keiyo North,Keiyo North,Elgeyo Marakwet,Chebaror Community Health Unit,602170,40544
non-functinoal,Chororget Dispensary,Kaptarakwa,Keiyo South,Keiyo South,Elgeyo Marakwet,Mosop Community Health Unit,602700,40916
non-functinoal,Epkee Dispensary,Soy North,Keiyo South,Keiyo South,Elgeyo Marakwet,Epke Community Health Unit,602482,40916
Fully-functional,Kawiru Dispensary,Athiru Ruujine,Igembe Central,Igembe Central,Meru,Kaene Community Health Unit,602632,41456
semi-functional,Mavivye Model Health Centre,Kima Kiu/Kalanzoni,Kilome,Kilome,Makueni,Mavivye Community Health Unit,602092,40603
Fully-functional,Tarakwa Dispensary (Eldoret West),Kipsomba,Soy,Soy,Uasin Gishu,Tarakwa Community Health Unit,600874,40603
Fully-functional,Rwamburi Dispensary,Ndeiya,Limuru,Limuru,Kiambu,Ndiuni Community Health Unit,601460,39661
Fully-functional,Rironi Health Centre,Limuru Central,Limuru,Limuru,Kiambu,Rironi Community Health Unit,601463,40787
Fully-functional,Okook Dispensary,Amukura West,Teso South,Teso South,Busia,Okook Community Health Unit,602358,40878
semi-functional,Kamolo Dispensary,Malaba South,Teso North,Teso North,Busia,Onyunyur Community Health Unit,602851,41487
semi-functional,Itumbule Health centre,Kima Kiu/Kalanzoni,Kilome,Kilome,Makueni,Itumbule Community Health Unit,602089,40664
non-functinoal,Mutanda Dispensary,Kauwi,Kitui West,Kitui West,Kitui,Mutanda Community Health Unit,602857,41183
Fully-functional,Koywech Dispensary,Central Kasipul,Kasipul,Rachuonyo South,Homa Bay,Kawere East Community Health Unit,600381,40848
non-functinoal,Kivani Dispensary,Kauwi,Kitui West,Kitui West,Kitui,Kivani Community Health Unit,602825,40940
Closed,Kalulini Health Centre,Kanyangi,Kitui Central,Kitui Rural,Kitui,Ndetani Community Health Unit,602506,41153
non-functinoal,Kalulini Health Centre,Kanyangi,Kitui Central,Kitui Rural,Kitui,Ngandani Community Health Unit,602505,41153
Fully-functional,Kalulini Health Centre,Kanyangi,Kitui Central,Kitui Rural,Kitui,Kalulini Community Health Unit,602847,41183
Fully-functional,Kapisimba Dispensary,Siongiroi,Chepalungu,Chepalungu,Bomet,Kabisimba Community Health Unit,602807,41306
semi-functional,Akachiu Health Centre,Kanuni,Igembe South,Igembe South,Meru,Kiunyene Health Community Health Unit,601957,41122
Closed,St Thomas The Apostle Athi Catholic Dispensary,Akachiu,Igembe South,Igembe South,Meru,Kauline Community Health Unit,601952,41122
Fully-functional,Maweni CDF Dispensary (Kongowea),Mkomani,Nyali,Nyali,Mombasa,Kongowea Community Health Unit,601839,40603
Fully-functional,Ziwa SDA,Ziwa,Soy,Soy,Uasin Gishu,Ziwa Community Health Unit,600877,40603
Fully-functional,Bituyu Dispensary,Kimilili,Kimilili,Kimilili,Bungoma,Bituyu Rural Community Health Unit,600726,40603
Fully-functional,Bituyu Dispensary,Kimilili,Kimilili,Kimilili,Bungoma,Bituyu Urban Community Health Unit,602459,41091
Fully-functional,Bahai Dispensary,Kimilili,Kimilili,Kimilili,Bungoma,Bahai Community Health Unit,600725,40188
Fully-functional,Uradi Health Centre,West Alego,Alego Usonga,Alego Usonga,Siaya,Maloba Community Health Unit,602964,41640
semi-functional,Givole Dispensary,Jepkoyai,Hamisi,Hamisi,Vihiga,Givole Community Health Unit,600662,41000
semi-functional,Sunga Dispensary,North West Kisumu,Kisumu West,Kisumu West,Kisumu,Sunga Community Health Unit,600130,40603
Fully-functional,Lwala Kadawa Health Centre,West Kisumu,Kisumu West,Kisumu West,Kisumu,Upper Kadongo Community Health Unit,600131,40179
Fully-functional,Lwala Kadawa Health Centre,West Kisumu,Kisumu West,Kisumu West,Kisumu,Lower Kadongo Community Health Unit,600121,39083
semi-functional,Onyinjo Dispensary,East Seme,Seme,Seme,Kisumu,South Ratta Community Health Unit,600129,39456
semi-functional,Kolenyo Health Centre,Central Seme,Seme,Seme,Kisumu,East Kanyadwera Community Health Unit,600112,40575
semi-functional,Kuoyo Kaila Health Centre,East Seme,Seme,Seme,Kisumu,Kaila Community Health Unit,600118,39456
semi-functional,Tala Health Centre,Kokwanyo/Kakelo,Kabondo Kasipul,Kabondo Kasipul,Homa Bay,East Kokwanyo Community Health Unit,600372,40878
Fully-functional,Ikonzo Model Health Centre,Kingandole,Butula,Butula,Busia,Namwitsula Community Health Unit,600645,41000
Fully-functional,Ikonzo Model Health Centre,Kingandole,Butula,Butula,Busia,Ikonzo Community Health Unit,600641,41000
Fully-functional,Bukhalalire Dispensary,Marachi Central,Butula,Butula,Busia,Bukhalalire Community Health Unit,600630,39091
Fully-functional,Masendebale Dispensary,Marachi East,Butula,Butula,Busia,Tingolo Community Health Unit,600647,39086
Fully-functional,Lwanyange Dispensary,Bukhayo Central,Nambale,Nambale,Busia,Lwanyange A Community Health Unit,600757,40817
Fully-functional,Simotwet Dispensary ( Koibatek),Lembus/Perkerra,Eldama Ravine,Koibatek,Baringo,Simotwet Community Health Unit,602770,41091
non-functinoal,Magombo Community Dispensary (Manga),Magombo,Kitutu Masaba,Manga,Nyamira,Sirate Community Health Unit,602693,40216
semi-functional,Eshirembe Dispensary,Butsotso South,Lurambi,Lurambi,Kakamega,Eshibeye Community Health Unit,600674,40634
non-functinoal,Kobujoi Forest Dispensary,Kobujoi,Aldai,Aldai,Nandi,Kobujoi Forest Community Health Unit,601097,41000
Fully-functional,Kaitese Dispensary,Turkwel,Loima,Loima,Turkana,Kaitese Community Health Unit,602898,41244
semi-functional,Uvete Health centre,Mukaa,Kilome,Kilome,Makueni,Upete Community Health Unit,602093,40575
Fully-functional,Lieta Health Centre (Rarieda),South Uyoma,Rarieda,Rarieda,Siaya,Lieta Upper Community Health Unit,600400,40181
Fully-functional,Wagoro Dispensary (Rarieda),West Uyoma,Rarieda,Rarieda,Siaya,Kokwiri C Community Health Unit,602850,41518
Fully-functional,Wagoro Dispensary (Rarieda),West Uyoma,Rarieda,Rarieda,Siaya,Kokwiri B Community Health Unit,602614,41318
Fully-functional,Rambugu Dispensary (Rarieda),West Asembo,Rarieda,Rarieda,Siaya,Siger A Community Health Unit,600414,40634
Fully-functional,Rambugu Dispensary (Rarieda),West Asembo,Rarieda,Rarieda,Siaya,Siger C Community Health Unit,602623,41318
Fully-functional,Keera Dispensary,Nyatieko,Kitutu Chache South,Kitutu Chache South,Kisii,Keera Community Health Unit,602609,40725
Closed,Kariobangi South Clinic,Kariobangi South,Embakasi West,Embakasi West,Nairobi,Kcc Kariobangi Community Health Unit,602454,41214
Closed,Kariobangi South Clinic,Kariobangi South,Embakasi West,Embakasi West,Nairobi,Mowlem Baraka Community Health Unit,602437,40391
Closed,Kariobangi South Clinic,Kariobangi South,Embakasi West,Embakasi West,Nairobi,Kariobangi South Community Health Unit,602436,40391
semi-functional,Katulye Dispensary-Nzaui,Nzaui/Kilili/Kalamba,Makueni,Makueni,Makueni,Katulye Community Health Unit,602114,40695
semi-functional,AIC Kalamba Dispensary,Nzaui/Kilili/Kalamba,Makueni,Makueni,Makueni,Kalamba Community Health Unit,602340,40878
semi-functional,AIC Kalamba Dispensary,Nzaui/Kilili/Kalamba,Makueni,Makueni,Makueni,Kalamba Aic Community Health Unit,602530,40878
Fully-functional,Giatutu Dispensary,Mugumo-ini,Gatanga,Gatanga,Muranga,Kigio Community Health Unit,601269,39356
Fully-functional,Kapkoi Disp,Tarakwa,Kesses,Kesses,Uasin Gishu,Kapkoi Community Health Unit,601230,40634
Fully-functional,Kimuri Disp,Ngeria,Kapseret,Kapseret,Uasin Gishu,Kabongo Community Health Unit,602764,41092
semi-functional,Gitura Dispensary,Maua,Igembe South,Igembe South,Meru,Gitura Health Community Health Unit,601950,41030
Fully-functional,Naikuriu Dispensary,Naathu,Igembe North,Igembe North,Meru,Naathu Community Health Unit,602641,41456
semi-functional,Naikuriu Dispensary,Naathu,Igembe North,Igembe North,Meru,Thirua Community Health Unit,601944,41153
Fully-functional,Kathelwa Dispensary,Akirang'ondu,Igembe Central,Igembe Central,Meru,Kathelwa Community Health Unit,602634,41456
Fully-functional,Kaelo Dispensary,Antuambui,Igembe North,Igembe North,Meru,Antwambui Health Community Health Unit,602630,41456
Fully-functional,Kililii Dispensary,Athiru Gaiti,Igembe South,Igembe South,Meru,Kindani Health Community Health Unit,601954,40848
Fully-functional,Mutiokiama Health Centre,Akachiu,Igembe South,Igembe South,Meru,Kirindine Health Community Health Unit,601956,41214
Fully-functional,Gichagini Dispensary,Ruchu,Kandara,Kandara,Muranga,Githumu Community Health Unit,601308,40695
Fully-functional,Leberio Dispensary,Simat/Kapseret,Kapseret,Kapseret,Uasin Gishu,Leberio Community Health Unit,601237,40513
semi-functional,Rikendo Dispensary,Ibeno,Nyaribari Chache,Nyaribari Chache,Kisii,Nyaturango Community Health Unit,600071,40452
Fully-functional,Maalimin Dispensary,Maalamin,Lagdera,Lagdera,Garissa,Maalimin Community Health Unit,602662,40452
semi-functional,Sugoi A Dispensary,Tapsagoi,Turbo,Turbo,Uasin Gishu,Sugoi Community Health Unit,600873,40513
Fully-functional,Miritini CDF Dispensary,Miritini,Jomvu,Jomvu,Mombasa,Miritini Community Health Unit,601789,39904
Fully-functional,Miritini CDF Dispensary,Miritini,Jomvu,Jomvu,Mombasa,Maganda Community Health Unit,601788,40603
semi-functional,Wath Onger Dispensary,Macalder/Kanyarwanda,Nyatike,Nyatike,Migori,West Kanyaruada Community Health Unit,600317,40848
Fully-functional,Mulundi Dispensary,Kyangwithya East,Kitui Central,Kitui Central,Kitui,Mulundi Community Health Unit,602008,41244
Fully-functional,Sirata Oirobi Dispensary,Porro,Samburu Central,Samburu Central,Samburu,Sirata Community Health Unit,602953,41425
Fully-functional,Mukarara Community Dispensary,Kihumbu-ini,Gatanga,Gatanga,Muranga,Mukarara Community Health Unit,601274,40238
Fully-functional,Ndunyu Chege Dispensary,Kariara,Gatanga,Gatanga,Muranga,Ndunyu Community Health Unit,601276,39326
Fully-functional,Ndunyu Chege Dispensary,Kariara,Gatanga,Gatanga,Muranga,Gitiri Community Health Unit,601263,40026
semi-functional,Mbici Dispensary,Mang'u,Gatundu North,Gatundu North,Kiambu,Gathaiti Community Health Unit,602439,38930
Fully-functional,Mindhine Dispensary,East Gem,Gem,Gem,Siaya,Marenyo Community Health Unit,602429,38728
Fully-functional,Ogero Dispensary,South Gem,Gem,Gem,Siaya,Gombe Community Health Unit,600036,40878
semi-functional,Rariw Dispensary,East Gem,Rangwe,Rangwe,Homa Bay,Kotieno Community Health Unit(Duplicate),600917,40878
Fully-functional,Eshinutsa Health Centre,Kisa East,Khwisero,Khwisero,Kakamega,Emasatsi Community Health Unit,600733,40664
Fully-functional,Ciagini Health Centre,Wamumu,Mwea,Kirinyaga North/Mwea West,Kirinyaga,Ciagiini Community Health Unit,601525,40787
Fully-functional,Sivilie Health Centre,Bunyala East,Navakholo,Navakholo,Kakamega,Sivilie Community Health Unit,600682,39817
Fully-functional,Goro Rukesa Dispensary,Sagante/Jaldesa,Saku,Saku,Marsabit,Gororukesa Community Health Unit,602968,39706
Fully-functional,Ulungo Dispensary,Yimbo East,Bondo,Bondo,Siaya,Barkanyango Community Health Unit,600004,40634
Fully-functional,Mansa Health Centre,Elben,Tarbaj,Tarbaj,Wajir,Mansa Community Health Unit,601724,40603
Fully-functional,Usenge Dispensary,West Yimbo,Bondo,Bondo,Siaya,Usenge Community Health Unit,600023,40664
Fully-functional,Baolala Dispensary,Jilore,Malindi,Malindi,Kilifi,Mkondoni Community Health Unit,601831,40330
Fully-functional,Malanga Dispensary (Vitengeni),Sokoke,Ganze,Ganze,Kilifi,Malanga Community Health Unit,601827,41133
Fully-functional,Otati Dispensary,Kanyasa,Nyatike,Nyatike,Migori,Otati Community Health Unit,600314,39821
non-functinoal,Tulia Health Centre,Mutongoni,Kitui West,Kitui West,Kitui,Mithini Community Health Unit,602015,39845
semi-functional,Gitaro Dispensary,Mugoiri,Kiharu,Kiharu,Muranga,Gatundu Community Health Unit,602397,39479
semi-functional,Kako Health Centre,Waia-kako,Mbooni,Mbooni,Makueni,Kako Community Health Unit,602072,40513
semi-functional,Shikusi Dispensary,Isukha South,Shinyalu,Shinyalu,Kakamega,Lugose A Community Health Unit,600687,40725
Fully-functional,Rukenya Dispensary,Marimanti,Tharaka,Tharaka South,Tharaka Nithi,Rukenya Community Health Unit,601420,40513
Fully-functional,Rukenya Dispensary,Marimanti,Tharaka,Tharaka South,Tharaka Nithi,Rukenya2 Community Health Unit,602965,41647
Fully-functional,Korwenje Dispensary,North Seme,Seme,Seme,Kisumu,West Katieno Community Health Unit,600136,40725
semi-functional,Korwenje Dispensary,North Seme,Seme,Seme,Kisumu,North Kowe Community Health Unit,602743,41196
Fully-functional,Kavuta Dispensary,Kyangwithya West,Kitui Central,Kitui Central,Kitui,Kavuta Community Health Unit,602006,40575
Fully-functional,Magena Health Centre,Boochi Borabu,Bomachoge Borabu,Bomachoge Borabu,Kisii,Magena Ritembu Community Health Unit,602918,41091
Fully-functional,Mafisini Dispensary,Ramisi,Msambweni,Msambweni,Kwale,Uzima Self Help Group Community Health Unit,601867,40695
semi-functional,Nthambiro Dispensary,Igembe East,Igembe Central,Igembe Central,Meru,Kanjoo Community Health Unit,602331,40848
semi-functional,Nthambiro Dispensary,Igembe East,Igembe Central,Igembe Central,Meru,Nthambiro Community Health Unit,601961,41030
Fully-functional,Mnara Dispensary,Muhoroni Koru,Muhoroni,Muhoroni,Kisumu,Homalime Community Health Unit,600193,40969
non-functinoal,Adiedo Dispensary,Kanyaluo,Karachuonyo,Karachuonyo,Homa Bay,Kobila Community Health Unit,600346,40878
non-functinoal,Adiedo Dispensary,Kanyaluo,Karachuonyo,Karachuonyo,Homa Bay,Kamuoyo Community Health Unit,600331,40878
Fully-functional,Bosiango Health Centre,Bogichora,West Mugirango,Nyamira,Nyamira,Mongorisi Community Health Unit,600272,40391
Fully-functional,Bosiango Health Centre,Bogichora,West Mugirango,Nyamira,Nyamira,Bosiango Community Health Unit,602675,40391
Fully-functional,Namelok Health Centre,Kimana,Kajiado South,Loitokitok,Kajiado,Namelok Community Health Unit,600965,40026
semi-functional,Katutu Health Centre,Kauwi,Kitui West,Kitui West,Kitui,Katutu Community Health Unit,602013,40787
Fully-functional,Witima Health Centre,Karima,Nyeri South,Nyeri South,Nyeri,Witima Community Health Unit,601575,40817
semi-functional,Nduru Kadero Health Centre,North Seme,Seme,Seme,Kisumu,Kadero Community Health Unit,600117,40184
semi-functional,Ngorika Dispensary,Kanjuiri Range,Ol Kalou,Olkalou,Nyandarua,Wiyumiririe Community Health Unit,601483,40940
semi-functional,Ngorika Dispensary,Kanjuiri Range,Ol Kalou,Olkalou,Nyandarua,Ngorika Community Health Unit,601480,40969
Fully-functional,Kinoru Dispensary,Municipality,North Imenti,Imenti North,Meru,Majengo Meru Community Health Unit,602967,41653
Fully-functional,Junju Dispensary,Junju,Kilifi South,Kilifi South,Kilifi,Gongoni Community Health Unit,601765,40969
Fully-functional,Kiaruta Dispensary,Bogiakumu,Bonchari,Bonchari,Kisii,Bomwanda Community Health Unit,600076,40725
Fully-functional,Dadajabula Sub District Hospital,Dadaja Bulla,Wajir South,Wajir South,Wajir,Dadajabula Community Health Unit,601738,40634
Fully-functional,Gotichaki Health Centre,Bogetenga,South Mugirango,South Mugirango,Kisii,Nyansore Community Health Unit,602207,40330
semi-functional,Meri Health Centre,Habasswein,Wajir South,Wajir South,Wajir,Meri Community Health Unit,602261,40391
Fully-functional,Agenga Dispensary,North Kadem,Nyatike,Nyatike,Migori,Agenga Community Health Unit,600304,40909
semi-functional,Kalii Dispensary,Makindu,Kibwezi West,Kibwezi West,Makueni,Kalii Community Health Unit,602030,39965
Fully-functional,Nyamarimba Sub County Hospital,South West Nyakach,Nyakach,Nyakach,Kisumu,Nyamarimba Community Health Unit,600264,40787
Fully-functional,Kathangacini Dispensary,Gatunga,Tharaka,Tharaka North,Tharaka Nithi,Twanthanju Community Health Unit,602128,40725
semi-functional,Kathangacini Dispensary,Gatunga,Tharaka,Tharaka North,Tharaka Nithi,Kathangacini Community Health Unit,602127,41153
Fully-functional,Township Dispensary (Kitui),Township,Kitui Central,Kitui Central,Kitui,Township Community Health Unit,602011,40087
Fully-functional,Kina Dispensary,Athiru Ruujine,Igembe Central,Igembe Central,Meru,Ndoleli Community Health Unit,602642,41456
Fully-functional,Kina Dispensary,Athiru Ruujine,Igembe Central,Igembe Central,Meru,Baibariu Community Health Unit,602631,41456
semi-functional,Limauru Dispensay,Nkomo,Tigania West,Tigania West,Meru,Limauru Community Health Unit,602134,40695
Fully-functional,Kandege Dispensary,Muhoroni Koru,Muhoroni,Muhoroni,Kisumu,Ocharia Community Health Unit,600198,40969
Fully-functional,Sarman Dispensary,Sarman,Tarbaj,Tarbaj,Wajir,Sarman Community Health Unit,601725,40603
non-functinoal,Gatangara Dispensary,Kanyenya-ini,Kangema,Kangema,Muranga,Githiga Community Health Unit,601324,40817
non-functinoal,Gatangara Dispensary,Kanyenya-ini,Kangema,Kangema,Muranga,Gatangara Community Health Unit,601322,40878
Fully-functional,Rwika Dispensary,Mbeti South,Mbeere South,Mbeere South,Embu,Rwika Community Health Unit,602215,39873
semi-functional,Ndiwa Dispensary,North Kadem,Nyatike,Nyatike,Migori,Okenge Community Health Unit,600312,39820
semi-functional,Kasuku Health Centre,Weru,Oljorook,Oljoroorok,Nyandarua,Weru Community Health Unit,601565,39569
Fully-functional,Kasuku Health Centre,Weru,Oljorook,Oljoroorok,Nyandarua,Kanguu Community Health Unit,601561,39569
Fully-functional,Ngai Dispensary,Kithungo/Kitundu,Mbooni,Mbooni,Makueni,Ngai Community Health Unit,602522,40483
semi-functional,Bodi Health Centre,Central Seme,Seme,Seme,Kisumu,West Otwany Community Health Unit,600138,39457
semi-functional,Bodi Health Centre,Central Seme,Seme,Seme,Kisumu,East Othany Community Health Unit,600115,39817
non-functinoal,Bodi Health Centre,Central Seme,Seme,Seme,Kisumu,North Alungo Community Health Unit,602747,41200
semi-functional,Kunene Health Centre,Nkomo,Tigania West,Tigania West,Meru,Kunene Community Health Unit,602130,41030
Fully-functional,Gotani Dispensary,Kayafungo,Kaloleni,Kaloleni,Kilifi,Mbalamweni Community Health Unit,601751,40330
Fully-functional,Makutano Health Centre,Soysambu/Mitua,Tongaren,Tongaren,Bungoma,Soysambu Community Health Unit,600573,39818
Fully-functional,Kajieyi Dispensary,Wang'chieng,Karachuonyo,Karachuonyo,Homa Bay,Kajiei Community Health Unit,600321,40787
semi-functional,Mangala Dispensary,Kee,Kaiti,Kaiti,Makueni,Mangala Community Health Unit,602038,39873
Fully-functional,Pingilikani Dispensary,Mwarakaya,Kilifi South,Kilifi South,Kilifi,Pingilikani Community Health Unit,601779,40969
semi-functional,Immurtot Health Centre,Entonet/Lenkism,Kajiado South,Loitokitok,Kajiado,Murtot Community Health Unit,600964,39845
Fully-functional,Elben Dispensary,Elben,Tarbaj,Tarbaj,Wajir,Elben Community Health Unit,601720,40603
semi-functional,Katumbu Dispensary,Chuluni,Kitui East,Kitui East,Kitui,Katumbu Community Health Unit,602005,40603
Fully-functional,Bware Health Center,South Kanyamkago,Uriri,Uriri,Migori,Bware Community Health Unit,600520,40483
Fully-functional,Ribe Dispensary,Kambe/Ribe,Rabai,Rabai,Kilifi,Ribe Community Health Unit,601756,39934
semi-functional,Ojola Sub County Hospital,South West Kisumu,Kisumu West,Kisumu West,Kisumu,Ojolla B Community Health Unit,602725,41183
Fully-functional,Benane Health Centre,Benane,Lagdera,Lagdera,Garissa,Benane Community Health Unit,602660,41548
Fully-functional,Kwa Mutonga Health Centre,Kwamutonga/Kithumula,Kitui West,Kitui West,Kitui,Mithikwani Community Health Unit,602057,40391
Fully-functional,Eshikhuyu Dispensary,Butsotso Central,Lurambi,Lurambi,Kakamega,Eshibuli Community Health Unit,600675,39817
Fully-functional,Eshikhuyu Dispensary,Butsotso Central,Lurambi,Lurambi,Kakamega,Shibuli A Community Health Unit,602769,39934
Fully-functional,Kauma Health Centre (Rachuonyo),Kabondo West,Kabondo Kasipul,Kabondo Kasipul,Homa Bay,Kakangutu West Community Health Unit,602205,39873
semi-functional,Abakore Sub District Hospital,Habasswein,Wajir South,Wajir South,Wajir,Abakorey Community Health Unit,601711,40787
Fully-functional,Musitinyi Dispensary,Wemilabi,Luanda,Luanda,Vihiga,Wamasiolo Community Health Unit,600659,40912
Fully-functional,Vyongwani Dispensary,Tsimba Golini,Matuga,Matuga,Kwale,Vyogwani Community Health Unit,601813,39995
Fully-functional,Vyongwani Dispensary,Tsimba Golini,Matuga,Matuga,Kwale,Vyokuta Community Health Unit,602795,39995
Fully-functional,Nyakongo health Centre,East Kano/Wawidhi,Nyando,Nyando,Kisumu,Nyakongo Community Health Unit,600301,40664
semi-functional,Nyakongo health Centre,East Kano/Wawidhi,Nyando,Nyando,Kisumu,Ayweyo Community Health Unit,600289,39845
Fully-functional,Roka Maweni Dispensary,Matsangoni,Kilifi North,Kilifi North,Kilifi,Kararacha Community Health Unit,601768,39965
Fully-functional,Roka Maweni Dispensary,Matsangoni,Kilifi North,Kilifi North,Kilifi,Chumani Community Health Unit,601761,39965
semi-functional,Entanda Health Centre,Monyerero,Kitutu Chache North,Kitutu Chache North,Kisii,Matongo Community Health Unit,600155,39173
Fully-functional,Uruku Dispensary,Central,Ndaragwa,Ndaragwa,Nyandarua,Uruku Community Health Unit,601550,40210
semi-functional,Gobei Health Centre,North Sakwa,Bondo,Bondo,Siaya,Barchando Community Health Unit,600003,39822
semi-functional,Gobei Health Centre,North Sakwa,Bondo,Bondo,Siaya,Ajigo Community Health Unit,600002,40695
Fully-functional,Nyagiki Dispensary,Sameta/Mokwerero,Bobasi,Bobasi,Kisii,Nyagiki Community Health Unit,602944,40969
semi-functional,Leheley Sub District Hospital,Lagboghoi South,Wajir South,Wajir South,Wajir,Leheley Community Health Unit,602276,40634
Fully-functional,Olorika Dispensary,Kuku,Kajiado South,Loitokitok,Kajiado,Olorika Community Health Unit,600970,40057
Fully-functional,Kiseuni Dispensary (Kitui Rural),Kanyangi,Kitui Central,Kitui Rural,Kitui,Kiseuni Community Health Unit,602841,40603
semi-functional,Nyaribo Dispensary,Kiganjo/Mathari,Nyeri Town,Nyeri Central,Nyeri,Nyaribo Community Health Unit,601569,39234
Fully-functional,Madamani Dispensary,Sokoke,Ganze,Ganze,Kilifi,Maekani Community Health Unit,601773,40603
Fully-functional,Madamani Dispensary,Sokoke,Ganze,Ganze,Kilifi,Madamani Community Health Unit,601772,40603
Fully-functional,Ap Line Dispensary,Shirere,Lurambi,Lurambi,Kakamega,Shirere B Community Health Unit,602774,41061
Fully-functional,Mangu (Aip) Dispensary,Mang'u,Gatundu North,Gatundu North,Kiambu,Mangu Community Health Unit,601283,39692
Fully-functional,Kamacharia Clinic,Kamacharia,Mathioya,Mathioya,Muranga,Kamacharia Community Health Unit,601469,39692
Fully-functional,Turasha Dispensary,Githioro,Kipipiri,Kipipiri,Nyandarua,Kiriko Community Health Unit,601408,39661
non-functinoal,Arbaqueranso Dispensary,Khorof/Harar,Wajir East,Wajir East,Wajir,Arbaqeranso Community Health Unit,601717,40603
Fully-functional,Kanyuru Dispensary,Marimanti,Tharaka,Tharaka South,Tharaka Nithi,Kanyuru Community Health Unit,602160,40756
semi-functional,Kangaru Dispensary (Embu),Kirimari,Manyatta,Manyatta,Embu,Kangaru Community Health Unit,601934,39142
Fully-functional,Kali Health Centre,Mbooni,Mbooni,Mbooni,Makueni,Kali Community Health Unit,602156,40483
Fully-functional,Adu Dispensary,Adu,Magarini,Magarini,Kilifi,Kamale Community Health Unit,601826,39845
Closed,Adu Dispensary,Adu,Magarini,Magarini,Kilifi,Kimale Community Health Unit,602561,40210
Fully-functional,Mbita Dispensary ( Mbeere ),Mbeti South,Mbeere South,Mbeere South,Embu,Mbita Community Health Unit,602197,40330
Fully-functional,Wendiga Dispensary,Mwiyogo/Endarasha,Kieni,Kieni West,Nyeri,Honi Community Health Unit,601360,40787
semi-functional,Aguthi Dispensary,Aguthi-gaaki,Tetu,Tetu,Nyeri,Gititu Community Health Unit,601583,40118
semi-functional,Dilmanyaley Health Centre,Habasswein,Wajir South,Wajir South,Wajir,Dilmanyaley Community Health Unit,602801,40634
semi-functional,Diff Health Centre,Diif,Wajir South,Wajir South,Wajir,Diif Community Health Unit,601713,40787
Fully-functional,Karuguaru Dispensary,Gatunga,Tharaka,Tharaka North,Tharaka Nithi,Karuguaru Community Health Unit,602126,40787
semi-functional,Miwani Health Centre,Miwani,Muhoroni,Muhoroni,Kisumu,Miwani North Community Health Unit,600096,39904
Fully-functional,Miwani Health Centre,Miwani,Muhoroni,Muhoroni,Kisumu,Miwani Community Health Unit,602958,41646
Fully-functional,Manunga Health Centre,Kipipiri,Kipipiri,Kipipiri,Nyandarua,Malewa Community Health Unit,601411,40787
Fully-functional,Manunga Health Centre,Kipipiri,Kipipiri,Kipipiri,Nyandarua,Miharati Community Health Unit,602602,41183
Fully-functional,Manunga Health Centre,Kipipiri,Kipipiri,Kipipiri,Nyandarua,Machinery Community Health Unit,602600,41183
Fully-functional,Kahembe Health Centre,Kiritta,Ndaragwa,Ndaragwa,Nyandarua,Karagoni Community Health Unit,601540,39083
Fully-functional,Ndeda Dispensary,Central Sakwa,Bondo,Bondo,Siaya,Ndeda Community Health Unit,600014,40664
Fully-functional,Medina Health Centre,Galbet,Garissa Township,Garissa,Garissa,Medina Community Health Unit,601914,40452
Fully-functional,Kinale Forest Dispensary,Kinale,Lari,Lari,Kiambu,Kinale Community Health Unit,601449,40878
Fully-functional,Wachoro Dispensary,Mwea,Mbeere South,Mbeere South,Embu,Wachoro Community Health Unit,602216,39904
Fully-functional,Kianjoya Dispensary,Mau Narok,Njoro,Njoro,Nakuru,Kianjoya Community Health Unit,601137,40057
Fully-functional,Obumba Dispensary,Ombeyi,Muhoroni,Muhoroni,Kisumu,Obumba Community Health Unit,600197,40969
semi-functional,Mbuwani Dispensary,Gambato Bongwe,Msambweni,Msambweni,Kwale,Bongwe Community Health Unit,601850,39234
Fully-functional,Mbuwani Dispensary,Gambato Bongwe,Msambweni,Msambweni,Kwale,Mtumwa Community Health Unit,602757,39264
semi-functional,Arito Langi Health Centre,West Seme,Seme,Seme,Kisumu,West Reru Community Health Unit,600139,39825
semi-functional,Arito Langi Health Centre,West Seme,Seme,Seme,Kisumu,West Ngere Community Health Unit,600137,40634
semi-functional,Arito Langi Health Centre,West Seme,Seme,Seme,Kisumu,East Reru Community Health Unit,600116,40603
Fully-functional,Arito Langi Health Centre,West Seme,Seme,Seme,Kisumu,East Ngere Community Health Unit,600114,40603
semi-functional,Mweronkaga Dispensary,Akithii,Tigania West,Tigania West,Meru,Twale Community Health Unit,602139,41091
semi-functional,Mweronkaga Dispensary,Akithii,Tigania West,Tigania West,Meru,Mweronkanga Community Health Unit,602138,41153
semi-functional,Mweronkaga Dispensary,Akithii,Tigania West,Tigania West,Meru,Laciathuriu Community Health Unit,602133,41122
Fully-functional,Watamu Dispensary,Watamu,Kilifi North,Kilifi North,Kilifi,Jimba Community Health Unit,601824,40057
semi-functional,Muumandu Health Center,Kola,Machakos Town,Kalama,Machakos,Muumandu Community Health Unit,602029,39234
semi-functional,Muumandu Health Center,Kola,Machakos Town,Kalama,Machakos,Kavyuni Community Health Unit,602023,40695
Fully-functional,Kiuu Dispensary,Mukurwe-ini Central,Mukurweini,Mukurweini,Nyeri,Mutundu Community Health Unit,601487,39387
Fully-functional,Karemeno Health Centre,Mugunda,Kieni,Kieni West,Nyeri,Karemenu Community Health Unit,601361,40787
non-functinoal,Uplands Forest Dispensary,Lari/Kirenga,Lari,Lari,Kiambu,Karia-ini Community Health Unit,601448,39965
Fully-functional,Mogori-Komasimo Health Centre,Masaba,Kuria West,Kuria West,Migori,Kiritinyange Community Health Unit,602213,40848
Fully-functional,Hamundia Health Centre,Theta,Juja,Juja,Kiambu,Theta Community Health Unit,601582,39234
semi-functional,Ndula Dispensary,Ngoliba,Thika Town,Thika Town,Kiambu,Ndumago Community Health Unit,602282,39234
Fully-functional,Ademasajida Dispensary,Ademasajide,Wajir West,Wajir West,Wajir,Ademasajida Community Health Unit,601740,40603
semi-functional,Kituka Dispensary,North Kadem,Nyatike,Nyatike,Migori,Karapolo Community Health Unit,600308,40848
semi-functional,Thiba Health Centre,Thiba,Mwea,Kirinyaga North/Mwea West,Kirinyaga,Kiratina Community Health Unit,601529,40725
Fully-functional,Kiangai Health Centre,Kiine,Ndia,Kirinyaga West,Kirinyaga,Kiangai Community Health Unit,601432,40452
non-functinoal,Sarif Health Centre,Benane,Wajir South,Wajir South,Wajir,Sarif Community Health Unit,602250,40634
Fully-functional,Kianjege Dispensary,Kariti,Ndia,Kirinyaga West,Kirinyaga,Nyangio Community Health Unit,601439,41000
Fully-functional,Omobera Dispensary,Bokimonge,Bomachoge Borabu,Bomachoge Borabu,Kisii,Omobera Community Health Unit,602932,41086
Fully-functional,Mitubiri Health Centre,Kakuzi/Mitubiri,Gatanga,Gatanga,Muranga,Thuthua Community Health Unit,601599,40664
Fully-functional,Mitubiri Health Centre,Kakuzi/Mitubiri,Gatanga,Gatanga,Muranga,Nanga Community Health Unit,601596,39569
Fully-functional,Mugeka Dispensary,Gaturi,Kiharu,Kiharu,Muranga,Mugeka Community Health Unit,601496,40087
Fully-functional,Lela (Community) Dispensary,Wang'chieng,Karachuonyo,Karachuonyo,Homa Bay,Seka-kamser Community Health Unit,600368,40848
Fully-functional,Lela (Community) Dispensary,Wang'chieng,Karachuonyo,Karachuonyo,Homa Bay,Karabondi Community Health Unit,600337,40848
Fully-functional,Kalanga Dispensary,Nguni,Mwingi Central,Mwingi Central,Kitui,Kalanga Community Health Unit,602111,40756
Fully-functional,Adadijolle Dispensary,Bute,Wajir North,Wajir North,Wajir,Adadijole Community Health Unit,601728,40725
Fully-functional,Batalu Dispensary,Batalu,Wajir North,Wajir North,Wajir,Batalu Community Health Unit,601729,40725
Fully-functional,Ogorji Dispensary,Bute,Wajir North,Wajir North,Wajir,Ogorji Community Health Unit,601736,40725
Fully-functional,Ingirir Dispensary,Malkagufu,Wajir North,Wajir North,Wajir,Ingirir Community Health Unit,601733,40725
non-functinoal,Ichichi Dispensary,Kanyenya-ini,Kangema,Kangema,Muranga,Ndui-ini Community Health Unit,601335,40848
non-functinoal,Ichichi Dispensary,Kanyenya-ini,Kangema,Kangema,Muranga,Karura Community Health Unit,601328,40878
Fully-functional,Kiairathe Dispensary,Muguru,Kangema,Kangema,Muranga,Kiairathe Community Health Unit,601330,39873
Fully-functional,Ngelelya Health Center,Ithanga,Gatanga,Gatanga,Muranga,Ngelelya Community Health Unit,601597,38869
Fully-functional,Sino Dispensary,East Kamagak,Kasipul,Rachuonyo South,Homa Bay,Sino Community Health Unit,602733,39569
Fully-functional,Sera Dispensary,Garsen North,Garsen,Garsen,Tana River,Sera Community Health Unit,601888,40817
Fully-functional,Kamandio Dispensary,Miambani,Kitui Central,Kitui Central,Kitui,Kamandio Community Health Unit,602004,40544
Fully-functional,Kiseveni Dispensary,Kauwi,Kitui West,Kitui West,Kitui,Kiseveni Community Health Unit,602827,41030
Fully-functional,Kapiyo Health Centre,West Sakwa,Bondo,Bondo,Siaya,Kapiyo Community Health Unit,600010,40634
semi-functional,Tinet Dispensary,Tinet,Kuresoi South,Kuresoi South,Nakuru,Tinet Community Health Unit,602425,40634
Fully-functional,Ndori Health Centre,East Asembo,Rarieda,Rarieda,Siaya,South Ramba Community Health Unit,600415,40634
Fully-functional,Ndori Health Centre,East Asembo,Rarieda,Rarieda,Siaya,North Ramba A Community Health Unit,600405,40186
Fully-functional,Ndori Health Centre,East Asembo,Rarieda,Rarieda,Siaya,North Ramba C Community Health Unit,602618,41318
Fully-functional,Teret Dispensary,Mauche,Njoro,Njoro,Nakuru,Teret Community Health Unit,601145,40544
semi-functional,Nyagoto Dispensary,Sensi,Kitutu Chache North,Kitutu Chache North,Kisii,Rioma Community Health Unit,600157,40787
semi-functional,Kanthiari Dispensary,Kiegoi/Antubochiu,Igembe South,Igembe South,Meru,Kinyanka Community Health Unit,601955,40878
Fully-functional,Antubochiu Dispensary,Kiegoi/Antubochiu,Igembe South,Igembe South,Meru,Buriemaria Health Community Health Unit,601949,41214
semi-functional,Ematsuli Dispensary,North East Bunyore,Emuhaya,Emuhaya,Vihiga,Emmukunzi Community Health Unit,600656,39819
Fully-functional,Mkunumbi Dispensary,Mkunumbi,Lamu West,Lamu West,Lamu,Mkunumbi Community Health Unit,602187,39326
Fully-functional,Nyaguda Health Center,South Sakwa,Bondo,Bondo,Siaya,Nyaguda Community Health Unit,600015,40664
Fully-functional,Minyenya Health Centre,North Kamagambo,Rongo,Rongo,Migori,North Kamwango Community Health Unit,600418,39661
semi-functional,Kigumo Health center,Kyeni South,Runyenjes,Runyenjes,Embu,Mukuria Community Health Unit,601928,41122
semi-functional,Kigumo Health center,Kyeni South,Runyenjes,Runyenjes,Embu,Kigumo Community Health Unit,601927,41122
semi-functional,Kigumo Health center,Kyeni South,Runyenjes,Runyenjes,Embu,Kathari Community Health Unit,601925,41122
semi-functional,Kangu Dispensary,Nyangati,Mwea,Kirinyaga South,Kirinyaga,Kirimari Community Health Unit,601519,38961
Fully-functional,Chuthber Dispensary,Wang'chieng,Karachuonyo,Karachuonyo,Homa Bay,Kagwa Community Health Unit,600320,40848
Fully-functional,Budonga Dispensary,Bunyala West,Navakholo,Navakholo,Kakamega,Budonga Community Health Unit,600671,39817