name,title,level,facing,categories,description,detail,remediation,metadata,cache_key
function_search_path_mutable,Function Search Path Mutable,WARN,EXTERNAL,"[""SECURITY""]",Detects functions where the search_path parameter is not set.,Function \`public.is_admin\` has a role mutable search_path,https://supabase.com/docs/guides/database/database-linter?lint=0011_function_search_path_mutable,"{""name"":""is_admin"",""type"":""function"",""schema"":""public""}",function_search_path_mutable_public_is_admin_a5c7c70fe1d7afe809d170933727c8ea
function_search_path_mutable,Function Search Path Mutable,WARN,EXTERNAL,"[""SECURITY""]",Detects functions where the search_path parameter is not set.,Function \`public.check_bill_follow_badges\` has a role mutable search_path,https://supabase.com/docs/guides/database/database-linter?lint=0011_function_search_path_mutable,"{""name"":""check_bill_follow_badges"",""type"":""function"",""schema"":""public""}",function_search_path_mutable_public_check_bill_follow_badges_7241915c5fa600cdaaa8110a0589b95f
function_search_path_mutable,Function Search Path Mutable,WARN,EXTERNAL,"[""SECURITY""]",Detects functions where the search_path parameter is not set.,Function \`public.check_memo_signature_badges\` has a role mutable search_path,https://supabase.com/docs/guides/database/database-linter?lint=0011_function_search_path_mutable,"{""name"":""check_memo_signature_badges"",""type"":""function"",""schema"":""public""}",function_search_path_mutable_public_check_memo_signature_badges_c9a8d3c63c0bf8ba3f1e258b240645ad
function_search_path_mutable,Function Search Path Mutable,WARN,EXTERNAL,"[""SECURITY""]",Detects functions where the search_path parameter is not set.,Function \`public.check_discussion_start_badges\` has a role mutable search_path,https://supabase.com/docs/guides/database/database-linter?lint=0011_function_search_path_mutable,"{""name"":""check_discussion_start_badges"",""type"":""function"",""schema"":""public""}",function_search_path_mutable_public_check_discussion_start_badges_3d6b80a97d57507d0d96c3c0aba6619a
function_search_path_mutable,Function Search Path Mutable,WARN,EXTERNAL,"[""SECURITY""]",Detects functions where the search_path parameter is not set.,Function \`public.check_reply_badges\` has a role mutable search_path,https://supabase.com/docs/guides/database/database-linter?lint=0011_function_search_path_mutable,"{""name"":""check_reply_badges"",""type"":""function"",""schema"":""public""}",function_search_path_mutable_public_check_reply_badges_ac6e5f63e26b46f0b1a41092248c7f4f
function_search_path_mutable,Function Search Path Mutable,WARN,EXTERNAL,"[""SECURITY""]",Detects functions where the search_path parameter is not set.,Function \`public.classify_report\` has a role mutable search_path,https://supabase.com/docs/guides/database/database-linter?lint=0011_function_search_path_mutable,"{""name"":""classify_report"",""type"":""function"",""schema"":""public""}",function_search_path_mutable_public_classify_report_1a56d1c424d1a01c3680105a665ea511
function_search_path_mutable,Function Search Path Mutable,WARN,EXTERNAL,"[""SECURITY""]",Detects functions where the search_path parameter is not set.,Function \`public.update_modified_column\` has a role mutable search_path,https://supabase.com/docs/guides/database/database-linter?lint=0011_function_search_path_mutable,"{""name"":""update_modified_column"",""type"":""function"",""schema"":""public""}",function_search_path_mutable_public_update_modified_column_10ff09e0d1433006b865e7959e736c46
function_search_path_mutable,Function Search Path Mutable,WARN,EXTERNAL,"[""SECURITY""]",Detects functions where the search_path parameter is not set.,Function \`public.get_public_stats\` has a role mutable search_path,https://supabase.com/docs/guides/database/database-linter?lint=0011_function_search_path_mutable,"{""name"":""get_public_stats"",""type"":""function"",""schema"":""public""}",function_search_path_mutable_public_get_public_stats_34f23dc9640f9bb4d1caa1df0816a779
function_search_path_mutable,Function Search Path Mutable,WARN,EXTERNAL,"[""SECURITY""]",Detects functions where the search_path parameter is not set.,Function \`public.handle_updated_at\` has a role mutable search_path,https://supabase.com/docs/guides/database/database-linter?lint=0011_function_search_path_mutable,"{""name"":""handle_updated_at"",""type"":""function"",""schema"":""public""}",function_search_path_mutable_public_handle_updated_at_749d6e72e457701152e365704cde3807
function_search_path_mutable,Function Search Path Mutable,WARN,EXTERNAL,"[""SECURITY""]",Detects functions where the search_path parameter is not set.,Function \`public.hash_report_ip\` has a role mutable search_path,https://supabase.com/docs/guides/database/database-linter?lint=0011_function_search_path_mutable,"{""name"":""hash_report_ip"",""type"":""function"",""schema"":""public""}",function_search_path_mutable_public_hash_report_ip_45a2307f9e424b7a607e0e3fa7c610e4
function_search_path_mutable,Function Search Path Mutable,WARN,EXTERNAL,"[""SECURITY""]",Detects functions where the search_path parameter is not set.,Function \`public.notify_new_campaign\` has a role mutable search_path,https://supabase.com/docs/guides/database/database-linter?lint=0011_function_search_path_mutable,"{""name"":""notify_new_campaign"",""type"":""function"",""schema"":""public""}",function_search_path_mutable_public_notify_new_campaign_0d983d7838b2ea71e139e1f0b7d79d7c
function_search_path_mutable,Function Search Path Mutable,WARN,EXTERNAL,"[""SECURITY""]",Detects functions where the search_path parameter is not set.,Function \`public.decrement_campaign_participants\` has a role mutable search_path,https://supabase.com/docs/guides/database/database-linter?lint=0011_function_search_path_mutable,"{""name"":""decrement_campaign_participants"",""type"":""function"",""schema"":""public""}",function_search_path_mutable_public_decrement_campaign_participants_5328516cdeb1e68b6f981278f2d66908
function_search_path_mutable,Function Search Path Mutable,WARN,EXTERNAL,"[""SECURITY""]",Detects functions where the search_path parameter is not set.,Function \`public.increment_campaign_participants\` has a role mutable search_path,https://supabase.com/docs/guides/database/database-linter?lint=0011_function_search_path_mutable,"{""name"":""increment_campaign_participants"",""type"":""function"",""schema"":""public""}",function_search_path_mutable_public_increment_campaign_participants_f0463b17126e18481c02e67b986bb924
function_search_path_mutable,Function Search Path Mutable,WARN,EXTERNAL,"[""SECURITY""]",Detects functions where the search_path parameter is not set.,Function \`public.check_duplicate_report\` has a role mutable search_path,https://supabase.com/docs/guides/database/database-linter?lint=0011_function_search_path_mutable,"{""name"":""check_duplicate_report"",""type"":""function"",""schema"":""public""}",function_search_path_mutable_public_check_duplicate_report_7a41ec7c6e3bb97fdfe8caa64ace4f16
function_search_path_mutable,Function Search Path Mutable,WARN,EXTERNAL,"[""SECURITY""]",Detects functions where the search_path parameter is not set.,Function \`public.escalate_stale_pending\` has a role mutable search_path,https://supabase.com/docs/guides/database/database-linter?lint=0011_function_search_path_mutable,"{""name"":""escalate_stale_pending"",""type"":""function"",""schema"":""public""}",function_search_path_mutable_public_escalate_stale_pending_a84c63a197d8c2934192c2df732d0e60
function_search_path_mutable,Function Search Path Mutable,WARN,EXTERNAL,"[""SECURITY""]",Detects functions where the search_path parameter is not set.,Function \`public.increment_template_usage\` has a role mutable search_path,https://supabase.com/docs/guides/database/database-linter?lint=0011_function_search_path_mutable,"{""name"":""increment_template_usage"",""type"":""function"",""schema"":""public""}",function_search_path_mutable_public_increment_template_usage_c3686d5c3f979ddcde8ec5c6007ce232
function_search_path_mutable,Function Search Path Mutable,WARN,EXTERNAL,"[""SECURITY""]",Detects functions where the search_path parameter is not set.,Function \`public.increment_template_views\` has a role mutable search_path,https://supabase.com/docs/guides/database/database-linter?lint=0011_function_search_path_mutable,"{""name"":""increment_template_views"",""type"":""function"",""schema"":""public""}",function_search_path_mutable_public_increment_template_views_33b1da70f85106f01db0a9f2428dd1cc
function_search_path_mutable,Function Search Path Mutable,WARN,EXTERNAL,"[""SECURITY""]",Detects functions where the search_path parameter is not set.,Function \`public.increment_user_action\` has a role mutable search_path,https://supabase.com/docs/guides/database/database-linter?lint=0011_function_search_path_mutable,"{""name"":""increment_user_action"",""type"":""function"",""schema"":""public""}",function_search_path_mutable_public_increment_user_action_c56adab9bc3c540e874c775b10d9066f
function_search_path_mutable,Function Search Path Mutable,WARN,EXTERNAL,"[""SECURITY""]",Detects functions where the search_path parameter is not set.,Function \`public.generate_slug\` has a role mutable search_path,https://supabase.com/docs/guides/database/database-linter?lint=0011_function_search_path_mutable,"{""name"":""generate_slug"",""type"":""function"",""schema"":""public""}",function_search_path_mutable_public_generate_slug_c1fe26b811297c520cef5a86164814bd
function_search_path_mutable,Function Search Path Mutable,WARN,EXTERNAL,"[""SECURITY""]",Detects functions where the search_path parameter is not set.,Function \`public.award_badge\` has a role mutable search_path,https://supabase.com/docs/guides/database/database-linter?lint=0011_function_search_path_mutable,"{""name"":""award_badge"",""type"":""function"",""schema"":""public""}",function_search_path_mutable_public_award_badge_2c1439bd325acc6b75cf23fe316a4e5a
function_search_path_mutable,Function Search Path Mutable,WARN,EXTERNAL,"[""SECURITY""]",Detects functions where the search_path parameter is not set.,Function \`public.award_civic_credits\` has a role mutable search_path,https://supabase.com/docs/guides/database/database-linter?lint=0011_function_search_path_mutable,"{""name"":""award_civic_credits"",""type"":""function"",""schema"":""public""}",function_search_path_mutable_public_award_civic_credits_1842892548cf245a925641c8474f272f
function_search_path_mutable,Function Search Path Mutable,WARN,EXTERNAL,"[""SECURITY""]",Detects functions where the search_path parameter is not set.,Function \`public.get_bill_by_slug_or_id\` has a role mutable search_path,https://supabase.com/docs/guides/database/database-linter?lint=0011_function_search_path_mutable,"{""name"":""get_bill_by_slug_or_id"",""type"":""function"",""schema"":""public""}",function_search_path_mutable_public_get_bill_by_slug_or_id_d72bf7e03df55cc122f08693f75e842e
function_search_path_mutable,Function Search Path Mutable,WARN,EXTERNAL,"[""SECURITY""]",Detects functions where the search_path parameter is not set.,Function \`public.get_mailing_mesh_status\` has a role mutable search_path,https://supabase.com/docs/guides/database/database-linter?lint=0011_function_search_path_mutable,"{""name"":""get_mailing_mesh_status"",""type"":""function"",""schema"":""public""}",function_search_path_mutable_public_get_mailing_mesh_status_61cdeb04794f49d61378e1eb3b102f26
function_search_path_mutable,Function Search Path Mutable,WARN,EXTERNAL,"[""SECURITY""]",Detects functions where the search_path parameter is not set.,Function \`public.get_translation_consensus\` has a role mutable search_path,https://supabase.com/docs/guides/database/database-linter?lint=0011_function_search_path_mutable,"{""name"":""get_translation_consensus"",""type"":""function"",""schema"":""public""}",function_search_path_mutable_public_get_translation_consensus_3818472e9b4bd413ff9bb6aa55fdab8a
function_search_path_mutable,Function Search Path Mutable,WARN,EXTERNAL,"[""SECURITY""]",Detects functions where the search_path parameter is not set.,Function \`public.check_translation_glossary\` has a role mutable search_path,https://supabase.com/docs/guides/database/database-linter?lint=0011_function_search_path_mutable,"{""name"":""check_translation_glossary"",""type"":""function"",""schema"":""public""}",function_search_path_mutable_public_check_translation_glossary_9140ff89f7780d87a44119319d11c918
function_search_path_mutable,Function Search Path Mutable,WARN,EXTERNAL,"[""SECURITY""]",Detects functions where the search_path parameter is not set.,Function \`public.notify_system_settings_change\` has a role mutable search_path,https://supabase.com/docs/guides/database/database-linter?lint=0011_function_search_path_mutable,"{""name"":""notify_system_settings_change"",""type"":""function"",""schema"":""public""}",function_search_path_mutable_public_notify_system_settings_change_e385e1ccb44ca99504a7b187aeb34683
function_search_path_mutable,Function Search Path Mutable,WARN,EXTERNAL,"[""SECURITY""]",Detects functions where the search_path parameter is not set.,Function \`public.handle_donation_payment_update\` has a role mutable search_path,https://supabase.com/docs/guides/database/database-linter?lint=0011_function_search_path_mutable,"{""name"":""handle_donation_payment_update"",""type"":""function"",""schema"":""public""}",function_search_path_mutable_public_handle_donation_payment_update_749d6e72e457701152e365704cde3807
function_search_path_mutable,Function Search Path Mutable,WARN,EXTERNAL,"[""SECURITY""]",Detects functions where the search_path parameter is not set.,Function \`public.check_report_status\` has a role mutable search_path,https://supabase.com/docs/guides/database/database-linter?lint=0011_function_search_path_mutable,"{""name"":""check_report_status"",""type"":""function"",""schema"":""public""}",function_search_path_mutable_public_check_report_status_e5f47327573415c38aacd5f4b32e9876
function_search_path_mutable,Function Search Path Mutable,WARN,EXTERNAL,"[""SECURITY""]",Detects functions where the search_path parameter is not set.,Function \`public.trigger_process_broadcast_queue\` has a role mutable search_path,https://supabase.com/docs/guides/database/database-linter?lint=0011_function_search_path_mutable,"{""name"":""trigger_process_broadcast_queue"",""type"":""function"",""schema"":""public""}",function_search_path_mutable_public_trigger_process_broadcast_queue_7e1dde856905434ed669189d632f1a72
function_search_path_mutable,Function Search Path Mutable,WARN,EXTERNAL,"[""SECURITY""]",Detects functions where the search_path parameter is not set.,Function \`public.notify_constitution_reading_milestone\` has a role mutable search_path,https://supabase.com/docs/guides/database/database-linter?lint=0011_function_search_path_mutable,"{""name"":""notify_constitution_reading_milestone"",""type"":""function"",""schema"":""public""}",function_search_path_mutable_public_notify_constitution_reading_milestone_76c6d5b4e915810b759a0dba4b754db8
function_search_path_mutable,Function Search Path Mutable,WARN,EXTERNAL,"[""SECURITY""]",Detects functions where the search_path parameter is not set.,Function \`public.check_and_award_badges\` has a role mutable search_path,https://supabase.com/docs/guides/database/database-linter?lint=0011_function_search_path_mutable,"{""name"":""check_and_award_badges"",""type"":""function"",""schema"":""public""}",function_search_path_mutable_public_check_and_award_badges_a528d08f16576e8c2a0002c7f5c244a0
function_search_path_mutable,Function Search Path Mutable,WARN,EXTERNAL,"[""SECURITY""]",Detects functions where the search_path parameter is not set.,Function \`public.notify_badge_earned\` has a role mutable search_path,https://supabase.com/docs/guides/database/database-linter?lint=0011_function_search_path_mutable,"{""name"":""notify_badge_earned"",""type"":""function"",""schema"":""public""}",function_search_path_mutable_public_notify_badge_earned_7cdb3bdc8608e87286c43ad1bba5a1c3
function_search_path_mutable,Function Search Path Mutable,WARN,EXTERNAL,"[""SECURITY""]",Detects functions where the search_path parameter is not set.,Function \`public.notify_community_member_joined\` has a role mutable search_path,https://supabase.com/docs/guides/database/database-linter?lint=0011_function_search_path_mutable,"{""name"":""notify_community_member_joined"",""type"":""function"",""schema"":""public""}",function_search_path_mutable_public_notify_community_member_joined_3ee67156760563ba50f37614b7eefa79
function_search_path_mutable,Function Search Path Mutable,WARN,EXTERNAL,"[""SECURITY""]",Detects functions where the search_path parameter is not set.,Function \`public.notify_signature_nps\` has a role mutable search_path,https://supabase.com/docs/guides/database/database-linter?lint=0011_function_search_path_mutable,"{""name"":""notify_signature_nps"",""type"":""function"",""schema"":""public""}",function_search_path_mutable_public_notify_signature_nps_f2f0ad2e5920a9bb563e5677d5881362
function_search_path_mutable,Function Search Path Mutable,WARN,EXTERNAL,"[""SECURITY""]",Detects functions where the search_path parameter is not set.,Function \`public.notify_resource_view_connection\` has a role mutable search_path,https://supabase.com/docs/guides/database/database-linter?lint=0011_function_search_path_mutable,"{""name"":""notify_resource_view_connection"",""type"":""function"",""schema"":""public""}",function_search_path_mutable_public_notify_resource_view_connection_2168e44f235f3433a440b60d35458f6e
function_search_path_mutable,Function Search Path Mutable,WARN,EXTERNAL,"[""SECURITY""]",Detects functions where the search_path parameter is not set.,Function \`public.redeem_perk\` has a role mutable search_path,https://supabase.com/docs/guides/database/database-linter?lint=0011_function_search_path_mutable,"{""name"":""redeem_perk"",""type"":""function"",""schema"":""public""}",function_search_path_mutable_public_redeem_perk_173b35ff895fd90d8aed882f131962de
function_search_path_mutable,Function Search Path Mutable,WARN,EXTERNAL,"[""SECURITY""]",Detects functions where the search_path parameter is not set.,Function \`public.submit_signature\` has a role mutable search_path,https://supabase.com/docs/guides/database/database-linter?lint=0011_function_search_path_mutable,"{""name"":""submit_signature"",""type"":""function"",""schema"":""public""}",function_search_path_mutable_public_submit_signature_4ec79f72f003fb1c2d2e7455b25ff439
function_search_path_mutable,Function Search Path Mutable,WARN,EXTERNAL,"[""SECURITY""]",Detects functions where the search_path parameter is not set.,Function \`public.trigger_civic_rewards\` has a role mutable search_path,https://supabase.com/docs/guides/database/database-linter?lint=0011_function_search_path_mutable,"{""name"":""trigger_civic_rewards"",""type"":""function"",""schema"":""public""}",function_search_path_mutable_public_trigger_civic_rewards_69e03fa13a80011e0c7b68e5de0078be
function_search_path_mutable,Function Search Path Mutable,WARN,EXTERNAL,"[""SECURITY""]",Detects functions where the search_path parameter is not set.,Function \`public.is_member_of_room\` has a role mutable search_path,https://supabase.com/docs/guides/database/database-linter?lint=0011_function_search_path_mutable,"{""name"":""is_member_of_room"",""type"":""function"",""schema"":""public""}",function_search_path_mutable_public_is_member_of_room_3409ec60dbda8d4f49a24ba1d8463e0d
function_search_path_mutable,Function Search Path Mutable,WARN,EXTERNAL,"[""SECURITY""]",Detects functions where the search_path parameter is not set.,Function \`public.user_wants_notification\` has a role mutable search_path,https://supabase.com/docs/guides/database/database-linter?lint=0011_function_search_path_mutable,"{""name"":""user_wants_notification"",""type"":""function"",""schema"":""public""}",function_search_path_mutable_public_user_wants_notification_d46bd24fd95e4203f98a4feece8531a7
function_search_path_mutable,Function Search Path Mutable,WARN,EXTERNAL,"[""SECURITY""]",Detects functions where the search_path parameter is not set.,Function \`public.award_points\` has a role mutable search_path,https://supabase.com/docs/guides/database/database-linter?lint=0011_function_search_path_mutable,"{""name"":""award_points"",""type"":""function"",""schema"":""public""}",function_search_path_mutable_public_award_points_8143e2e86bdd6017880af213ab6bba83
function_search_path_mutable,Function Search Path Mutable,WARN,EXTERNAL,"[""SECURITY""]",Detects functions where the search_path parameter is not set.,Function \`public.notify_volunteer_status_change\` has a role mutable search_path,https://supabase.com/docs/guides/database/database-linter?lint=0011_function_search_path_mutable,"{""name"":""notify_volunteer_status_change"",""type"":""function"",""schema"":""public""}",function_search_path_mutable_public_notify_volunteer_status_change_0bf8278bf95bac431cd76c0ec7f6f1bd
function_search_path_mutable,Function Search Path Mutable,WARN,EXTERNAL,"[""SECURITY""]",Detects functions where the search_path parameter is not set.,Function \`public.verify_signature_otp\` has a role mutable search_path,https://supabase.com/docs/guides/database/database-linter?lint=0011_function_search_path_mutable,"{""name"":""verify_signature_otp"",""type"":""function"",""schema"":""public""}",function_search_path_mutable_public_verify_signature_otp_58261c79c39d041619fe7e993b131a32
function_search_path_mutable,Function Search Path Mutable,WARN,EXTERNAL,"[""SECURITY""]",Detects functions where the search_path parameter is not set.,Function \`public.get_enrichment_chip_counts\` has a role mutable search_path,https://supabase.com/docs/guides/database/database-linter?lint=0011_function_search_path_mutable,"{""name"":""get_enrichment_chip_counts"",""type"":""function"",""schema"":""public""}",function_search_path_mutable_public_get_enrichment_chip_counts_9cdcdeaae340a3216b98e8c7ccdcab75
function_search_path_mutable,Function Search Path Mutable,WARN,EXTERNAL,"[""SECURITY""]",Detects functions where the search_path parameter is not set.,Function \`public.handle_partners_update\` has a role mutable search_path,https://supabase.com/docs/guides/database/database-linter?lint=0011_function_search_path_mutable,"{""name"":""handle_partners_update"",""type"":""function"",""schema"":""public""}",function_search_path_mutable_public_handle_partners_update_301a884953d37769916294bb60562e05
function_search_path_mutable,Function Search Path Mutable,WARN,EXTERNAL,"[""SECURITY""]",Detects functions where the search_path parameter is not set.,Function \`public.check_badge_thresholds\` has a role mutable search_path,https://supabase.com/docs/guides/database/database-linter?lint=0011_function_search_path_mutable,"{""name"":""check_badge_thresholds"",""type"":""function"",""schema"":""public""}",function_search_path_mutable_public_check_badge_thresholds_31ed2a573b439d57a37e632cc09e5550
function_search_path_mutable,Function Search Path Mutable,WARN,EXTERNAL,"[""SECURITY""]",Detects functions where the search_path parameter is not set.,Function \`public.get_trending_bills\` has a role mutable search_path,https://supabase.com/docs/guides/database/database-linter?lint=0011_function_search_path_mutable,"{""name"":""get_trending_bills"",""type"":""function"",""schema"":""public""}",function_search_path_mutable_public_get_trending_bills_0be73a9a068c17c0d08d40503f097c62
function_search_path_mutable,Function Search Path Mutable,WARN,EXTERNAL,"[""SECURITY""]",Detects functions where the search_path parameter is not set.,Function \`public.prevent_modification\` has a role mutable search_path,https://supabase.com/docs/guides/database/database-linter?lint=0011_function_search_path_mutable,"{""name"":""prevent_modification"",""type"":""function"",""schema"":""public""}",function_search_path_mutable_public_prevent_modification_a9173dcf20ceb0e458725edb9bb86e8b
function_search_path_mutable,Function Search Path Mutable,WARN,EXTERNAL,"[""SECURITY""]",Detects functions where the search_path parameter is not set.,Function \`public.log_action\` has a role mutable search_path,https://supabase.com/docs/guides/database/database-linter?lint=0011_function_search_path_mutable,"{""name"":""log_action"",""type"":""function"",""schema"":""public""}",function_search_path_mutable_public_log_action_b3b12b230644dfc876a52e4f5eeeb3f6
function_search_path_mutable,Function Search Path Mutable,WARN,EXTERNAL,"[""SECURITY""]",Detects functions where the search_path parameter is not set.,Function \`public.notify_bill_status_change_from_history\` has a role mutable search_path,https://supabase.com/docs/guides/database/database-linter?lint=0011_function_search_path_mutable,"{""name"":""notify_bill_status_change_from_history"",""type"":""function"",""schema"":""public""}",function_search_path_mutable_public_notify_bill_status_change_from_history_fd4d0cf7ac228c597bdb54ca33489774
function_search_path_mutable,Function Search Path Mutable,WARN,EXTERNAL,"[""SECURITY""]",Detects functions where the search_path parameter is not set.,Function \`public.notify_bill_response\` has a role mutable search_path,https://supabase.com/docs/guides/database/database-linter?lint=0011_function_search_path_mutable,"{""name"":""notify_bill_response"",""type"":""function"",""schema"":""public""}",function_search_path_mutable_public_notify_bill_response_1823c617331278b5f98993ab68263538
function_search_path_mutable,Function Search Path Mutable,WARN,EXTERNAL,"[""SECURITY""]",Detects functions where the search_path parameter is not set.,Function \`public.notify_campaign_update\` has a role mutable search_path,https://supabase.com/docs/guides/database/database-linter?lint=0011_function_search_path_mutable,"{""name"":""notify_campaign_update"",""type"":""function"",""schema"":""public""}",function_search_path_mutable_public_notify_campaign_update_be131a4893fd15fedebc4f7ac693af3d
function_search_path_mutable,Function Search Path Mutable,WARN,EXTERNAL,"[""SECURITY""]",Detects functions where the search_path parameter is not set.,Function \`public.notify_new_blog_post\` has a role mutable search_path,https://supabase.com/docs/guides/database/database-linter?lint=0011_function_search_path_mutable,"{""name"":""notify_new_blog_post"",""type"":""function"",""schema"":""public""}",function_search_path_mutable_public_notify_new_blog_post_d2f5bd7fddaceb6e188fd7a808d37cd6
function_search_path_mutable,Function Search Path Mutable,WARN,EXTERNAL,"[""SECURITY""]",Detects functions where the search_path parameter is not set.,Function \`public.send_event_reminders\` has a role mutable search_path,https://supabase.com/docs/guides/database/database-linter?lint=0011_function_search_path_mutable,"{""name"":""send_event_reminders"",""type"":""function"",""schema"":""public""}",function_search_path_mutable_public_send_event_reminders_d8ac45cb6580c1f200e50b484c917a1e
function_search_path_mutable,Function Search Path Mutable,WARN,EXTERNAL,"[""SECURITY""]",Detects functions where the search_path parameter is not set.,Function \`public.notify_new_community_member\` has a role mutable search_path,https://supabase.com/docs/guides/database/database-linter?lint=0011_function_search_path_mutable,"{""name"":""notify_new_community_member"",""type"":""function"",""schema"":""public""}",function_search_path_mutable_public_notify_new_community_member_256dbcd61c1cd4e561b687062a143b81
function_search_path_mutable,Function Search Path Mutable,WARN,EXTERNAL,"[""SECURITY""]",Detects functions where the search_path parameter is not set.,Function \`public.award_reading_milestone\` has a role mutable search_path,https://supabase.com/docs/guides/database/database-linter?lint=0011_function_search_path_mutable,"{""name"":""award_reading_milestone"",""type"":""function"",""schema"":""public""}",function_search_path_mutable_public_award_reading_milestone_9cfeb7cbf533cee7bcad5856e3a5533f
function_search_path_mutable,Function Search Path Mutable,WARN,EXTERNAL,"[""SECURITY""]",Detects functions where the search_path parameter is not set.,Function \`public.track_article_view\` has a role mutable search_path,https://supabase.com/docs/guides/database/database-linter?lint=0011_function_search_path_mutable,"{""name"":""track_article_view"",""type"":""function"",""schema"":""public""}",function_search_path_mutable_public_track_article_view_e3a1476a68bcc76b4d38d72ed2754039
function_search_path_mutable,Function Search Path Mutable,WARN,EXTERNAL,"[""SECURITY""]",Detects functions where the search_path parameter is not set.,Function \`public.notify_new_civic_event\` has a role mutable search_path,https://supabase.com/docs/guides/database/database-linter?lint=0011_function_search_path_mutable,"{""name"":""notify_new_civic_event"",""type"":""function"",""schema"":""public""}",function_search_path_mutable_public_notify_new_civic_event_3433ee36a88452cb86321700cba4973a
function_search_path_mutable,Function Search Path Mutable,WARN,EXTERNAL,"[""SECURITY""]",Detects functions where the search_path parameter is not set.,Function \`public.send_reading_percentile_notifications\` has a role mutable search_path,https://supabase.com/docs/guides/database/database-linter?lint=0011_function_search_path_mutable,"{""name"":""send_reading_percentile_notifications"",""type"":""function"",""schema"":""public""}",function_search_path_mutable_public_send_reading_percentile_notifications_ee628c609c92474d6126c7f73083f49a
function_search_path_mutable,Function Search Path Mutable,WARN,EXTERNAL,"[""SECURITY""]",Detects functions where the search_path parameter is not set.,Function \`public.notify_credit_change\` has a role mutable search_path,https://supabase.com/docs/guides/database/database-linter?lint=0011_function_search_path_mutable,"{""name"":""notify_credit_change"",""type"":""function"",""schema"":""public""}",function_search_path_mutable_public_notify_credit_change_f3615c73317012ca3381eb71e93d96b4
function_search_path_mutable,Function Search Path Mutable,WARN,EXTERNAL,"[""SECURITY""]",Detects functions where the search_path parameter is not set.,Function \`public.notify_resource_view\` has a role mutable search_path,https://supabase.com/docs/guides/database/database-linter?lint=0011_function_search_path_mutable,"{""name"":""notify_resource_view"",""type"":""function"",""schema"":""public""}",function_search_path_mutable_public_notify_resource_view_83e967cfad3f551c367172d0b68a0c78
function_search_path_mutable,Function Search Path Mutable,WARN,EXTERNAL,"[""SECURITY""]",Detects functions where the search_path parameter is not set.,Function \`public.ask_nps_on_signature_verified\` has a role mutable search_path,https://supabase.com/docs/guides/database/database-linter?lint=0011_function_search_path_mutable,"{""name"":""ask_nps_on_signature_verified"",""type"":""function"",""schema"":""public""}",function_search_path_mutable_public_ask_nps_on_signature_verified_68065d558dfc83b8cdbee2e1067e1e87
function_search_path_mutable,Function Search Path Mutable,WARN,EXTERNAL,"[""SECURITY""]",Detects functions where the search_path parameter is not set.,Function \`public.notify_settings_change\` has a role mutable search_path,https://supabase.com/docs/guides/database/database-linter?lint=0011_function_search_path_mutable,"{""name"":""notify_settings_change"",""type"":""function"",""schema"":""public""}",function_search_path_mutable_public_notify_settings_change_6d65d00a2e18228c662ef1dbec1902d7
function_search_path_mutable,Function Search Path Mutable,WARN,EXTERNAL,"[""SECURITY""]",Detects functions where the search_path parameter is not set.,Function \`public.notify_volunteer_status_change_full\` has a role mutable search_path,https://supabase.com/docs/guides/database/database-linter?lint=0011_function_search_path_mutable,"{""name"":""notify_volunteer_status_change_full"",""type"":""function"",""schema"":""public""}",function_search_path_mutable_public_notify_volunteer_status_change_full_897d3456123fbc1dc35d72973b93db2a
function_search_path_mutable,Function Search Path Mutable,WARN,EXTERNAL,"[""SECURITY""]",Detects functions where the search_path parameter is not set.,Function \`public.notify_new_volunteer_opportunity\` has a role mutable search_path,https://supabase.com/docs/guides/database/database-linter?lint=0011_function_search_path_mutable,"{""name"":""notify_new_volunteer_opportunity"",""type"":""function"",""schema"":""public""}",function_search_path_mutable_public_notify_new_volunteer_opportunity_9c200341c2facceb733ed41d676c25ec
function_search_path_mutable,Function Search Path Mutable,WARN,EXTERNAL,"[""SECURITY""]",Detects functions where the search_path parameter is not set.,Function \`public.award_action_badge\` has a role mutable search_path,https://supabase.com/docs/guides/database/database-linter?lint=0011_function_search_path_mutable,"{""name"":""award_action_badge"",""type"":""function"",""schema"":""public""}",function_search_path_mutable_public_award_action_badge_da007fbae45e0af34595d9f4b0683e33
function_search_path_mutable,Function Search Path Mutable,WARN,EXTERNAL,"[""SECURITY""]",Detects functions where the search_path parameter is not set.,Function \`public.generate_campaign_slug\` has a role mutable search_path,https://supabase.com/docs/guides/database/database-linter?lint=0011_function_search_path_mutable,"{""name"":""generate_campaign_slug"",""type"":""function"",""schema"":""public""}",function_search_path_mutable_public_generate_campaign_slug_c90b8885add8cbc107a587c2820515f4
function_search_path_mutable,Function Search Path Mutable,WARN,EXTERNAL,"[""SECURITY""]",Detects functions where the search_path parameter is not set.,Function \`public.set_campaign_slug\` has a role mutable search_path,https://supabase.com/docs/guides/database/database-linter?lint=0011_function_search_path_mutable,"{""name"":""set_campaign_slug"",""type"":""function"",""schema"":""public""}",function_search_path_mutable_public_set_campaign_slug_0a138c2a7c417c54255c976847f65c0d
function_search_path_mutable,Function Search Path Mutable,WARN,EXTERNAL,"[""SECURITY""]",Detects functions where the search_path parameter is not set.,Function \`public.create_campaign_from_approved_proposal\` has a role mutable search_path,https://supabase.com/docs/guides/database/database-linter?lint=0011_function_search_path_mutable,"{""name"":""create_campaign_from_approved_proposal"",""type"":""function"",""schema"":""public""}",function_search_path_mutable_public_create_campaign_from_approved_proposal_58abd647b0ae266575c355f8fbb0e1da
function_search_path_mutable,Function Search Path Mutable,WARN,EXTERNAL,"[""SECURITY""]",Detects functions where the search_path parameter is not set.,Function \`public.handle_translation_unit_updated_at\` has a role mutable search_path,https://supabase.com/docs/guides/database/database-linter?lint=0011_function_search_path_mutable,"{""name"":""handle_translation_unit_updated_at"",""type"":""function"",""schema"":""public""}",function_search_path_mutable_public_handle_translation_unit_updated_at_1489083fd9d99d4554c8e29b3e9a7ad3
function_search_path_mutable,Function Search Path Mutable,WARN,EXTERNAL,"[""SECURITY""]",Detects functions where the search_path parameter is not set.,Function \`public.get_translation_progress\` has a role mutable search_path,https://supabase.com/docs/guides/database/database-linter?lint=0011_function_search_path_mutable,"{""name"":""get_translation_progress"",""type"":""function"",""schema"":""public""}",function_search_path_mutable_public_get_translation_progress_8baddd0330529939645ec277ddd1e7dc
function_search_path_mutable,Function Search Path Mutable,WARN,EXTERNAL,"[""SECURITY""]",Detects functions where the search_path parameter is not set.,Function \`public.get_next_translation_task\` has a role mutable search_path,https://supabase.com/docs/guides/database/database-linter?lint=0011_function_search_path_mutable,"{""name"":""get_next_translation_task"",""type"":""function"",""schema"":""public""}",function_search_path_mutable_public_get_next_translation_task_2f548868853bb7d3ca1e1b8cd6042335
function_search_path_mutable,Function Search Path Mutable,WARN,EXTERNAL,"[""SECURITY""]",Detects functions where the search_path parameter is not set.,Function \`public.increment_contribution_points\` has a role mutable search_path,https://supabase.com/docs/guides/database/database-linter?lint=0011_function_search_path_mutable,"{""name"":""increment_contribution_points"",""type"":""function"",""schema"":""public""}",function_search_path_mutable_public_increment_contribution_points_88ea5aafeb6a0377207718b12b0b1e34
function_search_path_mutable,Function Search Path Mutable,WARN,EXTERNAL,"[""SECURITY""]",Detects functions where the search_path parameter is not set.,Function \`public.notify_bill_followed\` has a role mutable search_path,https://supabase.com/docs/guides/database/database-linter?lint=0011_function_search_path_mutable,"{""name"":""notify_bill_followed"",""type"":""function"",""schema"":""public""}",function_search_path_mutable_public_notify_bill_followed_129bbc48a482aa03f0dde09a1f8b4df7
function_search_path_mutable,Function Search Path Mutable,WARN,EXTERNAL,"[""SECURITY""]",Detects functions where the search_path parameter is not set.,Function \`public.notify_new_bill_dropped\` has a role mutable search_path,https://supabase.com/docs/guides/database/database-linter?lint=0011_function_search_path_mutable,"{""name"":""notify_new_bill_dropped"",""type"":""function"",""schema"":""public""}",function_search_path_mutable_public_notify_new_bill_dropped_c93297a723074ccbba0506bd20730fa5
function_search_path_mutable,Function Search Path Mutable,WARN,EXTERNAL,"[""SECURITY""]",Detects functions where the search_path parameter is not set.,Function \`public.notify_followers_bill_status_change\` has a role mutable search_path,https://supabase.com/docs/guides/database/database-linter?lint=0011_function_search_path_mutable,"{""name"":""notify_followers_bill_status_change"",""type"":""function"",""schema"":""public""}",function_search_path_mutable_public_notify_followers_bill_status_change_8e672e45522b39b501213bce9b595778
function_search_path_mutable,Function Search Path Mutable,WARN,EXTERNAL,"[""SECURITY""]",Detects functions where the search_path parameter is not set.,Function \`public.trigger_ai_translation_draft\` has a role mutable search_path,https://supabase.com/docs/guides/database/database-linter?lint=0011_function_search_path_mutable,"{""name"":""trigger_ai_translation_draft"",""type"":""function"",""schema"":""public""}",function_search_path_mutable_public_trigger_ai_translation_draft_40f0e5c866471ebc271d86b1c053e589
extension_in_public,Extension in Public,WARN,EXTERNAL,"[""SECURITY""]",Detects extensions installed in the \`public\` schema.,Extension \`vector\` is installed in the public schema. Move it to another schema.,https://supabase.com/docs/guides/database/database-linter?lint=0014_extension_in_public,"{""name"":""vector"",""type"":""extension"",""schema"":""public""}",extension_in_public_vector
extension_in_public,Extension in Public,WARN,EXTERNAL,"[""SECURITY""]",Detects extensions installed in the \`public\` schema.,Extension \`pg_trgm\` is installed in the public schema. Move it to another schema.,https://supabase.com/docs/guides/database/database-linter?lint=0014_extension_in_public,"{""name"":""pg_trgm"",""type"":""extension"",""schema"":""public""}",extension_in_public_pg_trgm
extension_in_public,Extension in Public,WARN,EXTERNAL,"[""SECURITY""]",Detects extensions installed in the \`public\` schema.,Extension \`fuzzystrmatch\` is installed in the public schema. Move it to another schema.,https://supabase.com/docs/guides/database/database-linter?lint=0014_extension_in_public,"{""name"":""fuzzystrmatch"",""type"":""extension"",""schema"":""public""}",extension_in_public_fuzzystrmatch
extension_in_public,Extension in Public,WARN,EXTERNAL,"[""SECURITY""]",Detects extensions installed in the \`public\` schema.,Extension \`postgis\` is installed in the public schema. Move it to another schema.,https://supabase.com/docs/guides/database/database-linter?lint=0014_extension_in_public,"{""name"":""postgis"",""type"":""extension"",""schema"":""public""}",extension_in_public_postgis
rls_policy_always_true,RLS Policy Always True,WARN,EXTERNAL,"[""SECURITY""]","Detects RLS policies that use overly permissive expressions like \`USING (true)\` or \`WITH CHECK (true)\` for UPDATE, DELETE, or INSERT operations. SELECT policies with \`USING (true)\` are intentionally excluded as this pattern is often used deliberately for public read access.",Table `public.bills` has an RLS policy `Service role can manage bills` for `ALL` that allows unrestricted access (both USING and WITH CHECK are always true). This effectively bypasses row-level security for -.,https://supabase.com/docs/guides/database/database-linter?lint=0024_permissive_rls_policy,"{""name"":""bills"",""qual"":""true"",""type"":""table"",""roles"":[""-""],""schema"":""public"",""command"":""ALL"",""with_check"":""true"",""policy_name"":""Service role can manage bills"",""permissive_using"":true,""permissive_with_check"":true}",rls_policy_always_true_public_bills_Service role can manage bills
rls_policy_always_true,RLS Policy Always True,WARN,EXTERNAL,"[""SECURITY""]","Detects RLS policies that use overly permissive expressions like \`USING (true)\` or \`WITH CHECK (true)\` for UPDATE, DELETE, or INSERT operations. SELECT policies with \`USING (true)\` are intentionally excluded as this pattern is often used deliberately for public read access.",Table `public.chat_mentions` has an RLS policy `Authenticated users can create mentions` for `INSERT` that allows unrestricted access (WITH CHECK clause is always true). This effectively bypasses row-level security for authenticated.,https://supabase.com/docs/guides/database/database-linter?lint=0024_permissive_rls_policy,"{""name"":""chat_mentions"",""qual"":null,""type"":""table"",""roles"":[""authenticated""],""schema"":""public"",""command"":""INSERT"",""with_check"":""true"",""policy_name"":""Authenticated users can create mentions"",""permissive_using"":false,""permissive_with_check"":true}",rls_policy_always_true_public_chat_mentions_Authenticated users can create mentions
rls_policy_always_true,RLS Policy Always True,WARN,EXTERNAL,"[""SECURITY""]","Detects RLS policies that use overly permissive expressions like \`USING (true)\` or \`WITH CHECK (true)\` for UPDATE, DELETE, or INSERT operations. SELECT policies with \`USING (true)\` are intentionally excluded as this pattern is often used deliberately for public read access.",Table `public.donation_payments` has an RLS policy `Service role can manage donation_payments` for `ALL` that allows unrestricted access (both USING and WITH CHECK are always true). This effectively bypasses row-level security for -.,https://supabase.com/docs/guides/database/database-linter?lint=0024_permissive_rls_policy,"{""name"":""donation_payments"",""qual"":""true"",""type"":""table"",""roles"":[""-""],""schema"":""public"",""command"":""ALL"",""with_check"":""true"",""policy_name"":""Service role can manage donation_payments"",""permissive_using"":true,""permissive_with_check"":true}",rls_policy_always_true_public_donation_payments_Service role can manage donation_payments
rls_policy_always_true,RLS Policy Always True,WARN,EXTERNAL,"[""SECURITY""]","Detects RLS policies that use overly permissive expressions like \`USING (true)\` or \`WITH CHECK (true)\` for UPDATE, DELETE, or INSERT operations. SELECT policies with \`USING (true)\` are intentionally excluded as this pattern is often used deliberately for public read access.",Table `public.fiat_payments` has an RLS policy `Service role can manage fiat_payments` for `ALL` that allows unrestricted access (both USING and WITH CHECK are always true). This effectively bypasses row-level security for -.,https://supabase.com/docs/guides/database/database-linter?lint=0024_permissive_rls_policy,"{""name"":""fiat_payments"",""qual"":""true"",""type"":""table"",""roles"":[""-""],""schema"":""public"",""command"":""ALL"",""with_check"":""true"",""policy_name"":""Service role can manage fiat_payments"",""permissive_using"":true,""permissive_with_check"":true}",rls_policy_always_true_public_fiat_payments_Service role can manage fiat_payments
rls_policy_always_true,RLS Policy Always True,WARN,EXTERNAL,"[""SECURITY""]","Detects RLS policies that use overly permissive expressions like \`USING (true)\` or \`WITH CHECK (true)\` for UPDATE, DELETE, or INSERT operations. SELECT policies with \`USING (true)\` are intentionally excluded as this pattern is often used deliberately for public read access.",Table `public.malpractice_reports` has an RLS policy `Anon insert` for `INSERT` that allows unrestricted access (WITH CHECK clause is always true). This effectively bypasses row-level security for -.,https://supabase.com/docs/guides/database/database-linter?lint=0024_permissive_rls_policy,"{""name"":""malpractice_reports"",""qual"":null,""type"":""table"",""roles"":[""-""],""schema"":""public"",""command"":""INSERT"",""with_check"":""true"",""policy_name"":""Anon insert"",""permissive_using"":false,""permissive_with_check"":true}",rls_policy_always_true_public_malpractice_reports_Anon insert
rls_policy_always_true,RLS Policy Always True,WARN,EXTERNAL,"[""SECURITY""]","Detects RLS policies that use overly permissive expressions like \`USING (true)\` or \`WITH CHECK (true)\` for UPDATE, DELETE, or INSERT operations. SELECT policies with \`USING (true)\` are intentionally excluded as this pattern is often used deliberately for public read access.",Table `public.malpractice_reports` has an RLS policy `Enable anonymous insert for reports` for `INSERT` that allows unrestricted access (WITH CHECK clause is always true). This effectively bypasses row-level security for -.,https://supabase.com/docs/guides/database/database-linter?lint=0024_permissive_rls_policy,"{""name"":""malpractice_reports"",""qual"":null,""type"":""table"",""roles"":[""-""],""schema"":""public"",""command"":""INSERT"",""with_check"":""true"",""policy_name"":""Enable anonymous insert for reports"",""permissive_using"":false,""permissive_with_check"":true}",rls_policy_always_true_public_malpractice_reports_Enable anonymous insert for reports
rls_policy_always_true,RLS Policy Always True,WARN,EXTERNAL,"[""SECURITY""]","Detects RLS policies that use overly permissive expressions like \`USING (true)\` or \`WITH CHECK (true)\` for UPDATE, DELETE, or INSERT operations. SELECT policies with \`USING (true)\` are intentionally excluded as this pattern is often used deliberately for public read access.",Table `public.malpractice_reports` has an RLS policy `Enable insert for anonymous users` for `INSERT` that allows unrestricted access (WITH CHECK clause is always true). This effectively bypasses row-level security for -.,https://supabase.com/docs/guides/database/database-linter?lint=0024_permissive_rls_policy,"{""name"":""malpractice_reports"",""qual"":null,""type"":""table"",""roles"":[""-""],""schema"":""public"",""command"":""INSERT"",""with_check"":""true"",""policy_name"":""Enable insert for anonymous users"",""permissive_using"":false,""permissive_with_check"":true}",rls_policy_always_true_public_malpractice_reports_Enable insert for anonymous users
rls_policy_always_true,RLS Policy Always True,WARN,EXTERNAL,"[""SECURITY""]","Detects RLS policies that use overly permissive expressions like \`USING (true)\` or \`WITH CHECK (true)\` for UPDATE, DELETE, or INSERT operations. SELECT policies with \`USING (true)\` are intentionally excluded as this pattern is often used deliberately for public read access.",Table `public.page_views` has an RLS policy `Service and anon can insert page_views` for `INSERT` that allows unrestricted access (WITH CHECK clause is always true). This effectively bypasses row-level security for -.,https://supabase.com/docs/guides/database/database-linter?lint=0024_permissive_rls_policy,"{""name"":""page_views"",""qual"":null,""type"":""table"",""roles"":[""-""],""schema"":""public"",""command"":""INSERT"",""with_check"":""true"",""policy_name"":""Service and anon can insert page_views"",""permissive_using"":false,""permissive_with_check"":true}",rls_policy_always_true_public_page_views_Service and anon can insert page_views
rls_policy_always_true,RLS Policy Always True,WARN,EXTERNAL,"[""SECURITY""]","Detects RLS policies that use overly permissive expressions like \`USING (true)\` or \`WITH CHECK (true)\` for UPDATE, DELETE, or INSERT operations. SELECT policies with \`USING (true)\` are intentionally excluded as this pattern is often used deliberately for public read access.",Table `public.resource_views` has an RLS policy `Allow view tracking for everyone` for `INSERT` that allows unrestricted access (WITH CHECK clause is always true). This effectively bypasses row-level security for -.,https://supabase.com/docs/guides/database/database-linter?lint=0024_permissive_rls_policy,"{""name"":""resource_views"",""qual"":null,""type"":""table"",""roles"":[""-""],""schema"":""public"",""command"":""INSERT"",""with_check"":""true"",""policy_name"":""Allow view tracking for everyone"",""permissive_using"":false,""permissive_with_check"":true}",rls_policy_always_true_public_resource_views_Allow view tracking for everyone
rls_policy_always_true,RLS Policy Always True,WARN,EXTERNAL,"[""SECURITY""]","Detects RLS policies that use overly permissive expressions like \`USING (true)\` or \`WITH CHECK (true)\` for UPDATE, DELETE, or INSERT operations. SELECT policies with \`USING (true)\` are intentionally excluded as this pattern is often used deliberately for public read access.",Table `public.volunteer_opportunities` has an RLS policy `Authenticated users can submit volunteer opportunities` for `INSERT` that allows unrestricted access (WITH CHECK clause is always true). This effectively bypasses row-level security for authenticated.,https://supabase.com/docs/guides/database/database-linter?lint=0024_permissive_rls_policy,"{""name"":""volunteer_opportunities"",""qual"":null,""type"":""table"",""roles"":[""authenticated""],""schema"":""public"",""command"":""INSERT"",""with_check"":""true"",""policy_name"":""Authenticated users can submit volunteer opportunities"",""permissive_using"":false,""permissive_with_check"":true}",rls_policy_always_true_public_volunteer_opportunities_Authenticated users can submit volunteer opportunities
public_bucket_allows_listing,Public Bucket Allows Listing,WARN,EXTERNAL,"[""SECURITY""]","Detects public storage buckets with a broad SELECT policy on `storage.objects`, which allows clients to list all files in the bucket.","Public bucket `avatars` has 2 broad SELECT policies on `storage.objects` (Avatar public read, Public avatar read), allowing clients to list all files. Public buckets don't need this for object URL access and it may expose more data than intended.",https://supabase.com/docs/guides/database/database-linter?lint=0025_public_bucket_allows_listing,"{""name"":""avatars"",""type"":""bucket"",""schema"":""storage"",""bucket_id"":""avatars"",""bucket_name"":""avatars"",""policy_count"":2,""policy_names"":[""Avatar public read"",""Public avatar read""]}",public_bucket_allows_listing_avatars
public_bucket_allows_listing,Public Bucket Allows Listing,WARN,EXTERNAL,"[""SECURITY""]","Detects public storage buckets with a broad SELECT policy on `storage.objects`, which allows clients to list all files in the bucket.","Public bucket `resources` has 2 broad SELECT policies on `storage.objects` (Public resources read, Resources public read), allowing clients to list all files. Public buckets don't need this for object URL access and it may expose more data than intended.",https://supabase.com/docs/guides/database/database-linter?lint=0025_public_bucket_allows_listing,"{""name"":""resources"",""type"":""bucket"",""schema"":""storage"",""bucket_id"":""resources"",""bucket_name"":""resources"",""policy_count"":2,""policy_names"":[""Public resources read"",""Resources public read""]}",public_bucket_allows_listing_resources
anon_security_definer_function_executable,Public Can Execute SECURITY DEFINER Function,WARN,EXTERNAL,"[""SECURITY""]","Detects `SECURITY DEFINER` functions that are callable without signing in. Revoke `EXECUTE`, switch the function to `SECURITY INVOKER`, or move it out of your exposed API schema if it is not meant to be public.","Function `public.add_user_points(p_user_id uuid, p_amount integer, p_action text, p_description text, p_metadata jsonb)` can be executed by the `anon` role as a `SECURITY DEFINER` function via `/rest/v1/rpc/add_user_points`. Revoke `EXECUTE` or switch it to `SECURITY INVOKER` if that is not intentional.",https://supabase.com/docs/guides/database/database-linter?lint=0028_anon_security_definer_function_executable,"{""name"":""add_user_points"",""schema"":""public"",""language"":""plpgsql"",""arguments"":""p_user_id uuid, p_amount integer, p_action text, p_description text, p_metadata jsonb"",""security_definer"":true}","anon_security_definer_function_executable_public_add_user_points_p_user_id uuid, p_amount integer, p_action text, p_description text, p_metadata jsonb"
anon_security_definer_function_executable,Public Can Execute SECURITY DEFINER Function,WARN,EXTERNAL,"[""SECURITY""]","Detects `SECURITY DEFINER` functions that are callable without signing in. Revoke `EXECUTE`, switch the function to `SECURITY INVOKER`, or move it out of your exposed API schema if it is not meant to be public.",Function `public.ask_nps_on_signature_verified()` can be executed by the `anon` role as a `SECURITY DEFINER` function via `/rest/v1/rpc/ask_nps_on_signature_verified`. Revoke `EXECUTE` or switch it to `SECURITY INVOKER` if that is not intentional.,https://supabase.com/docs/guides/database/database-linter?lint=0028_anon_security_definer_function_executable,"{""name"":""ask_nps_on_signature_verified"",""schema"":""public"",""language"":""plpgsql"",""arguments"":"""",""security_definer"":true}",anon_security_definer_function_executable_public_ask_nps_on_signature_verified_
anon_security_definer_function_executable,Public Can Execute SECURITY DEFINER Function,WARN,EXTERNAL,"[""SECURITY""]","Detects `SECURITY DEFINER` functions that are callable without signing in. Revoke `EXECUTE`, switch the function to `SECURITY INVOKER`, or move it out of your exposed API schema if it is not meant to be public.",Function `public.auto_assign_admin_role()` can be executed by the `anon` role as a `SECURITY DEFINER` function via `/rest/v1/rpc/auto_assign_admin_role`. Revoke `EXECUTE` or switch it to `SECURITY INVOKER` if that is not intentional.,https://supabase.com/docs/guides/database/database-linter?lint=0028_anon_security_definer_function_executable,"{""name"":""auto_assign_admin_role"",""schema"":""public"",""language"":""plpgsql"",""arguments"":"""",""security_definer"":true}",anon_security_definer_function_executable_public_auto_assign_admin_role_
anon_security_definer_function_executable,Public Can Execute SECURITY DEFINER Function,WARN,EXTERNAL,"[""SECURITY""]","Detects `SECURITY DEFINER` functions that are callable without signing in. Revoke `EXECUTE`, switch the function to `SECURITY INVOKER`, or move it out of your exposed API schema if it is not meant to be public.","Function `public.award_action_badge(p_user_id uuid, p_badge_name text)` can be executed by the `anon` role as a `SECURITY DEFINER` function via `/rest/v1/rpc/award_action_badge`. Revoke `EXECUTE` or switch it to `SECURITY INVOKER` if that is not intentional.",https://supabase.com/docs/guides/database/database-linter?lint=0028_anon_security_definer_function_executable,"{""name"":""award_action_badge"",""schema"":""public"",""language"":""plpgsql"",""arguments"":""p_user_id uuid, p_badge_name text"",""security_definer"":true}","anon_security_definer_function_executable_public_award_action_badge_p_user_id uuid, p_badge_name text"
anon_security_definer_function_executable,Public Can Execute SECURITY DEFINER Function,WARN,EXTERNAL,"[""SECURITY""]","Detects `SECURITY DEFINER` functions that are callable without signing in. Revoke `EXECUTE`, switch the function to `SECURITY INVOKER`, or move it out of your exposed API schema if it is not meant to be public.","Function `public.award_badge(p_user_id uuid, p_badge_name text)` can be executed by the `anon` role as a `SECURITY DEFINER` function via `/rest/v1/rpc/award_badge`. Revoke `EXECUTE` or switch it to `SECURITY INVOKER` if that is not intentional.",https://supabase.com/docs/guides/database/database-linter?lint=0028_anon_security_definer_function_executable,"{""name"":""award_badge"",""schema"":""public"",""language"":""plpgsql"",""arguments"":""p_user_id uuid, p_badge_name text"",""security_definer"":true}","anon_security_definer_function_executable_public_award_badge_p_user_id uuid, p_badge_name text"
anon_security_definer_function_executable,Public Can Execute SECURITY DEFINER Function,WARN,EXTERNAL,"[""SECURITY""]","Detects `SECURITY DEFINER` functions that are callable without signing in. Revoke `EXECUTE`, switch the function to `SECURITY INVOKER`, or move it out of your exposed API schema if it is not meant to be public.","Function `public.award_civic_credits(recipient_id uuid, points integer, action_name text, note text)` can be executed by the `anon` role as a `SECURITY DEFINER` function via `/rest/v1/rpc/award_civic_credits`. Revoke `EXECUTE` or switch it to `SECURITY INVOKER` if that is not intentional.",https://supabase.com/docs/guides/database/database-linter?lint=0028_anon_security_definer_function_executable,"{""name"":""award_civic_credits"",""schema"":""public"",""language"":""plpgsql"",""arguments"":""recipient_id uuid, points integer, action_name text, note text"",""security_definer"":true}","anon_security_definer_function_executable_public_award_civic_credits_recipient_id uuid, points integer, action_name text, note text"
anon_security_definer_function_executable,Public Can Execute SECURITY DEFINER Function,WARN,EXTERNAL,"[""SECURITY""]","Detects `SECURITY DEFINER` functions that are callable without signing in. Revoke `EXECUTE`, switch the function to `SECURITY INVOKER`, or move it out of your exposed API schema if it is not meant to be public.","Function `public.award_points(p_user_id uuid, p_action text, p_source_type text, p_source_id uuid, p_metadata jsonb)` can be executed by the `anon` role as a `SECURITY DEFINER` function via `/rest/v1/rpc/award_points`. Revoke `EXECUTE` or switch it to `SECURITY INVOKER` if that is not intentional.",https://supabase.com/docs/guides/database/database-linter?lint=0028_anon_security_definer_function_executable,"{""name"":""award_points"",""schema"":""public"",""language"":""plpgsql"",""arguments"":""p_user_id uuid, p_action text, p_source_type text, p_source_id uuid, p_metadata jsonb"",""security_definer"":true}","anon_security_definer_function_executable_public_award_points_p_user_id uuid, p_action text, p_source_type text, p_source_id uuid, p_metadata jsonb"
anon_security_definer_function_executable,Public Can Execute SECURITY DEFINER Function,WARN,EXTERNAL,"[""SECURITY""]","Detects `SECURITY DEFINER` functions that are callable without signing in. Revoke `EXECUTE`, switch the function to `SECURITY INVOKER`, or move it out of your exposed API schema if it is not meant to be public.",Function `public.award_reading_milestone(p_user_id uuid)` can be executed by the `anon` role as a `SECURITY DEFINER` function via `/rest/v1/rpc/award_reading_milestone`. Revoke `EXECUTE` or switch it to `SECURITY INVOKER` if that is not intentional.,https://supabase.com/docs/guides/database/database-linter?lint=0028_anon_security_definer_function_executable,"{""name"":""award_reading_milestone"",""schema"":""public"",""language"":""plpgsql"",""arguments"":""p_user_id uuid"",""security_definer"":true}",anon_security_definer_function_executable_public_award_reading_milestone_p_user_id uuid
anon_security_definer_function_executable,Public Can Execute SECURITY DEFINER Function,WARN,EXTERNAL,"[""SECURITY""]","Detects `SECURITY DEFINER` functions that are callable without signing in. Revoke `EXECUTE`, switch the function to `SECURITY INVOKER`, or move it out of your exposed API schema if it is not meant to be public.",Function `public.check_and_award_badges()` can be executed by the `anon` role as a `SECURITY DEFINER` function via `/rest/v1/rpc/check_and_award_badges`. Revoke `EXECUTE` or switch it to `SECURITY INVOKER` if that is not intentional.,https://supabase.com/docs/guides/database/database-linter?lint=0028_anon_security_definer_function_executable,"{""name"":""check_and_award_badges"",""schema"":""public"",""language"":""plpgsql"",""arguments"":"""",""security_definer"":true}",anon_security_definer_function_executable_public_check_and_award_badges_
anon_security_definer_function_executable,Public Can Execute SECURITY DEFINER Function,WARN,EXTERNAL,"[""SECURITY""]","Detects `SECURITY DEFINER` functions that are callable without signing in. Revoke `EXECUTE`, switch the function to `SECURITY INVOKER`, or move it out of your exposed API schema if it is not meant to be public.",Function `public.check_badge_thresholds()` can be executed by the `anon` role as a `SECURITY DEFINER` function via `/rest/v1/rpc/check_badge_thresholds`. Revoke `EXECUTE` or switch it to `SECURITY INVOKER` if that is not intentional.,https://supabase.com/docs/guides/database/database-linter?lint=0028_anon_security_definer_function_executable,"{""name"":""check_badge_thresholds"",""schema"":""public"",""language"":""plpgsql"",""arguments"":"""",""security_definer"":true}",anon_security_definer_function_executable_public_check_badge_thresholds_
anon_security_definer_function_executable,Public Can Execute SECURITY DEFINER Function,WARN,EXTERNAL,"[""SECURITY""]","Detects `SECURITY DEFINER` functions that are callable without signing in. Revoke `EXECUTE`, switch the function to `SECURITY INVOKER`, or move it out of your exposed API schema if it is not meant to be public.",Function `public.check_bill_follow_badges()` can be executed by the `anon` role as a `SECURITY DEFINER` function via `/rest/v1/rpc/check_bill_follow_badges`. Revoke `EXECUTE` or switch it to `SECURITY INVOKER` if that is not intentional.,https://supabase.com/docs/guides/database/database-linter?lint=0028_anon_security_definer_function_executable,"{""name"":""check_bill_follow_badges"",""schema"":""public"",""language"":""plpgsql"",""arguments"":"""",""security_definer"":true}",anon_security_definer_function_executable_public_check_bill_follow_badges_
anon_security_definer_function_executable,Public Can Execute SECURITY DEFINER Function,WARN,EXTERNAL,"[""SECURITY""]","Detects `SECURITY DEFINER` functions that are callable without signing in. Revoke `EXECUTE`, switch the function to `SECURITY INVOKER`, or move it out of your exposed API schema if it is not meant to be public.","Function `public.check_chat_permission(p_user_id uuid, p_room_id text)` can be executed by the `anon` role as a `SECURITY DEFINER` function via `/rest/v1/rpc/check_chat_permission`. Revoke `EXECUTE` or switch it to `SECURITY INVOKER` if that is not intentional.",https://supabase.com/docs/guides/database/database-linter?lint=0028_anon_security_definer_function_executable,"{""name"":""check_chat_permission"",""schema"":""public"",""language"":""plpgsql"",""arguments"":""p_user_id uuid, p_room_id text"",""security_definer"":true}","anon_security_definer_function_executable_public_check_chat_permission_p_user_id uuid, p_room_id text"
anon_security_definer_function_executable,Public Can Execute SECURITY DEFINER Function,WARN,EXTERNAL,"[""SECURITY""]","Detects `SECURITY DEFINER` functions that are callable without signing in. Revoke `EXECUTE`, switch the function to `SECURITY INVOKER`, or move it out of your exposed API schema if it is not meant to be public.",Function `public.check_discussion_start_badges()` can be executed by the `anon` role as a `SECURITY DEFINER` function via `/rest/v1/rpc/check_discussion_start_badges`. Revoke `EXECUTE` or switch it to `SECURITY INVOKER` if that is not intentional.,https://supabase.com/docs/guides/database/database-linter?lint=0028_anon_security_definer_function_executable,"{""name"":""check_discussion_start_badges"",""schema"":""public"",""language"":""plpgsql"",""arguments"":"""",""security_definer"":true}",anon_security_definer_function_executable_public_check_discussion_start_badges_
anon_security_definer_function_executable,Public Can Execute SECURITY DEFINER Function,WARN,EXTERNAL,"[""SECURITY""]","Detects `SECURITY DEFINER` functions that are callable without signing in. Revoke `EXECUTE`, switch the function to `SECURITY INVOKER`, or move it out of your exposed API schema if it is not meant to be public.",Function `public.check_memo_signature_badges()` can be executed by the `anon` role as a `SECURITY DEFINER` function via `/rest/v1/rpc/check_memo_signature_badges`. Revoke `EXECUTE` or switch it to `SECURITY INVOKER` if that is not intentional.,https://supabase.com/docs/guides/database/database-linter?lint=0028_anon_security_definer_function_executable,"{""name"":""check_memo_signature_badges"",""schema"":""public"",""language"":""plpgsql"",""arguments"":"""",""security_definer"":true}",anon_security_definer_function_executable_public_check_memo_signature_badges_
anon_security_definer_function_executable,Public Can Execute SECURITY DEFINER Function,WARN,EXTERNAL,"[""SECURITY""]","Detects `SECURITY DEFINER` functions that are callable without signing in. Revoke `EXECUTE`, switch the function to `SECURITY INVOKER`, or move it out of your exposed API schema if it is not meant to be public.",Function `public.check_reply_badges()` can be executed by the `anon` role as a `SECURITY DEFINER` function via `/rest/v1/rpc/check_reply_badges`. Revoke `EXECUTE` or switch it to `SECURITY INVOKER` if that is not intentional.,https://supabase.com/docs/guides/database/database-linter?lint=0028_anon_security_definer_function_executable,"{""name"":""check_reply_badges"",""schema"":""public"",""language"":""plpgsql"",""arguments"":"""",""security_definer"":true}",anon_security_definer_function_executable_public_check_reply_badges_
anon_security_definer_function_executable,Public Can Execute SECURITY DEFINER Function,WARN,EXTERNAL,"[""SECURITY""]","Detects `SECURITY DEFINER` functions that are callable without signing in. Revoke `EXECUTE`, switch the function to `SECURITY INVOKER`, or move it out of your exposed API schema if it is not meant to be public.",Function `public.check_report_status(p_token text)` can be executed by the `anon` role as a `SECURITY DEFINER` function via `/rest/v1/rpc/check_report_status`. Revoke `EXECUTE` or switch it to `SECURITY INVOKER` if that is not intentional.,https://supabase.com/docs/guides/database/database-linter?lint=0028_anon_security_definer_function_executable,"{""name"":""check_report_status"",""schema"":""public"",""language"":""plpgsql"",""arguments"":""p_token text"",""security_definer"":true}",anon_security_definer_function_executable_public_check_report_status_p_token text
anon_security_definer_function_executable,Public Can Execute SECURITY DEFINER Function,WARN,EXTERNAL,"[""SECURITY""]","Detects `SECURITY DEFINER` functions that are callable without signing in. Revoke `EXECUTE`, switch the function to `SECURITY INVOKER`, or move it out of your exposed API schema if it is not meant to be public.",Function `public.check_user_is_admin()` can be executed by the `anon` role as a `SECURITY DEFINER` function via `/rest/v1/rpc/check_user_is_admin`. Revoke `EXECUTE` or switch it to `SECURITY INVOKER` if that is not intentional.,https://supabase.com/docs/guides/database/database-linter?lint=0028_anon_security_definer_function_executable,"{""name"":""check_user_is_admin"",""schema"":""public"",""language"":""plpgsql"",""arguments"":"""",""security_definer"":true}",anon_security_definer_function_executable_public_check_user_is_admin_
anon_security_definer_function_executable,Public Can Execute SECURITY DEFINER Function,WARN,EXTERNAL,"[""SECURITY""]","Detects `SECURITY DEFINER` functions that are callable without signing in. Revoke `EXECUTE`, switch the function to `SECURITY INVOKER`, or move it out of your exposed API schema if it is not meant to be public.",Function `public.check_user_is_moderator()` can be executed by the `anon` role as a `SECURITY DEFINER` function via `/rest/v1/rpc/check_user_is_moderator`. Revoke `EXECUTE` or switch it to `SECURITY INVOKER` if that is not intentional.,https://supabase.com/docs/guides/database/database-linter?lint=0028_anon_security_definer_function_executable,"{""name"":""check_user_is_moderator"",""schema"":""public"",""language"":""plpgsql"",""arguments"":"""",""security_definer"":true}",anon_security_definer_function_executable_public_check_user_is_moderator_
anon_security_definer_function_executable,Public Can Execute SECURITY DEFINER Function,WARN,EXTERNAL,"[""SECURITY""]","Detects `SECURITY DEFINER` functions that are callable without signing in. Revoke `EXECUTE`, switch the function to `SECURITY INVOKER`, or move it out of your exposed API schema if it is not meant to be public.",Function `public.cleanup_expired_admin_sessions()` can be executed by the `anon` role as a `SECURITY DEFINER` function via `/rest/v1/rpc/cleanup_expired_admin_sessions`. Revoke `EXECUTE` or switch it to `SECURITY INVOKER` if that is not intentional.,https://supabase.com/docs/guides/database/database-linter?lint=0028_anon_security_definer_function_executable,"{""name"":""cleanup_expired_admin_sessions"",""schema"":""public"",""language"":""plpgsql"",""arguments"":"""",""security_definer"":true}",anon_security_definer_function_executable_public_cleanup_expired_admin_sessions_
anon_security_definer_function_executable,Public Can Execute SECURITY DEFINER Function,WARN,EXTERNAL,"[""SECURITY""]","Detects `SECURITY DEFINER` functions that are callable without signing in. Revoke `EXECUTE`, switch the function to `SECURITY INVOKER`, or move it out of your exposed API schema if it is not meant to be public.",Function `public.cleanup_expired_processing_jobs()` can be executed by the `anon` role as a `SECURITY DEFINER` function via `/rest/v1/rpc/cleanup_expired_processing_jobs`. Revoke `EXECUTE` or switch it to `SECURITY INVOKER` if that is not intentional.,https://supabase.com/docs/guides/database/database-linter?lint=0028_anon_security_definer_function_executable,"{""name"":""cleanup_expired_processing_jobs"",""schema"":""public"",""language"":""plpgsql"",""arguments"":"""",""security_definer"":true}",anon_security_definer_function_executable_public_cleanup_expired_processing_jobs_
anon_security_definer_function_executable,Public Can Execute SECURITY DEFINER Function,WARN,EXTERNAL,"[""SECURITY""]","Detects `SECURITY DEFINER` functions that are callable without signing in. Revoke `EXECUTE`, switch the function to `SECURITY INVOKER`, or move it out of your exposed API schema if it is not meant to be public.",Function `public.create_admin_notification()` can be executed by the `anon` role as a `SECURITY DEFINER` function via `/rest/v1/rpc/create_admin_notification`. Revoke `EXECUTE` or switch it to `SECURITY INVOKER` if that is not intentional.,https://supabase.com/docs/guides/database/database-linter?lint=0028_anon_security_definer_function_executable,"{""name"":""create_admin_notification"",""schema"":""public"",""language"":""plpgsql"",""arguments"":"""",""security_definer"":true}",anon_security_definer_function_executable_public_create_admin_notification_
anon_security_definer_function_executable,Public Can Execute SECURITY DEFINER Function,WARN,EXTERNAL,"[""SECURITY""]","Detects `SECURITY DEFINER` functions that are callable without signing in. Revoke `EXECUTE`, switch the function to `SECURITY INVOKER`, or move it out of your exposed API schema if it is not meant to be public.","Function `public.create_admin_session(p_user_id uuid, p_email text)` can be executed by the `anon` role as a `SECURITY DEFINER` function via `/rest/v1/rpc/create_admin_session`. Revoke `EXECUTE` or switch it to `SECURITY INVOKER` if that is not intentional.",https://supabase.com/docs/guides/database/database-linter?lint=0028_anon_security_definer_function_executable,"{""name"":""create_admin_session"",""schema"":""public"",""language"":""plpgsql"",""arguments"":""p_user_id uuid, p_email text"",""security_definer"":true}","anon_security_definer_function_executable_public_create_admin_session_p_user_id uuid, p_email text"
anon_security_definer_function_executable,Public Can Execute SECURITY DEFINER Function,WARN,EXTERNAL,"[""SECURITY""]","Detects `SECURITY DEFINER` functions that are callable without signing in. Revoke `EXECUTE`, switch the function to `SECURITY INVOKER`, or move it out of your exposed API schema if it is not meant to be public.","Function `public.create_community_profile(p_full_name text, p_email text, p_county text, p_bio text, p_interests jsonb, p_areas_of_interest jsonb)` can be executed by the `anon` role as a `SECURITY DEFINER` function via `/rest/v1/rpc/create_community_profile`. Revoke `EXECUTE` or switch it to `SECURITY INVOKER` if that is not intentional.",https://supabase.com/docs/guides/database/database-linter?lint=0028_anon_security_definer_function_executable,"{""name"":""create_community_profile"",""schema"":""public"",""language"":""plpgsql"",""arguments"":""p_full_name text, p_email text, p_county text, p_bio text, p_interests jsonb, p_areas_of_interest jsonb"",""security_definer"":true}","anon_security_definer_function_executable_public_create_community_profile_p_full_name text, p_email text, p_county text, p_bio text, p_interests jsonb, p_areas_of_interest jsonb"
anon_security_definer_function_executable,Public Can Execute SECURITY DEFINER Function,WARN,EXTERNAL,"[""SECURITY""]","Detects `SECURITY DEFINER` functions that are callable without signing in. Revoke `EXECUTE`, switch the function to `SECURITY INVOKER`, or move it out of your exposed API schema if it is not meant to be public.","Function `public.create_notification(p_user_id uuid, p_source_type text, p_source_id uuid, p_actor_id uuid, p_title text, p_message text, p_link text, p_image_url text, p_priority text, p_metadata jsonb)` can be executed by the `anon` role as a `SECURITY DEFINER` function via `/rest/v1/rpc/create_notification`. Revoke `EXECUTE` or switch it to `SECURITY INVOKER` if that is not intentional.",https://supabase.com/docs/guides/database/database-linter?lint=0028_anon_security_definer_function_executable,"{""name"":""create_notification"",""schema"":""public"",""language"":""plpgsql"",""arguments"":""p_user_id uuid, p_source_type text, p_source_id uuid, p_actor_id uuid, p_title text, p_message text, p_link text, p_image_url text, p_priority text, p_metadata jsonb"",""security_definer"":true}","anon_security_definer_function_executable_public_create_notification_p_user_id uuid, p_source_type text, p_source_id uuid, p_actor_id uuid, p_title text, p_message text, p_link text, p_image_url text, p_priority text, p_metadata jsonb"
anon_security_definer_function_executable,Public Can Execute SECURITY DEFINER Function,WARN,EXTERNAL,"[""SECURITY""]","Detects `SECURITY DEFINER` functions that are callable without signing in. Revoke `EXECUTE`, switch the function to `SECURITY INVOKER`, or move it out of your exposed API schema if it is not meant to be public.",Function `public.escalate_stale_pending()` can be executed by the `anon` role as a `SECURITY DEFINER` function via `/rest/v1/rpc/escalate_stale_pending`. Revoke `EXECUTE` or switch it to `SECURITY INVOKER` if that is not intentional.,https://supabase.com/docs/guides/database/database-linter?lint=0028_anon_security_definer_function_executable,"{""name"":""escalate_stale_pending"",""schema"":""public"",""language"":""plpgsql"",""arguments"":"""",""security_definer"":true}",anon_security_definer_function_executable_public_escalate_stale_pending_
anon_security_definer_function_executable,Public Can Execute SECURITY DEFINER Function,WARN,EXTERNAL,"[""SECURITY""]","Detects `SECURITY DEFINER` functions that are callable without signing in. Revoke `EXECUTE`, switch the function to `SECURITY INVOKER`, or move it out of your exposed API schema if it is not meant to be public.",Function `public.get_activity_timeline(days_back integer)` can be executed by the `anon` role as a `SECURITY DEFINER` function via `/rest/v1/rpc/get_activity_timeline`. Revoke `EXECUTE` or switch it to `SECURITY INVOKER` if that is not intentional.,https://supabase.com/docs/guides/database/database-linter?lint=0028_anon_security_definer_function_executable,"{""name"":""get_activity_timeline"",""schema"":""public"",""language"":""plpgsql"",""arguments"":""days_back integer"",""security_definer"":true}",anon_security_definer_function_executable_public_get_activity_timeline_days_back integer
anon_security_definer_function_executable,Public Can Execute SECURITY DEFINER Function,WARN,EXTERNAL,"[""SECURITY""]","Detects `SECURITY DEFINER` functions that are callable without signing in. Revoke `EXECUTE`, switch the function to `SECURITY INVOKER`, or move it out of your exposed API schema if it is not meant to be public.",Function `public.get_bill_by_slug_or_id(identifier text)` can be executed by the `anon` role as a `SECURITY DEFINER` function via `/rest/v1/rpc/get_bill_by_slug_or_id`. Revoke `EXECUTE` or switch it to `SECURITY INVOKER` if that is not intentional.,https://supabase.com/docs/guides/database/database-linter?lint=0028_anon_security_definer_function_executable,"{""name"":""get_bill_by_slug_or_id"",""schema"":""public"",""language"":""sql"",""arguments"":""identifier text"",""security_definer"":true}",anon_security_definer_function_executable_public_get_bill_by_slug_or_id_identifier text
anon_security_definer_function_executable,Public Can Execute SECURITY DEFINER Function,WARN,EXTERNAL,"[""SECURITY""]","Detects `SECURITY DEFINER` functions that are callable without signing in. Revoke `EXECUTE`, switch the function to `SECURITY INVOKER`, or move it out of your exposed API schema if it is not meant to be public.",Function `public.get_community_intelligence()` can be executed by the `anon` role as a `SECURITY DEFINER` function via `/rest/v1/rpc/get_community_intelligence`. Revoke `EXECUTE` or switch it to `SECURITY INVOKER` if that is not intentional.,https://supabase.com/docs/guides/database/database-linter?lint=0028_anon_security_definer_function_executable,"{""name"":""get_community_intelligence"",""schema"":""public"",""language"":""plpgsql"",""arguments"":"""",""security_definer"":true}",anon_security_definer_function_executable_public_get_community_intelligence_
anon_security_definer_function_executable,Public Can Execute SECURITY DEFINER Function,WARN,EXTERNAL,"[""SECURITY""]","Detects `SECURITY DEFINER` functions that are callable without signing in. Revoke `EXECUTE`, switch the function to `SECURITY INVOKER`, or move it out of your exposed API schema if it is not meant to be public.",Function `public.get_dashboard_stats()` can be executed by the `anon` role as a `SECURITY DEFINER` function via `/rest/v1/rpc/get_dashboard_stats`. Revoke `EXECUTE` or switch it to `SECURITY INVOKER` if that is not intentional.,https://supabase.com/docs/guides/database/database-linter?lint=0028_anon_security_definer_function_executable,"{""name"":""get_dashboard_stats"",""schema"":""public"",""language"":""plpgsql"",""arguments"":"""",""security_definer"":true}",anon_security_definer_function_executable_public_get_dashboard_stats_
anon_security_definer_function_executable,Public Can Execute SECURITY DEFINER Function,WARN,EXTERNAL,"[""SECURITY""]","Detects `SECURITY DEFINER` functions that are callable without signing in. Revoke `EXECUTE`, switch the function to `SECURITY INVOKER`, or move it out of your exposed API schema if it is not meant to be public.",Function `public.get_enrichment_chip_counts(chip_tags text[])` can be executed by the `anon` role as a `SECURITY DEFINER` function via `/rest/v1/rpc/get_enrichment_chip_counts`. Revoke `EXECUTE` or switch it to `SECURITY INVOKER` if that is not intentional.,https://supabase.com/docs/guides/database/database-linter?lint=0028_anon_security_definer_function_executable,"{""name"":""get_enrichment_chip_counts"",""schema"":""public"",""language"":""plpgsql"",""arguments"":""chip_tags text[]"",""security_definer"":true}",anon_security_definer_function_executable_public_get_enrichment_chip_counts_chip_tags text[]
anon_security_definer_function_executable,Public Can Execute SECURITY DEFINER Function,WARN,EXTERNAL,"[""SECURITY""]","Detects `SECURITY DEFINER` functions that are callable without signing in. Revoke `EXECUTE`, switch the function to `SECURITY INVOKER`, or move it out of your exposed API schema if it is not meant to be public.",Function `public.get_mailing_mesh_status()` can be executed by the `anon` role as a `SECURITY DEFINER` function via `/rest/v1/rpc/get_mailing_mesh_status`. Revoke `EXECUTE` or switch it to `SECURITY INVOKER` if that is not intentional.,https://supabase.com/docs/guides/database/database-linter?lint=0028_anon_security_definer_function_executable,"{""name"":""get_mailing_mesh_status"",""schema"":""public"",""language"":""plpgsql"",""arguments"":"""",""security_definer"":true}",anon_security_definer_function_executable_public_get_mailing_mesh_status_
anon_security_definer_function_executable,Public Can Execute SECURITY DEFINER Function,WARN,EXTERNAL,"[""SECURITY""]","Detects `SECURITY DEFINER` functions that are callable without signing in. Revoke `EXECUTE`, switch the function to `SECURITY INVOKER`, or move it out of your exposed API schema if it is not meant to be public.","Function `public.get_next_translation_task(p_lang_code text, p_user_id uuid)` can be executed by the `anon` role as a `SECURITY DEFINER` function via `/rest/v1/rpc/get_next_translation_task`. Revoke `EXECUTE` or switch it to `SECURITY INVOKER` if that is not intentional.",https://supabase.com/docs/guides/database/database-linter?lint=0028_anon_security_definer_function_executable,"{""name"":""get_next_translation_task"",""schema"":""public"",""language"":""plpgsql"",""arguments"":""p_lang_code text, p_user_id uuid"",""security_definer"":true}","anon_security_definer_function_executable_public_get_next_translation_task_p_lang_code text, p_user_id uuid"
anon_security_definer_function_executable,Public Can Execute SECURITY DEFINER Function,WARN,EXTERNAL,"[""SECURITY""]","Detects `SECURITY DEFINER` functions that are callable without signing in. Revoke `EXECUTE`, switch the function to `SECURITY INVOKER`, or move it out of your exposed API schema if it is not meant to be public.",Function `public.get_processing_job_status(job_id uuid)` can be executed by the `anon` role as a `SECURITY DEFINER` function via `/rest/v1/rpc/get_processing_job_status`. Revoke `EXECUTE` or switch it to `SECURITY INVOKER` if that is not intentional.,https://supabase.com/docs/guides/database/database-linter?lint=0028_anon_security_definer_function_executable,"{""name"":""get_processing_job_status"",""schema"":""public"",""language"":""plpgsql"",""arguments"":""job_id uuid"",""security_definer"":true}",anon_security_definer_function_executable_public_get_processing_job_status_job_id uuid
anon_security_definer_function_executable,Public Can Execute SECURITY DEFINER Function,WARN,EXTERNAL,"[""SECURITY""]","Detects `SECURITY DEFINER` functions that are callable without signing in. Revoke `EXECUTE`, switch the function to `SECURITY INVOKER`, or move it out of your exposed API schema if it is not meant to be public.",Function `public.get_public_stats()` can be executed by the `anon` role as a `SECURITY DEFINER` function via `/rest/v1/rpc/get_public_stats`. Revoke `EXECUTE` or switch it to `SECURITY INVOKER` if that is not intentional.,https://supabase.com/docs/guides/database/database-linter?lint=0028_anon_security_definer_function_executable,"{""name"":""get_public_stats"",""schema"":""public"",""language"":""plpgsql"",""arguments"":"""",""security_definer"":true}",anon_security_definer_function_executable_public_get_public_stats_
anon_security_definer_function_executable,Public Can Execute SECURITY DEFINER Function,WARN,EXTERNAL,"[""SECURITY""]","Detects `SECURITY DEFINER` functions that are callable without signing in. Revoke `EXECUTE`, switch the function to `SECURITY INVOKER`, or move it out of your exposed API schema if it is not meant to be public.","Function `public.get_resource_view_count(p_resource_id text, p_resource_type text)` can be executed by the `anon` role as a `SECURITY DEFINER` function via `/rest/v1/rpc/get_resource_view_count`. Revoke `EXECUTE` or switch it to `SECURITY INVOKER` if that is not intentional.",https://supabase.com/docs/guides/database/database-linter?lint=0028_anon_security_definer_function_executable,"{""name"":""get_resource_view_count"",""schema"":""public"",""language"":""sql"",""arguments"":""p_resource_id text, p_resource_type text"",""security_definer"":true}","anon_security_definer_function_executable_public_get_resource_view_count_p_resource_id text, p_resource_type text"
anon_security_definer_function_executable,Public Can Execute SECURITY DEFINER Function,WARN,EXTERNAL,"[""SECURITY""]","Detects `SECURITY DEFINER` functions that are callable without signing in. Revoke `EXECUTE`, switch the function to `SECURITY INVOKER`, or move it out of your exposed API schema if it is not meant to be public.",Function `public.get_translation_progress(p_project_slug text)` can be executed by the `anon` role as a `SECURITY DEFINER` function via `/rest/v1/rpc/get_translation_progress`. Revoke `EXECUTE` or switch it to `SECURITY INVOKER` if that is not intentional.,https://supabase.com/docs/guides/database/database-linter?lint=0028_anon_security_definer_function_executable,"{""name"":""get_translation_progress"",""schema"":""public"",""language"":""plpgsql"",""arguments"":""p_project_slug text"",""security_definer"":true}",anon_security_definer_function_executable_public_get_translation_progress_p_project_slug text
anon_security_definer_function_executable,Public Can Execute SECURITY DEFINER Function,WARN,EXTERNAL,"[""SECURITY""]","Detects `SECURITY DEFINER` functions that are callable without signing in. Revoke `EXECUTE`, switch the function to `SECURITY INVOKER`, or move it out of your exposed API schema if it is not meant to be public.",Function `public.get_trending_bills(limit_count integer)` can be executed by the `anon` role as a `SECURITY DEFINER` function via `/rest/v1/rpc/get_trending_bills`. Revoke `EXECUTE` or switch it to `SECURITY INVOKER` if that is not intentional.,https://supabase.com/docs/guides/database/database-linter?lint=0028_anon_security_definer_function_executable,"{""name"":""get_trending_bills"",""schema"":""public"",""language"":""plpgsql"",""arguments"":""limit_count integer"",""security_definer"":true}",anon_security_definer_function_executable_public_get_trending_bills_limit_count integer
anon_security_definer_function_executable,Public Can Execute SECURITY DEFINER Function,WARN,EXTERNAL,"[""SECURITY""]","Detects `SECURITY DEFINER` functions that are callable without signing in. Revoke `EXECUTE`, switch the function to `SECURITY INVOKER`, or move it out of your exposed API schema if it is not meant to be public.",Function `public.handle_admin_promotion()` can be executed by the `anon` role as a `SECURITY DEFINER` function via `/rest/v1/rpc/handle_admin_promotion`. Revoke `EXECUTE` or switch it to `SECURITY INVOKER` if that is not intentional.,https://supabase.com/docs/guides/database/database-linter?lint=0028_anon_security_definer_function_executable,"{""name"":""handle_admin_promotion"",""schema"":""public"",""language"":""plpgsql"",""arguments"":"""",""security_definer"":true}",anon_security_definer_function_executable_public_handle_admin_promotion_
anon_security_definer_function_executable,Public Can Execute SECURITY DEFINER Function,WARN,EXTERNAL,"[""SECURITY""]","Detects `SECURITY DEFINER` functions that are callable without signing in. Revoke `EXECUTE`, switch the function to `SECURITY INVOKER`, or move it out of your exposed API schema if it is not meant to be public.",Function `public.handle_new_user()` can be executed by the `anon` role as a `SECURITY DEFINER` function via `/rest/v1/rpc/handle_new_user`. Revoke `EXECUTE` or switch it to `SECURITY INVOKER` if that is not intentional.,https://supabase.com/docs/guides/database/database-linter?lint=0028_anon_security_definer_function_executable,"{""name"":""handle_new_user"",""schema"":""public"",""language"":""plpgsql"",""arguments"":"""",""security_definer"":true}",anon_security_definer_function_executable_public_handle_new_user_
anon_security_definer_function_executable,Public Can Execute SECURITY DEFINER Function,WARN,EXTERNAL,"[""SECURITY""]","Detects `SECURITY DEFINER` functions that are callable without signing in. Revoke `EXECUTE`, switch the function to `SECURITY INVOKER`, or move it out of your exposed API schema if it is not meant to be public.",Function `public.has_admin_role(_user_id uuid)` can be executed by the `anon` role as a `SECURITY DEFINER` function via `/rest/v1/rpc/has_admin_role`. Revoke `EXECUTE` or switch it to `SECURITY INVOKER` if that is not intentional.,https://supabase.com/docs/guides/database/database-linter?lint=0028_anon_security_definer_function_executable,"{""name"":""has_admin_role"",""schema"":""public"",""language"":""sql"",""arguments"":""_user_id uuid"",""security_definer"":true}",anon_security_definer_function_executable_public_has_admin_role__user_id uuid
anon_security_definer_function_executable,Public Can Execute SECURITY DEFINER Function,WARN,EXTERNAL,"[""SECURITY""]","Detects `SECURITY DEFINER` functions that are callable without signing in. Revoke `EXECUTE`, switch the function to `SECURITY INVOKER`, or move it out of your exposed API schema if it is not meant to be public.",Function `public.increment_bill_views(p_bill_id uuid)` can be executed by the `anon` role as a `SECURITY DEFINER` function via `/rest/v1/rpc/increment_bill_views`. Revoke `EXECUTE` or switch it to `SECURITY INVOKER` if that is not intentional.,https://supabase.com/docs/guides/database/database-linter?lint=0028_anon_security_definer_function_executable,"{""name"":""increment_bill_views"",""schema"":""public"",""language"":""plpgsql"",""arguments"":""p_bill_id uuid"",""security_definer"":true}",anon_security_definer_function_executable_public_increment_bill_views_p_bill_id uuid
anon_security_definer_function_executable,Public Can Execute SECURITY DEFINER Function,WARN,EXTERNAL,"[""SECURITY""]","Detects `SECURITY DEFINER` functions that are callable without signing in. Revoke `EXECUTE`, switch the function to `SECURITY INVOKER`, or move it out of your exposed API schema if it is not meant to be public.",Function `public.increment_contribution_points(p_user_id uuid)` can be executed by the `anon` role as a `SECURITY DEFINER` function via `/rest/v1/rpc/increment_contribution_points`. Revoke `EXECUTE` or switch it to `SECURITY INVOKER` if that is not intentional.,https://supabase.com/docs/guides/database/database-linter?lint=0028_anon_security_definer_function_executable,"{""name"":""increment_contribution_points"",""schema"":""public"",""language"":""plpgsql"",""arguments"":""p_user_id uuid"",""security_definer"":true}",anon_security_definer_function_executable_public_increment_contribution_points_p_user_id uuid
anon_security_definer_function_executable,Public Can Execute SECURITY DEFINER Function,WARN,EXTERNAL,"[""SECURITY""]","Detects `SECURITY DEFINER` functions that are callable without signing in. Revoke `EXECUTE`, switch the function to `SECURITY INVOKER`, or move it out of your exposed API schema if it is not meant to be public.",Function `public.increment_template_usage(template_id uuid)` can be executed by the `anon` role as a `SECURITY DEFINER` function via `/rest/v1/rpc/increment_template_usage`. Revoke `EXECUTE` or switch it to `SECURITY INVOKER` if that is not intentional.,https://supabase.com/docs/guides/database/database-linter?lint=0028_anon_security_definer_function_executable,"{""name"":""increment_template_usage"",""schema"":""public"",""language"":""plpgsql"",""arguments"":""template_id uuid"",""security_definer"":true}",anon_security_definer_function_executable_public_increment_template_usage_template_id uuid
anon_security_definer_function_executable,Public Can Execute SECURITY DEFINER Function,WARN,EXTERNAL,"[""SECURITY""]","Detects `SECURITY DEFINER` functions that are callable without signing in. Revoke `EXECUTE`, switch the function to `SECURITY INVOKER`, or move it out of your exposed API schema if it is not meant to be public.",Function `public.increment_template_views(template_id uuid)` can be executed by the `anon` role as a `SECURITY DEFINER` function via `/rest/v1/rpc/increment_template_views`. Revoke `EXECUTE` or switch it to `SECURITY INVOKER` if that is not intentional.,https://supabase.com/docs/guides/database/database-linter?lint=0028_anon_security_definer_function_executable,"{""name"":""increment_template_views"",""schema"":""public"",""language"":""plpgsql"",""arguments"":""template_id uuid"",""security_definer"":true}",anon_security_definer_function_executable_public_increment_template_views_template_id uuid
anon_security_definer_function_executable,Public Can Execute SECURITY DEFINER Function,WARN,EXTERNAL,"[""SECURITY""]","Detects `SECURITY DEFINER` functions that are callable without signing in. Revoke `EXECUTE`, switch the function to `SECURITY INVOKER`, or move it out of your exposed API schema if it is not meant to be public.",Function `public.increment_user_action(action_type_param text)` can be executed by the `anon` role as a `SECURITY DEFINER` function via `/rest/v1/rpc/increment_user_action`. Revoke `EXECUTE` or switch it to `SECURITY INVOKER` if that is not intentional.,https://supabase.com/docs/guides/database/database-linter?lint=0028_anon_security_definer_function_executable,"{""name"":""increment_user_action"",""schema"":""public"",""language"":""plpgsql"",""arguments"":""action_type_param text"",""security_definer"":true}",anon_security_definer_function_executable_public_increment_user_action_action_type_param text
anon_security_definer_function_executable,Public Can Execute SECURITY DEFINER Function,WARN,EXTERNAL,"[""SECURITY""]","Detects `SECURITY DEFINER` functions that are callable without signing in. Revoke `EXECUTE`, switch the function to `SECURITY INVOKER`, or move it out of your exposed API schema if it is not meant to be public.",Function `public.is_admin()` can be executed by the `anon` role as a `SECURITY DEFINER` function via `/rest/v1/rpc/is_admin`. Revoke `EXECUTE` or switch it to `SECURITY INVOKER` if that is not intentional.,https://supabase.com/docs/guides/database/database-linter?lint=0028_anon_security_definer_function_executable,"{""name"":""is_admin"",""schema"":""public"",""language"":""plpgsql"",""arguments"":"""",""security_definer"":true}",anon_security_definer_function_executable_public_is_admin_
anon_security_definer_function_executable,Public Can Execute SECURITY DEFINER Function,WARN,EXTERNAL,"[""SECURITY""]","Detects `SECURITY DEFINER` functions that are callable without signing in. Revoke `EXECUTE`, switch the function to `SECURITY INVOKER`, or move it out of your exposed API schema if it is not meant to be public.",Function `public.is_admin(user_id uuid)` can be executed by the `anon` role as a `SECURITY DEFINER` function via `/rest/v1/rpc/is_admin`. Revoke `EXECUTE` or switch it to `SECURITY INVOKER` if that is not intentional.,https://supabase.com/docs/guides/database/database-linter?lint=0028_anon_security_definer_function_executable,"{""name"":""is_admin"",""schema"":""public"",""language"":""plpgsql"",""arguments"":""user_id uuid"",""security_definer"":true}",anon_security_definer_function_executable_public_is_admin_user_id uuid
anon_security_definer_function_executable,Public Can Execute SECURITY DEFINER Function,WARN,EXTERNAL,"[""SECURITY""]","Detects `SECURITY DEFINER` functions that are callable without signing in. Revoke `EXECUTE`, switch the function to `SECURITY INVOKER`, or move it out of your exposed API schema if it is not meant to be public.",Function `public.is_member_of_room(room_id text)` can be executed by the `anon` role as a `SECURITY DEFINER` function via `/rest/v1/rpc/is_member_of_room`. Revoke `EXECUTE` or switch it to `SECURITY INVOKER` if that is not intentional.,https://supabase.com/docs/guides/database/database-linter?lint=0028_anon_security_definer_function_executable,"{""name"":""is_member_of_room"",""schema"":""public"",""language"":""sql"",""arguments"":""room_id text"",""security_definer"":true}",anon_security_definer_function_executable_public_is_member_of_room_room_id text
anon_security_definer_function_executable,Public Can Execute SECURITY DEFINER Function,WARN,EXTERNAL,"[""SECURITY""]","Detects `SECURITY DEFINER` functions that are callable without signing in. Revoke `EXECUTE`, switch the function to `SECURITY INVOKER`, or move it out of your exposed API schema if it is not meant to be public.","Function `public.link_community_profile(p_profile_id uuid, p_auth_user_id uuid)` can be executed by the `anon` role as a `SECURITY DEFINER` function via `/rest/v1/rpc/link_community_profile`. Revoke `EXECUTE` or switch it to `SECURITY INVOKER` if that is not intentional.",https://supabase.com/docs/guides/database/database-linter?lint=0028_anon_security_definer_function_executable,"{""name"":""link_community_profile"",""schema"":""public"",""language"":""plpgsql"",""arguments"":""p_profile_id uuid, p_auth_user_id uuid"",""security_definer"":true}","anon_security_definer_function_executable_public_link_community_profile_p_profile_id uuid, p_auth_user_id uuid"
anon_security_definer_function_executable,Public Can Execute SECURITY DEFINER Function,WARN,EXTERNAL,"[""SECURITY""]","Detects `SECURITY DEFINER` functions that are callable without signing in. Revoke `EXECUTE`, switch the function to `SECURITY INVOKER`, or move it out of your exposed API schema if it is not meant to be public.","Function `public.log_action(p_action text, p_actor uuid, p_table text, p_id text, p_payload jsonb, p_ip_hash text)` can be executed by the `anon` role as a `SECURITY DEFINER` function via `/rest/v1/rpc/log_action`. Revoke `EXECUTE` or switch it to `SECURITY INVOKER` if that is not intentional.",https://supabase.com/docs/guides/database/database-linter?lint=0028_anon_security_definer_function_executable,"{""name"":""log_action"",""schema"":""public"",""language"":""plpgsql"",""arguments"":""p_action text, p_actor uuid, p_table text, p_id text, p_payload jsonb, p_ip_hash text"",""security_definer"":true}","anon_security_definer_function_executable_public_log_action_p_action text, p_actor uuid, p_table text, p_id text, p_payload jsonb, p_ip_hash text"
anon_security_definer_function_executable,Public Can Execute SECURITY DEFINER Function,WARN,EXTERNAL,"[""SECURITY""]","Detects `SECURITY DEFINER` functions that are callable without signing in. Revoke `EXECUTE`, switch the function to `SECURITY INVOKER`, or move it out of your exposed API schema if it is not meant to be public.",Function `public.mark_all_notifications_read()` can be executed by the `anon` role as a `SECURITY DEFINER` function via `/rest/v1/rpc/mark_all_notifications_read`. Revoke `EXECUTE` or switch it to `SECURITY INVOKER` if that is not intentional.,https://supabase.com/docs/guides/database/database-linter?lint=0028_anon_security_definer_function_executable,"{""name"":""mark_all_notifications_read"",""schema"":""public"",""language"":""plpgsql"",""arguments"":"""",""security_definer"":true}",anon_security_definer_function_executable_public_mark_all_notifications_read_
anon_security_definer_function_executable,Public Can Execute SECURITY DEFINER Function,WARN,EXTERNAL,"[""SECURITY""]","Detects `SECURITY DEFINER` functions that are callable without signing in. Revoke `EXECUTE`, switch the function to `SECURITY INVOKER`, or move it out of your exposed API schema if it is not meant to be public.",Function `public.mark_notifications_read(p_notification_ids uuid[])` can be executed by the `anon` role as a `SECURITY DEFINER` function via `/rest/v1/rpc/mark_notifications_read`. Revoke `EXECUTE` or switch it to `SECURITY INVOKER` if that is not intentional.,https://supabase.com/docs/guides/database/database-linter?lint=0028_anon_security_definer_function_executable,"{""name"":""mark_notifications_read"",""schema"":""public"",""language"":""plpgsql"",""arguments"":""p_notification_ids uuid[]"",""security_definer"":true}",anon_security_definer_function_executable_public_mark_notifications_read_p_notification_ids uuid[]
anon_security_definer_function_executable,Public Can Execute SECURITY DEFINER Function,WARN,EXTERNAL,"[""SECURITY""]","Detects `SECURITY DEFINER` functions that are callable without signing in. Revoke `EXECUTE`, switch the function to `SECURITY INVOKER`, or move it out of your exposed API schema if it is not meant to be public.",Function `public.notify_badge_earned()` can be executed by the `anon` role as a `SECURITY DEFINER` function via `/rest/v1/rpc/notify_badge_earned`. Revoke `EXECUTE` or switch it to `SECURITY INVOKER` if that is not intentional.,https://supabase.com/docs/guides/database/database-linter?lint=0028_anon_security_definer_function_executable,"{""name"":""notify_badge_earned"",""schema"":""public"",""language"":""plpgsql"",""arguments"":"""",""security_definer"":true}",anon_security_definer_function_executable_public_notify_badge_earned_
anon_security_definer_function_executable,Public Can Execute SECURITY DEFINER Function,WARN,EXTERNAL,"[""SECURITY""]","Detects `SECURITY DEFINER` functions that are callable without signing in. Revoke `EXECUTE`, switch the function to `SECURITY INVOKER`, or move it out of your exposed API schema if it is not meant to be public.",Function `public.notify_bill_followed()` can be executed by the `anon` role as a `SECURITY DEFINER` function via `/rest/v1/rpc/notify_bill_followed`. Revoke `EXECUTE` or switch it to `SECURITY INVOKER` if that is not intentional.,https://supabase.com/docs/guides/database/database-linter?lint=0028_anon_security_definer_function_executable,"{""name"":""notify_bill_followed"",""schema"":""public"",""language"":""plpgsql"",""arguments"":"""",""security_definer"":true}",anon_security_definer_function_executable_public_notify_bill_followed_
anon_security_definer_function_executable,Public Can Execute SECURITY DEFINER Function,WARN,EXTERNAL,"[""SECURITY""]","Detects `SECURITY DEFINER` functions that are callable without signing in. Revoke `EXECUTE`, switch the function to `SECURITY INVOKER`, or move it out of your exposed API schema if it is not meant to be public.",Function `public.notify_bill_response()` can be executed by the `anon` role as a `SECURITY DEFINER` function via `/rest/v1/rpc/notify_bill_response`. Revoke `EXECUTE` or switch it to `SECURITY INVOKER` if that is not intentional.,https://supabase.com/docs/guides/database/database-linter?lint=0028_anon_security_definer_function_executable,"{""name"":""notify_bill_response"",""schema"":""public"",""language"":""plpgsql"",""arguments"":"""",""security_definer"":true}",anon_security_definer_function_executable_public_notify_bill_response_
anon_security_definer_function_executable,Public Can Execute SECURITY DEFINER Function,WARN,EXTERNAL,"[""SECURITY""]","Detects `SECURITY DEFINER` functions that are callable without signing in. Revoke `EXECUTE`, switch the function to `SECURITY INVOKER`, or move it out of your exposed API schema if it is not meant to be public.",Function `public.notify_bill_status_change()` can be executed by the `anon` role as a `SECURITY DEFINER` function via `/rest/v1/rpc/notify_bill_status_change`. Revoke `EXECUTE` or switch it to `SECURITY INVOKER` if that is not intentional.,https://supabase.com/docs/guides/database/database-linter?lint=0028_anon_security_definer_function_executable,"{""name"":""notify_bill_status_change"",""schema"":""public"",""language"":""plpgsql"",""arguments"":"""",""security_definer"":true}",anon_security_definer_function_executable_public_notify_bill_status_change_
anon_security_definer_function_executable,Public Can Execute SECURITY DEFINER Function,WARN,EXTERNAL,"[""SECURITY""]","Detects `SECURITY DEFINER` functions that are callable without signing in. Revoke `EXECUTE`, switch the function to `SECURITY INVOKER`, or move it out of your exposed API schema if it is not meant to be public.",Function `public.notify_bill_status_change_from_history()` can be executed by the `anon` role as a `SECURITY DEFINER` function via `/rest/v1/rpc/notify_bill_status_change_from_history`. Revoke `EXECUTE` or switch it to `SECURITY INVOKER` if that is not intentional.,https://supabase.com/docs/guides/database/database-linter?lint=0028_anon_security_definer_function_executable,"{""name"":""notify_bill_status_change_from_history"",""schema"":""public"",""language"":""plpgsql"",""arguments"":"""",""security_definer"":true}",anon_security_definer_function_executable_public_notify_bill_status_change_from_history_
anon_security_definer_function_executable,Public Can Execute SECURITY DEFINER Function,WARN,EXTERNAL,"[""SECURITY""]","Detects `SECURITY DEFINER` functions that are callable without signing in. Revoke `EXECUTE`, switch the function to `SECURITY INVOKER`, or move it out of your exposed API schema if it is not meant to be public.",Function `public.notify_campaign_update()` can be executed by the `anon` role as a `SECURITY DEFINER` function via `/rest/v1/rpc/notify_campaign_update`. Revoke `EXECUTE` or switch it to `SECURITY INVOKER` if that is not intentional.,https://supabase.com/docs/guides/database/database-linter?lint=0028_anon_security_definer_function_executable,"{""name"":""notify_campaign_update"",""schema"":""public"",""language"":""plpgsql"",""arguments"":"""",""security_definer"":true}",anon_security_definer_function_executable_public_notify_campaign_update_
anon_security_definer_function_executable,Public Can Execute SECURITY DEFINER Function,WARN,EXTERNAL,"[""SECURITY""]","Detects `SECURITY DEFINER` functions that are callable without signing in. Revoke `EXECUTE`, switch the function to `SECURITY INVOKER`, or move it out of your exposed API schema if it is not meant to be public.",Function `public.notify_chat_mention()` can be executed by the `anon` role as a `SECURITY DEFINER` function via `/rest/v1/rpc/notify_chat_mention`. Revoke `EXECUTE` or switch it to `SECURITY INVOKER` if that is not intentional.,https://supabase.com/docs/guides/database/database-linter?lint=0028_anon_security_definer_function_executable,"{""name"":""notify_chat_mention"",""schema"":""public"",""language"":""plpgsql"",""arguments"":"""",""security_definer"":true}",anon_security_definer_function_executable_public_notify_chat_mention_
anon_security_definer_function_executable,Public Can Execute SECURITY DEFINER Function,WARN,EXTERNAL,"[""SECURITY""]","Detects `SECURITY DEFINER` functions that are callable without signing in. Revoke `EXECUTE`, switch the function to `SECURITY INVOKER`, or move it out of your exposed API schema if it is not meant to be public.",Function `public.notify_community_member_joined()` can be executed by the `anon` role as a `SECURITY DEFINER` function via `/rest/v1/rpc/notify_community_member_joined`. Revoke `EXECUTE` or switch it to `SECURITY INVOKER` if that is not intentional.,https://supabase.com/docs/guides/database/database-linter?lint=0028_anon_security_definer_function_executable,"{""name"":""notify_community_member_joined"",""schema"":""public"",""language"":""plpgsql"",""arguments"":"""",""security_definer"":true}",anon_security_definer_function_executable_public_notify_community_member_joined_
anon_security_definer_function_executable,Public Can Execute SECURITY DEFINER Function,WARN,EXTERNAL,"[""SECURITY""]","Detects `SECURITY DEFINER` functions that are callable without signing in. Revoke `EXECUTE`, switch the function to `SECURITY INVOKER`, or move it out of your exposed API schema if it is not meant to be public.",Function `public.notify_constitution_reading_milestone()` can be executed by the `anon` role as a `SECURITY DEFINER` function via `/rest/v1/rpc/notify_constitution_reading_milestone`. Revoke `EXECUTE` or switch it to `SECURITY INVOKER` if that is not intentional.,https://supabase.com/docs/guides/database/database-linter?lint=0028_anon_security_definer_function_executable,"{""name"":""notify_constitution_reading_milestone"",""schema"":""public"",""language"":""plpgsql"",""arguments"":"""",""security_definer"":true}",anon_security_definer_function_executable_public_notify_constitution_reading_milestone_
anon_security_definer_function_executable,Public Can Execute SECURITY DEFINER Function,WARN,EXTERNAL,"[""SECURITY""]","Detects `SECURITY DEFINER` functions that are callable without signing in. Revoke `EXECUTE`, switch the function to `SECURITY INVOKER`, or move it out of your exposed API schema if it is not meant to be public.",Function `public.notify_credit_change()` can be executed by the `anon` role as a `SECURITY DEFINER` function via `/rest/v1/rpc/notify_credit_change`. Revoke `EXECUTE` or switch it to `SECURITY INVOKER` if that is not intentional.,https://supabase.com/docs/guides/database/database-linter?lint=0028_anon_security_definer_function_executable,"{""name"":""notify_credit_change"",""schema"":""public"",""language"":""plpgsql"",""arguments"":"""",""security_definer"":true}",anon_security_definer_function_executable_public_notify_credit_change_
anon_security_definer_function_executable,Public Can Execute SECURITY DEFINER Function,WARN,EXTERNAL,"[""SECURITY""]","Detects `SECURITY DEFINER` functions that are callable without signing in. Revoke `EXECUTE`, switch the function to `SECURITY INVOKER`, or move it out of your exposed API schema if it is not meant to be public.",Function `public.notify_followers_bill_status_change()` can be executed by the `anon` role as a `SECURITY DEFINER` function via `/rest/v1/rpc/notify_followers_bill_status_change`. Revoke `EXECUTE` or switch it to `SECURITY INVOKER` if that is not intentional.,https://supabase.com/docs/guides/database/database-linter?lint=0028_anon_security_definer_function_executable,"{""name"":""notify_followers_bill_status_change"",""schema"":""public"",""language"":""plpgsql"",""arguments"":"""",""security_definer"":true}",anon_security_definer_function_executable_public_notify_followers_bill_status_change_
anon_security_definer_function_executable,Public Can Execute SECURITY DEFINER Function,WARN,EXTERNAL,"[""SECURITY""]","Detects `SECURITY DEFINER` functions that are callable without signing in. Revoke `EXECUTE`, switch the function to `SECURITY INVOKER`, or move it out of your exposed API schema if it is not meant to be public.",Function `public.notify_moderation_action()` can be executed by the `anon` role as a `SECURITY DEFINER` function via `/rest/v1/rpc/notify_moderation_action`. Revoke `EXECUTE` or switch it to `SECURITY INVOKER` if that is not intentional.,https://supabase.com/docs/guides/database/database-linter?lint=0028_anon_security_definer_function_executable,"{""name"":""notify_moderation_action"",""schema"":""public"",""language"":""plpgsql"",""arguments"":"""",""security_definer"":true}",anon_security_definer_function_executable_public_notify_moderation_action_
anon_security_definer_function_executable,Public Can Execute SECURITY DEFINER Function,WARN,EXTERNAL,"[""SECURITY""]","Detects `SECURITY DEFINER` functions that are callable without signing in. Revoke `EXECUTE`, switch the function to `SECURITY INVOKER`, or move it out of your exposed API schema if it is not meant to be public.",Function `public.notify_new_bill_dropped()` can be executed by the `anon` role as a `SECURITY DEFINER` function via `/rest/v1/rpc/notify_new_bill_dropped`. Revoke `EXECUTE` or switch it to `SECURITY INVOKER` if that is not intentional.,https://supabase.com/docs/guides/database/database-linter?lint=0028_anon_security_definer_function_executable,"{""name"":""notify_new_bill_dropped"",""schema"":""public"",""language"":""plpgsql"",""arguments"":"""",""security_definer"":true}",anon_security_definer_function_executable_public_notify_new_bill_dropped_
anon_security_definer_function_executable,Public Can Execute SECURITY DEFINER Function,WARN,EXTERNAL,"[""SECURITY""]","Detects `SECURITY DEFINER` functions that are callable without signing in. Revoke `EXECUTE`, switch the function to `SECURITY INVOKER`, or move it out of your exposed API schema if it is not meant to be public.",Function `public.notify_new_blog_post()` can be executed by the `anon` role as a `SECURITY DEFINER` function via `/rest/v1/rpc/notify_new_blog_post`. Revoke `EXECUTE` or switch it to `SECURITY INVOKER` if that is not intentional.,https://supabase.com/docs/guides/database/database-linter?lint=0028_anon_security_definer_function_executable,"{""name"":""notify_new_blog_post"",""schema"":""public"",""language"":""plpgsql"",""arguments"":"""",""security_definer"":true}",anon_security_definer_function_executable_public_notify_new_blog_post_
anon_security_definer_function_executable,Public Can Execute SECURITY DEFINER Function,WARN,EXTERNAL,"[""SECURITY""]","Detects `SECURITY DEFINER` functions that are callable without signing in. Revoke `EXECUTE`, switch the function to `SECURITY INVOKER`, or move it out of your exposed API schema if it is not meant to be public.",Function `public.notify_new_campaign()` can be executed by the `anon` role as a `SECURITY DEFINER` function via `/rest/v1/rpc/notify_new_campaign`. Revoke `EXECUTE` or switch it to `SECURITY INVOKER` if that is not intentional.,https://supabase.com/docs/guides/database/database-linter?lint=0028_anon_security_definer_function_executable,"{""name"":""notify_new_campaign"",""schema"":""public"",""language"":""plpgsql"",""arguments"":"""",""security_definer"":true}",anon_security_definer_function_executable_public_notify_new_campaign_
anon_security_definer_function_executable,Public Can Execute SECURITY DEFINER Function,WARN,EXTERNAL,"[""SECURITY""]","Detects `SECURITY DEFINER` functions that are callable without signing in. Revoke `EXECUTE`, switch the function to `SECURITY INVOKER`, or move it out of your exposed API schema if it is not meant to be public.",Function `public.notify_new_civic_event()` can be executed by the `anon` role as a `SECURITY DEFINER` function via `/rest/v1/rpc/notify_new_civic_event`. Revoke `EXECUTE` or switch it to `SECURITY INVOKER` if that is not intentional.,https://supabase.com/docs/guides/database/database-linter?lint=0028_anon_security_definer_function_executable,"{""name"":""notify_new_civic_event"",""schema"":""public"",""language"":""plpgsql"",""arguments"":"""",""security_definer"":true}",anon_security_definer_function_executable_public_notify_new_civic_event_
anon_security_definer_function_executable,Public Can Execute SECURITY DEFINER Function,WARN,EXTERNAL,"[""SECURITY""]","Detects `SECURITY DEFINER` functions that are callable without signing in. Revoke `EXECUTE`, switch the function to `SECURITY INVOKER`, or move it out of your exposed API schema if it is not meant to be public.",Function `public.notify_new_community_member()` can be executed by the `anon` role as a `SECURITY DEFINER` function via `/rest/v1/rpc/notify_new_community_member`. Revoke `EXECUTE` or switch it to `SECURITY INVOKER` if that is not intentional.,https://supabase.com/docs/guides/database/database-linter?lint=0028_anon_security_definer_function_executable,"{""name"":""notify_new_community_member"",""schema"":""public"",""language"":""plpgsql"",""arguments"":"""",""security_definer"":true}",anon_security_definer_function_executable_public_notify_new_community_member_
anon_security_definer_function_executable,Public Can Execute SECURITY DEFINER Function,WARN,EXTERNAL,"[""SECURITY""]","Detects `SECURITY DEFINER` functions that are callable without signing in. Revoke `EXECUTE`, switch the function to `SECURITY INVOKER`, or move it out of your exposed API schema if it is not meant to be public.",Function `public.notify_new_volunteer_opportunity()` can be executed by the `anon` role as a `SECURITY DEFINER` function via `/rest/v1/rpc/notify_new_volunteer_opportunity`. Revoke `EXECUTE` or switch it to `SECURITY INVOKER` if that is not intentional.,https://supabase.com/docs/guides/database/database-linter?lint=0028_anon_security_definer_function_executable,"{""name"":""notify_new_volunteer_opportunity"",""schema"":""public"",""language"":""plpgsql"",""arguments"":"""",""security_definer"":true}",anon_security_definer_function_executable_public_notify_new_volunteer_opportunity_
anon_security_definer_function_executable,Public Can Execute SECURITY DEFINER Function,WARN,EXTERNAL,"[""SECURITY""]","Detects `SECURITY DEFINER` functions that are callable without signing in. Revoke `EXECUTE`, switch the function to `SECURITY INVOKER`, or move it out of your exposed API schema if it is not meant to be public.",Function `public.notify_resource_view()` can be executed by the `anon` role as a `SECURITY DEFINER` function via `/rest/v1/rpc/notify_resource_view`. Revoke `EXECUTE` or switch it to `SECURITY INVOKER` if that is not intentional.,https://supabase.com/docs/guides/database/database-linter?lint=0028_anon_security_definer_function_executable,"{""name"":""notify_resource_view"",""schema"":""public"",""language"":""plpgsql"",""arguments"":"""",""security_definer"":true}",anon_security_definer_function_executable_public_notify_resource_view_
anon_security_definer_function_executable,Public Can Execute SECURITY DEFINER Function,WARN,EXTERNAL,"[""SECURITY""]","Detects `SECURITY DEFINER` functions that are callable without signing in. Revoke `EXECUTE`, switch the function to `SECURITY INVOKER`, or move it out of your exposed API schema if it is not meant to be public.",Function `public.notify_resource_view_connection()` can be executed by the `anon` role as a `SECURITY DEFINER` function via `/rest/v1/rpc/notify_resource_view_connection`. Revoke `EXECUTE` or switch it to `SECURITY INVOKER` if that is not intentional.,https://supabase.com/docs/guides/database/database-linter?lint=0028_anon_security_definer_function_executable,"{""name"":""notify_resource_view_connection"",""schema"":""public"",""language"":""plpgsql"",""arguments"":"""",""security_definer"":true}",anon_security_definer_function_executable_public_notify_resource_view_connection_
anon_security_definer_function_executable,Public Can Execute SECURITY DEFINER Function,WARN,EXTERNAL,"[""SECURITY""]","Detects `SECURITY DEFINER` functions that are callable without signing in. Revoke `EXECUTE`, switch the function to `SECURITY INVOKER`, or move it out of your exposed API schema if it is not meant to be public.",Function `public.notify_settings_change()` can be executed by the `anon` role as a `SECURITY DEFINER` function via `/rest/v1/rpc/notify_settings_change`. Revoke `EXECUTE` or switch it to `SECURITY INVOKER` if that is not intentional.,https://supabase.com/docs/guides/database/database-linter?lint=0028_anon_security_definer_function_executable,"{""name"":""notify_settings_change"",""schema"":""public"",""language"":""plpgsql"",""arguments"":"""",""security_definer"":true}",anon_security_definer_function_executable_public_notify_settings_change_
anon_security_definer_function_executable,Public Can Execute SECURITY DEFINER Function,WARN,EXTERNAL,"[""SECURITY""]","Detects `SECURITY DEFINER` functions that are callable without signing in. Revoke `EXECUTE`, switch the function to `SECURITY INVOKER`, or move it out of your exposed API schema if it is not meant to be public.",Function `public.notify_signature_nps()` can be executed by the `anon` role as a `SECURITY DEFINER` function via `/rest/v1/rpc/notify_signature_nps`. Revoke `EXECUTE` or switch it to `SECURITY INVOKER` if that is not intentional.,https://supabase.com/docs/guides/database/database-linter?lint=0028_anon_security_definer_function_executable,"{""name"":""notify_signature_nps"",""schema"":""public"",""language"":""plpgsql"",""arguments"":"""",""security_definer"":true}",anon_security_definer_function_executable_public_notify_signature_nps_
anon_security_definer_function_executable,Public Can Execute SECURITY DEFINER Function,WARN,EXTERNAL,"[""SECURITY""]","Detects `SECURITY DEFINER` functions that are callable without signing in. Revoke `EXECUTE`, switch the function to `SECURITY INVOKER`, or move it out of your exposed API schema if it is not meant to be public.",Function `public.notify_system_settings_change()` can be executed by the `anon` role as a `SECURITY DEFINER` function via `/rest/v1/rpc/notify_system_settings_change`. Revoke `EXECUTE` or switch it to `SECURITY INVOKER` if that is not intentional.,https://supabase.com/docs/guides/database/database-linter?lint=0028_anon_security_definer_function_executable,"{""name"":""notify_system_settings_change"",""schema"":""public"",""language"":""plpgsql"",""arguments"":"""",""security_definer"":true}",anon_security_definer_function_executable_public_notify_system_settings_change_
anon_security_definer_function_executable,Public Can Execute SECURITY DEFINER Function,WARN,EXTERNAL,"[""SECURITY""]","Detects `SECURITY DEFINER` functions that are callable without signing in. Revoke `EXECUTE`, switch the function to `SECURITY INVOKER`, or move it out of your exposed API schema if it is not meant to be public.",Function `public.notify_volunteer_status_change()` can be executed by the `anon` role as a `SECURITY DEFINER` function via `/rest/v1/rpc/notify_volunteer_status_change`. Revoke `EXECUTE` or switch it to `SECURITY INVOKER` if that is not intentional.,https://supabase.com/docs/guides/database/database-linter?lint=0028_anon_security_definer_function_executable,"{""name"":""notify_volunteer_status_change"",""schema"":""public"",""language"":""plpgsql"",""arguments"":"""",""security_definer"":true}",anon_security_definer_function_executable_public_notify_volunteer_status_change_
anon_security_definer_function_executable,Public Can Execute SECURITY DEFINER Function,WARN,EXTERNAL,"[""SECURITY""]","Detects `SECURITY DEFINER` functions that are callable without signing in. Revoke `EXECUTE`, switch the function to `SECURITY INVOKER`, or move it out of your exposed API schema if it is not meant to be public.",Function `public.notify_volunteer_status_change_full()` can be executed by the `anon` role as a `SECURITY DEFINER` function via `/rest/v1/rpc/notify_volunteer_status_change_full`. Revoke `EXECUTE` or switch it to `SECURITY INVOKER` if that is not intentional.,https://supabase.com/docs/guides/database/database-linter?lint=0028_anon_security_definer_function_executable,"{""name"":""notify_volunteer_status_change_full"",""schema"":""public"",""language"":""plpgsql"",""arguments"":"""",""security_definer"":true}",anon_security_definer_function_executable_public_notify_volunteer_status_change_full_
anon_security_definer_function_executable,Public Can Execute SECURITY DEFINER Function,WARN,EXTERNAL,"[""SECURITY""]","Detects `SECURITY DEFINER` functions that are callable without signing in. Revoke `EXECUTE`, switch the function to `SECURITY INVOKER`, or move it out of your exposed API schema if it is not meant to be public.","Function `public.redeem_perk(p_user_id uuid, p_perk_id uuid)` can be executed by the `anon` role as a `SECURITY DEFINER` function via `/rest/v1/rpc/redeem_perk`. Revoke `EXECUTE` or switch it to `SECURITY INVOKER` if that is not intentional.",https://supabase.com/docs/guides/database/database-linter?lint=0028_anon_security_definer_function_executable,"{""name"":""redeem_perk"",""schema"":""public"",""language"":""plpgsql"",""arguments"":""p_user_id uuid, p_perk_id uuid"",""security_definer"":true}","anon_security_definer_function_executable_public_redeem_perk_p_user_id uuid, p_perk_id uuid"
anon_security_definer_function_executable,Public Can Execute SECURITY DEFINER Function,WARN,EXTERNAL,"[""SECURITY""]","Detects `SECURITY DEFINER` functions that are callable without signing in. Revoke `EXECUTE`, switch the function to `SECURITY INVOKER`, or move it out of your exposed API schema if it is not meant to be public.","Function `public.seed_constitution_batch(p_chapter_data jsonb, p_section_data jsonb)` can be executed by the `anon` role as a `SECURITY DEFINER` function via `/rest/v1/rpc/seed_constitution_batch`. Revoke `EXECUTE` or switch it to `SECURITY INVOKER` if that is not intentional.",https://supabase.com/docs/guides/database/database-linter?lint=0028_anon_security_definer_function_executable,"{""name"":""seed_constitution_batch"",""schema"":""public"",""language"":""plpgsql"",""arguments"":""p_chapter_data jsonb, p_section_data jsonb"",""security_definer"":true}","anon_security_definer_function_executable_public_seed_constitution_batch_p_chapter_data jsonb, p_section_data jsonb"
anon_security_definer_function_executable,Public Can Execute SECURITY DEFINER Function,WARN,EXTERNAL,"[""SECURITY""]","Detects `SECURITY DEFINER` functions that are callable without signing in. Revoke `EXECUTE`, switch the function to `SECURITY INVOKER`, or move it out of your exposed API schema if it is not meant to be public.",Function `public.send_event_reminders()` can be executed by the `anon` role as a `SECURITY DEFINER` function via `/rest/v1/rpc/send_event_reminders`. Revoke `EXECUTE` or switch it to `SECURITY INVOKER` if that is not intentional.,https://supabase.com/docs/guides/database/database-linter?lint=0028_anon_security_definer_function_executable,"{""name"":""send_event_reminders"",""schema"":""public"",""language"":""plpgsql"",""arguments"":"""",""security_definer"":true}",anon_security_definer_function_executable_public_send_event_reminders_
anon_security_definer_function_executable,Public Can Execute SECURITY DEFINER Function,WARN,EXTERNAL,"[""SECURITY""]","Detects `SECURITY DEFINER` functions that are callable without signing in. Revoke `EXECUTE`, switch the function to `SECURITY INVOKER`, or move it out of your exposed API schema if it is not meant to be public.",Function `public.send_reading_percentile_notifications()` can be executed by the `anon` role as a `SECURITY DEFINER` function via `/rest/v1/rpc/send_reading_percentile_notifications`. Revoke `EXECUTE` or switch it to `SECURITY INVOKER` if that is not intentional.,https://supabase.com/docs/guides/database/database-linter?lint=0028_anon_security_definer_function_executable,"{""name"":""send_reading_percentile_notifications"",""schema"":""public"",""language"":""plpgsql"",""arguments"":"""",""security_definer"":true}",anon_security_definer_function_executable_public_send_reading_percentile_notifications_
anon_security_definer_function_executable,Public Can Execute SECURITY DEFINER Function,WARN,EXTERNAL,"[""SECURITY""]","Detects `SECURITY DEFINER` functions that are callable without signing in. Revoke `EXECUTE`, switch the function to `SECURITY INVOKER`, or move it out of your exposed API schema if it is not meant to be public.","Function `public.st_estimatedextent(text, text)` can be executed by the `anon` role as a `SECURITY DEFINER` function via `/rest/v1/rpc/st_estimatedextent`. Revoke `EXECUTE` or switch it to `SECURITY INVOKER` if that is not intentional.",https://supabase.com/docs/guides/database/database-linter?lint=0028_anon_security_definer_function_executable,"{""name"":""st_estimatedextent"",""schema"":""public"",""language"":""c"",""arguments"":""text, text"",""security_definer"":true}","anon_security_definer_function_executable_public_st_estimatedextent_text, text"
anon_security_definer_function_executable,Public Can Execute SECURITY DEFINER Function,WARN,EXTERNAL,"[""SECURITY""]","Detects `SECURITY DEFINER` functions that are callable without signing in. Revoke `EXECUTE`, switch the function to `SECURITY INVOKER`, or move it out of your exposed API schema if it is not meant to be public.","Function `public.st_estimatedextent(text, text, text)` can be executed by the `anon` role as a `SECURITY DEFINER` function via `/rest/v1/rpc/st_estimatedextent`. Revoke `EXECUTE` or switch it to `SECURITY INVOKER` if that is not intentional.",https://supabase.com/docs/guides/database/database-linter?lint=0028_anon_security_definer_function_executable,"{""name"":""st_estimatedextent"",""schema"":""public"",""language"":""c"",""arguments"":""text, text, text"",""security_definer"":true}","anon_security_definer_function_executable_public_st_estimatedextent_text, text, text"
anon_security_definer_function_executable,Public Can Execute SECURITY DEFINER Function,WARN,EXTERNAL,"[""SECURITY""]","Detects `SECURITY DEFINER` functions that are callable without signing in. Revoke `EXECUTE`, switch the function to `SECURITY INVOKER`, or move it out of your exposed API schema if it is not meant to be public.","Function `public.st_estimatedextent(text, text, text, boolean)` can be executed by the `anon` role as a `SECURITY DEFINER` function via `/rest/v1/rpc/st_estimatedextent`. Revoke `EXECUTE` or switch it to `SECURITY INVOKER` if that is not intentional.",https://supabase.com/docs/guides/database/database-linter?lint=0028_anon_security_definer_function_executable,"{""name"":""st_estimatedextent"",""schema"":""public"",""language"":""c"",""arguments"":""text, text, text, boolean"",""security_definer"":true}","anon_security_definer_function_executable_public_st_estimatedextent_text, text, text, boolean"
anon_security_definer_function_executable,Public Can Execute SECURITY DEFINER Function,WARN,EXTERNAL,"[""SECURITY""]","Detects `SECURITY DEFINER` functions that are callable without signing in. Revoke `EXECUTE`, switch the function to `SECURITY INVOKER`, or move it out of your exposed API schema if it is not meant to be public.","Function `public.submit_signature(bill_id_param uuid, template_id_param uuid, name_param text, email_param text, constituency_param text, county_param text, comments_param text)` can be executed by the `anon` role as a `SECURITY DEFINER` function via `/rest/v1/rpc/submit_signature`. Revoke `EXECUTE` or switch it to `SECURITY INVOKER` if that is not intentional.",https://supabase.com/docs/guides/database/database-linter?lint=0028_anon_security_definer_function_executable,"{""name"":""submit_signature"",""schema"":""public"",""language"":""plpgsql"",""arguments"":""bill_id_param uuid, template_id_param uuid, name_param text, email_param text, constituency_param text, county_param text, comments_param text"",""security_definer"":true}","anon_security_definer_function_executable_public_submit_signature_bill_id_param uuid, template_id_param uuid, name_param text, email_param text, constituency_param text, county_param text, comments_param text"
anon_security_definer_function_executable,Public Can Execute SECURITY DEFINER Function,WARN,EXTERNAL,"[""SECURITY""]","Detects `SECURITY DEFINER` functions that are callable without signing in. Revoke `EXECUTE`, switch the function to `SECURITY INVOKER`, or move it out of your exposed API schema if it is not meant to be public.",Function `public.track_article_view()` can be executed by the `anon` role as a `SECURITY DEFINER` function via `/rest/v1/rpc/track_article_view`. Revoke `EXECUTE` or switch it to `SECURITY INVOKER` if that is not intentional.,https://supabase.com/docs/guides/database/database-linter?lint=0028_anon_security_definer_function_executable,"{""name"":""track_article_view"",""schema"":""public"",""language"":""plpgsql"",""arguments"":"""",""security_definer"":true}",anon_security_definer_function_executable_public_track_article_view_
anon_security_definer_function_executable,Public Can Execute SECURITY DEFINER Function,WARN,EXTERNAL,"[""SECURITY""]","Detects `SECURITY DEFINER` functions that are callable without signing in. Revoke `EXECUTE`, switch the function to `SECURITY INVOKER`, or move it out of your exposed API schema if it is not meant to be public.","Function `public.track_resource_view(p_resource_id text, p_resource_type text, p_view_type text, p_user_id uuid, p_ip_address inet, p_user_agent text)` can be executed by the `anon` role as a `SECURITY DEFINER` function via `/rest/v1/rpc/track_resource_view`. Revoke `EXECUTE` or switch it to `SECURITY INVOKER` if that is not intentional.",https://supabase.com/docs/guides/database/database-linter?lint=0028_anon_security_definer_function_executable,"{""name"":""track_resource_view"",""schema"":""public"",""language"":""sql"",""arguments"":""p_resource_id text, p_resource_type text, p_view_type text, p_user_id uuid, p_ip_address inet, p_user_agent text"",""security_definer"":true}","anon_security_definer_function_executable_public_track_resource_view_p_resource_id text, p_resource_type text, p_view_type text, p_user_id uuid, p_ip_address inet, p_user_agent text"
anon_security_definer_function_executable,Public Can Execute SECURITY DEFINER Function,WARN,EXTERNAL,"[""SECURITY""]","Detects `SECURITY DEFINER` functions that are callable without signing in. Revoke `EXECUTE`, switch the function to `SECURITY INVOKER`, or move it out of your exposed API schema if it is not meant to be public.",Function `public.trigger_ai_translation_draft()` can be executed by the `anon` role as a `SECURITY DEFINER` function via `/rest/v1/rpc/trigger_ai_translation_draft`. Revoke `EXECUTE` or switch it to `SECURITY INVOKER` if that is not intentional.,https://supabase.com/docs/guides/database/database-linter?lint=0028_anon_security_definer_function_executable,"{""name"":""trigger_ai_translation_draft"",""schema"":""public"",""language"":""plpgsql"",""arguments"":"""",""security_definer"":true}",anon_security_definer_function_executable_public_trigger_ai_translation_draft_
anon_security_definer_function_executable,Public Can Execute SECURITY DEFINER Function,WARN,EXTERNAL,"[""SECURITY""]","Detects `SECURITY DEFINER` functions that are callable without signing in. Revoke `EXECUTE`, switch the function to `SECURITY INVOKER`, or move it out of your exposed API schema if it is not meant to be public.",Function `public.trigger_civic_rewards()` can be executed by the `anon` role as a `SECURITY DEFINER` function via `/rest/v1/rpc/trigger_civic_rewards`. Revoke `EXECUTE` or switch it to `SECURITY INVOKER` if that is not intentional.,https://supabase.com/docs/guides/database/database-linter?lint=0028_anon_security_definer_function_executable,"{""name"":""trigger_civic_rewards"",""schema"":""public"",""language"":""plpgsql"",""arguments"":"""",""security_definer"":true}",anon_security_definer_function_executable_public_trigger_civic_rewards_
anon_security_definer_function_executable,Public Can Execute SECURITY DEFINER Function,WARN,EXTERNAL,"[""SECURITY""]","Detects `SECURITY DEFINER` functions that are callable without signing in. Revoke `EXECUTE`, switch the function to `SECURITY INVOKER`, or move it out of your exposed API schema if it is not meant to be public.",Function `public.trigger_process_broadcast_queue()` can be executed by the `anon` role as a `SECURITY DEFINER` function via `/rest/v1/rpc/trigger_process_broadcast_queue`. Revoke `EXECUTE` or switch it to `SECURITY INVOKER` if that is not intentional.,https://supabase.com/docs/guides/database/database-linter?lint=0028_anon_security_definer_function_executable,"{""name"":""trigger_process_broadcast_queue"",""schema"":""public"",""language"":""plpgsql"",""arguments"":"""",""security_definer"":true}",anon_security_definer_function_executable_public_trigger_process_broadcast_queue_
anon_security_definer_function_executable,Public Can Execute SECURITY DEFINER Function,WARN,EXTERNAL,"[""SECURITY""]","Detects `SECURITY DEFINER` functions that are callable without signing in. Revoke `EXECUTE`, switch the function to `SECURITY INVOKER`, or move it out of your exposed API schema if it is not meant to be public.",Function `public.update_bill_follow_count()` can be executed by the `anon` role as a `SECURITY DEFINER` function via `/rest/v1/rpc/update_bill_follow_count`. Revoke `EXECUTE` or switch it to `SECURITY INVOKER` if that is not intentional.,https://supabase.com/docs/guides/database/database-linter?lint=0028_anon_security_definer_function_executable,"{""name"":""update_bill_follow_count"",""schema"":""public"",""language"":""plpgsql"",""arguments"":"""",""security_definer"":true}",anon_security_definer_function_executable_public_update_bill_follow_count_
anon_security_definer_function_executable,Public Can Execute SECURITY DEFINER Function,WARN,EXTERNAL,"[""SECURITY""]","Detects `SECURITY DEFINER` functions that are callable without signing in. Revoke `EXECUTE`, switch the function to `SECURITY INVOKER`, or move it out of your exposed API schema if it is not meant to be public.",Function `public.update_discussion_reply_count()` can be executed by the `anon` role as a `SECURITY DEFINER` function via `/rest/v1/rpc/update_discussion_reply_count`. Revoke `EXECUTE` or switch it to `SECURITY INVOKER` if that is not intentional.,https://supabase.com/docs/guides/database/database-linter?lint=0028_anon_security_definer_function_executable,"{""name"":""update_discussion_reply_count"",""schema"":""public"",""language"":""plpgsql"",""arguments"":"""",""security_definer"":true}",anon_security_definer_function_executable_public_update_discussion_reply_count_
anon_security_definer_function_executable,Public Can Execute SECURITY DEFINER Function,WARN,EXTERNAL,"[""SECURITY""]","Detects `SECURITY DEFINER` functions that are callable without signing in. Revoke `EXECUTE`, switch the function to `SECURITY INVOKER`, or move it out of your exposed API schema if it is not meant to be public.","Function `public.update_processing_job_progress(job_id uuid, new_progress integer, new_step text, new_status text, log_entry jsonb)` can be executed by the `anon` role as a `SECURITY DEFINER` function via `/rest/v1/rpc/update_processing_job_progress`. Revoke `EXECUTE` or switch it to `SECURITY INVOKER` if that is not intentional.",https://supabase.com/docs/guides/database/database-linter?lint=0028_anon_security_definer_function_executable,"{""name"":""update_processing_job_progress"",""schema"":""public"",""language"":""plpgsql"",""arguments"":""job_id uuid, new_progress integer, new_step text, new_status text, log_entry jsonb"",""security_definer"":true}","anon_security_definer_function_executable_public_update_processing_job_progress_job_id uuid, new_progress integer, new_step text, new_status text, log_entry jsonb"
anon_security_definer_function_executable,Public Can Execute SECURITY DEFINER Function,WARN,EXTERNAL,"[""SECURITY""]","Detects `SECURITY DEFINER` functions that are callable without signing in. Revoke `EXECUTE`, switch the function to `SECURITY INVOKER`, or move it out of your exposed API schema if it is not meant to be public.","Function `public.user_wants_notification(p_user_id uuid, p_category text)` can be executed by the `anon` role as a `SECURITY DEFINER` function via `/rest/v1/rpc/user_wants_notification`. Revoke `EXECUTE` or switch it to `SECURITY INVOKER` if that is not intentional.",https://supabase.com/docs/guides/database/database-linter?lint=0028_anon_security_definer_function_executable,"{""name"":""user_wants_notification"",""schema"":""public"",""language"":""plpgsql"",""arguments"":""p_user_id uuid, p_category text"",""security_definer"":true}","anon_security_definer_function_executable_public_user_wants_notification_p_user_id uuid, p_category text"
anon_security_definer_function_executable,Public Can Execute SECURITY DEFINER Function,WARN,EXTERNAL,"[""SECURITY""]","Detects `SECURITY DEFINER` functions that are callable without signing in. Revoke `EXECUTE`, switch the function to `SECURITY INVOKER`, or move it out of your exposed API schema if it is not meant to be public.","Function `public.verify_signature_otp(signature_id_param uuid, otp_code_param text)` can be executed by the `anon` role as a `SECURITY DEFINER` function via `/rest/v1/rpc/verify_signature_otp`. Revoke `EXECUTE` or switch it to `SECURITY INVOKER` if that is not intentional.",https://supabase.com/docs/guides/database/database-linter?lint=0028_anon_security_definer_function_executable,"{""name"":""verify_signature_otp"",""schema"":""public"",""language"":""plpgsql"",""arguments"":""signature_id_param uuid, otp_code_param text"",""security_definer"":true}","anon_security_definer_function_executable_public_verify_signature_otp_signature_id_param uuid, otp_code_param text"
authenticated_security_definer_function_executable,Signed-In Users Can Execute SECURITY DEFINER Function,WARN,EXTERNAL,"[""SECURITY""]","Detects `SECURITY DEFINER` functions that are callable by signed-in users. Revoke `EXECUTE`, switch the function to `SECURITY INVOKER`, or move it out of your exposed API schema if signed-in users should not call it.","Function `public.add_user_points(p_user_id uuid, p_amount integer, p_action text, p_description text, p_metadata jsonb)` can be executed by the `authenticated` role as a `SECURITY DEFINER` function via `/rest/v1/rpc/add_user_points`. Revoke `EXECUTE` or switch it to `SECURITY INVOKER` if that is not intentional.",https://supabase.com/docs/guides/database/database-linter?lint=0029_authenticated_security_definer_function_executable,"{""name"":""add_user_points"",""schema"":""public"",""language"":""plpgsql"",""arguments"":""p_user_id uuid, p_amount integer, p_action text, p_description text, p_metadata jsonb"",""security_definer"":true}","authenticated_security_definer_function_executable_public_add_user_points_p_user_id uuid, p_amount integer, p_action text, p_description text, p_metadata jsonb"
authenticated_security_definer_function_executable,Signed-In Users Can Execute SECURITY DEFINER Function,WARN,EXTERNAL,"[""SECURITY""]","Detects `SECURITY DEFINER` functions that are callable by signed-in users. Revoke `EXECUTE`, switch the function to `SECURITY INVOKER`, or move it out of your exposed API schema if signed-in users should not call it.",Function `public.ask_nps_on_signature_verified()` can be executed by the `authenticated` role as a `SECURITY DEFINER` function via `/rest/v1/rpc/ask_nps_on_signature_verified`. Revoke `EXECUTE` or switch it to `SECURITY INVOKER` if that is not intentional.,https://supabase.com/docs/guides/database/database-linter?lint=0029_authenticated_security_definer_function_executable,"{""name"":""ask_nps_on_signature_verified"",""schema"":""public"",""language"":""plpgsql"",""arguments"":"""",""security_definer"":true}",authenticated_security_definer_function_executable_public_ask_nps_on_signature_verified_
authenticated_security_definer_function_executable,Signed-In Users Can Execute SECURITY DEFINER Function,WARN,EXTERNAL,"[""SECURITY""]","Detects `SECURITY DEFINER` functions that are callable by signed-in users. Revoke `EXECUTE`, switch the function to `SECURITY INVOKER`, or move it out of your exposed API schema if signed-in users should not call it.",Function `public.auto_assign_admin_role()` can be executed by the `authenticated` role as a `SECURITY DEFINER` function via `/rest/v1/rpc/auto_assign_admin_role`. Revoke `EXECUTE` or switch it to `SECURITY INVOKER` if that is not intentional.,https://supabase.com/docs/guides/database/database-linter?lint=0029_authenticated_security_definer_function_executable,"{""name"":""auto_assign_admin_role"",""schema"":""public"",""language"":""plpgsql"",""arguments"":"""",""security_definer"":true}",authenticated_security_definer_function_executable_public_auto_assign_admin_role_
authenticated_security_definer_function_executable,Signed-In Users Can Execute SECURITY DEFINER Function,WARN,EXTERNAL,"[""SECURITY""]","Detects `SECURITY DEFINER` functions that are callable by signed-in users. Revoke `EXECUTE`, switch the function to `SECURITY INVOKER`, or move it out of your exposed API schema if signed-in users should not call it.","Function `public.award_action_badge(p_user_id uuid, p_badge_name text)` can be executed by the `authenticated` role as a `SECURITY DEFINER` function via `/rest/v1/rpc/award_action_badge`. Revoke `EXECUTE` or switch it to `SECURITY INVOKER` if that is not intentional.",https://supabase.com/docs/guides/database/database-linter?lint=0029_authenticated_security_definer_function_executable,"{""name"":""award_action_badge"",""schema"":""public"",""language"":""plpgsql"",""arguments"":""p_user_id uuid, p_badge_name text"",""security_definer"":true}","authenticated_security_definer_function_executable_public_award_action_badge_p_user_id uuid, p_badge_name text"
authenticated_security_definer_function_executable,Signed-In Users Can Execute SECURITY DEFINER Function,WARN,EXTERNAL,"[""SECURITY""]","Detects `SECURITY DEFINER` functions that are callable by signed-in users. Revoke `EXECUTE`, switch the function to `SECURITY INVOKER`, or move it out of your exposed API schema if signed-in users should not call it.","Function `public.award_badge(p_user_id uuid, p_badge_name text)` can be executed by the `authenticated` role as a `SECURITY DEFINER` function via `/rest/v1/rpc/award_badge`. Revoke `EXECUTE` or switch it to `SECURITY INVOKER` if that is not intentional.",https://supabase.com/docs/guides/database/database-linter?lint=0029_authenticated_security_definer_function_executable,"{""name"":""award_badge"",""schema"":""public"",""language"":""plpgsql"",""arguments"":""p_user_id uuid, p_badge_name text"",""security_definer"":true}","authenticated_security_definer_function_executable_public_award_badge_p_user_id uuid, p_badge_name text"
authenticated_security_definer_function_executable,Signed-In Users Can Execute SECURITY DEFINER Function,WARN,EXTERNAL,"[""SECURITY""]","Detects `SECURITY DEFINER` functions that are callable by signed-in users. Revoke `EXECUTE`, switch the function to `SECURITY INVOKER`, or move it out of your exposed API schema if signed-in users should not call it.","Function `public.award_civic_credits(recipient_id uuid, points integer, action_name text, note text)` can be executed by the `authenticated` role as a `SECURITY DEFINER` function via `/rest/v1/rpc/award_civic_credits`. Revoke `EXECUTE` or switch it to `SECURITY INVOKER` if that is not intentional.",https://supabase.com/docs/guides/database/database-linter?lint=0029_authenticated_security_definer_function_executable,"{""name"":""award_civic_credits"",""schema"":""public"",""language"":""plpgsql"",""arguments"":""recipient_id uuid, points integer, action_name text, note text"",""security_definer"":true}","authenticated_security_definer_function_executable_public_award_civic_credits_recipient_id uuid, points integer, action_name text, note text"
authenticated_security_definer_function_executable,Signed-In Users Can Execute SECURITY DEFINER Function,WARN,EXTERNAL,"[""SECURITY""]","Detects `SECURITY DEFINER` functions that are callable by signed-in users. Revoke `EXECUTE`, switch the function to `SECURITY INVOKER`, or move it out of your exposed API schema if signed-in users should not call it.","Function `public.award_points(p_user_id uuid, p_action text, p_source_type text, p_source_id uuid, p_metadata jsonb)` can be executed by the `authenticated` role as a `SECURITY DEFINER` function via `/rest/v1/rpc/award_points`. Revoke `EXECUTE` or switch it to `SECURITY INVOKER` if that is not intentional.",https://supabase.com/docs/guides/database/database-linter?lint=0029_authenticated_security_definer_function_executable,"{""name"":""award_points"",""schema"":""public"",""language"":""plpgsql"",""arguments"":""p_user_id uuid, p_action text, p_source_type text, p_source_id uuid, p_metadata jsonb"",""security_definer"":true}","authenticated_security_definer_function_executable_public_award_points_p_user_id uuid, p_action text, p_source_type text, p_source_id uuid, p_metadata jsonb"
authenticated_security_definer_function_executable,Signed-In Users Can Execute SECURITY DEFINER Function,WARN,EXTERNAL,"[""SECURITY""]","Detects `SECURITY DEFINER` functions that are callable by signed-in users. Revoke `EXECUTE`, switch the function to `SECURITY INVOKER`, or move it out of your exposed API schema if signed-in users should not call it.",Function `public.award_reading_milestone(p_user_id uuid)` can be executed by the `authenticated` role as a `SECURITY DEFINER` function via `/rest/v1/rpc/award_reading_milestone`. Revoke `EXECUTE` or switch it to `SECURITY INVOKER` if that is not intentional.,https://supabase.com/docs/guides/database/database-linter?lint=0029_authenticated_security_definer_function_executable,"{""name"":""award_reading_milestone"",""schema"":""public"",""language"":""plpgsql"",""arguments"":""p_user_id uuid"",""security_definer"":true}",authenticated_security_definer_function_executable_public_award_reading_milestone_p_user_id uuid
authenticated_security_definer_function_executable,Signed-In Users Can Execute SECURITY DEFINER Function,WARN,EXTERNAL,"[""SECURITY""]","Detects `SECURITY DEFINER` functions that are callable by signed-in users. Revoke `EXECUTE`, switch the function to `SECURITY INVOKER`, or move it out of your exposed API schema if signed-in users should not call it.",Function `public.check_and_award_badges()` can be executed by the `authenticated` role as a `SECURITY DEFINER` function via `/rest/v1/rpc/check_and_award_badges`. Revoke `EXECUTE` or switch it to `SECURITY INVOKER` if that is not intentional.,https://supabase.com/docs/guides/database/database-linter?lint=0029_authenticated_security_definer_function_executable,"{""name"":""check_and_award_badges"",""schema"":""public"",""language"":""plpgsql"",""arguments"":"""",""security_definer"":true}",authenticated_security_definer_function_executable_public_check_and_award_badges_
authenticated_security_definer_function_executable,Signed-In Users Can Execute SECURITY DEFINER Function,WARN,EXTERNAL,"[""SECURITY""]","Detects `SECURITY DEFINER` functions that are callable by signed-in users. Revoke `EXECUTE`, switch the function to `SECURITY INVOKER`, or move it out of your exposed API schema if signed-in users should not call it.",Function `public.check_badge_thresholds()` can be executed by the `authenticated` role as a `SECURITY DEFINER` function via `/rest/v1/rpc/check_badge_thresholds`. Revoke `EXECUTE` or switch it to `SECURITY INVOKER` if that is not intentional.,https://supabase.com/docs/guides/database/database-linter?lint=0029_authenticated_security_definer_function_executable,"{""name"":""check_badge_thresholds"",""schema"":""public"",""language"":""plpgsql"",""arguments"":"""",""security_definer"":true}",authenticated_security_definer_function_executable_public_check_badge_thresholds_
authenticated_security_definer_function_executable,Signed-In Users Can Execute SECURITY DEFINER Function,WARN,EXTERNAL,"[""SECURITY""]","Detects `SECURITY DEFINER` functions that are callable by signed-in users. Revoke `EXECUTE`, switch the function to `SECURITY INVOKER`, or move it out of your exposed API schema if signed-in users should not call it.",Function `public.check_bill_follow_badges()` can be executed by the `authenticated` role as a `SECURITY DEFINER` function via `/rest/v1/rpc/check_bill_follow_badges`. Revoke `EXECUTE` or switch it to `SECURITY INVOKER` if that is not intentional.,https://supabase.com/docs/guides/database/database-linter?lint=0029_authenticated_security_definer_function_executable,"{""name"":""check_bill_follow_badges"",""schema"":""public"",""language"":""plpgsql"",""arguments"":"""",""security_definer"":true}",authenticated_security_definer_function_executable_public_check_bill_follow_badges_
authenticated_security_definer_function_executable,Signed-In Users Can Execute SECURITY DEFINER Function,WARN,EXTERNAL,"[""SECURITY""]","Detects `SECURITY DEFINER` functions that are callable by signed-in users. Revoke `EXECUTE`, switch the function to `SECURITY INVOKER`, or move it out of your exposed API schema if signed-in users should not call it.","Function `public.check_chat_permission(p_user_id uuid, p_room_id text)` can be executed by the `authenticated` role as a `SECURITY DEFINER` function via `/rest/v1/rpc/check_chat_permission`. Revoke `EXECUTE` or switch it to `SECURITY INVOKER` if that is not intentional.",https://supabase.com/docs/guides/database/database-linter?lint=0029_authenticated_security_definer_function_executable,"{""name"":""check_chat_permission"",""schema"":""public"",""language"":""plpgsql"",""arguments"":""p_user_id uuid, p_room_id text"",""security_definer"":true}","authenticated_security_definer_function_executable_public_check_chat_permission_p_user_id uuid, p_room_id text"
authenticated_security_definer_function_executable,Signed-In Users Can Execute SECURITY DEFINER Function,WARN,EXTERNAL,"[""SECURITY""]","Detects `SECURITY DEFINER` functions that are callable by signed-in users. Revoke `EXECUTE`, switch the function to `SECURITY INVOKER`, or move it out of your exposed API schema if signed-in users should not call it.",Function `public.check_discussion_start_badges()` can be executed by the `authenticated` role as a `SECURITY DEFINER` function via `/rest/v1/rpc/check_discussion_start_badges`. Revoke `EXECUTE` or switch it to `SECURITY INVOKER` if that is not intentional.,https://supabase.com/docs/guides/database/database-linter?lint=0029_authenticated_security_definer_function_executable,"{""name"":""check_discussion_start_badges"",""schema"":""public"",""language"":""plpgsql"",""arguments"":"""",""security_definer"":true}",authenticated_security_definer_function_executable_public_check_discussion_start_badges_
authenticated_security_definer_function_executable,Signed-In Users Can Execute SECURITY DEFINER Function,WARN,EXTERNAL,"[""SECURITY""]","Detects `SECURITY DEFINER` functions that are callable by signed-in users. Revoke `EXECUTE`, switch the function to `SECURITY INVOKER`, or move it out of your exposed API schema if signed-in users should not call it.",Function `public.check_memo_signature_badges()` can be executed by the `authenticated` role as a `SECURITY DEFINER` function via `/rest/v1/rpc/check_memo_signature_badges`. Revoke `EXECUTE` or switch it to `SECURITY INVOKER` if that is not intentional.,https://supabase.com/docs/guides/database/database-linter?lint=0029_authenticated_security_definer_function_executable,"{""name"":""check_memo_signature_badges"",""schema"":""public"",""language"":""plpgsql"",""arguments"":"""",""security_definer"":true}",authenticated_security_definer_function_executable_public_check_memo_signature_badges_
authenticated_security_definer_function_executable,Signed-In Users Can Execute SECURITY DEFINER Function,WARN,EXTERNAL,"[""SECURITY""]","Detects `SECURITY DEFINER` functions that are callable by signed-in users. Revoke `EXECUTE`, switch the function to `SECURITY INVOKER`, or move it out of your exposed API schema if signed-in users should not call it.",Function `public.check_reply_badges()` can be executed by the `authenticated` role as a `SECURITY DEFINER` function via `/rest/v1/rpc/check_reply_badges`. Revoke `EXECUTE` or switch it to `SECURITY INVOKER` if that is not intentional.,https://supabase.com/docs/guides/database/database-linter?lint=0029_authenticated_security_definer_function_executable,"{""name"":""check_reply_badges"",""schema"":""public"",""language"":""plpgsql"",""arguments"":"""",""security_definer"":true}",authenticated_security_definer_function_executable_public_check_reply_badges_
authenticated_security_definer_function_executable,Signed-In Users Can Execute SECURITY DEFINER Function,WARN,EXTERNAL,"[""SECURITY""]","Detects `SECURITY DEFINER` functions that are callable by signed-in users. Revoke `EXECUTE`, switch the function to `SECURITY INVOKER`, or move it out of your exposed API schema if signed-in users should not call it.",Function `public.check_report_status(p_token text)` can be executed by the `authenticated` role as a `SECURITY DEFINER` function via `/rest/v1/rpc/check_report_status`. Revoke `EXECUTE` or switch it to `SECURITY INVOKER` if that is not intentional.,https://supabase.com/docs/guides/database/database-linter?lint=0029_authenticated_security_definer_function_executable,"{""name"":""check_report_status"",""schema"":""public"",""language"":""plpgsql"",""arguments"":""p_token text"",""security_definer"":true}",authenticated_security_definer_function_executable_public_check_report_status_p_token text
authenticated_security_definer_function_executable,Signed-In Users Can Execute SECURITY DEFINER Function,WARN,EXTERNAL,"[""SECURITY""]","Detects `SECURITY DEFINER` functions that are callable by signed-in users. Revoke `EXECUTE`, switch the function to `SECURITY INVOKER`, or move it out of your exposed API schema if signed-in users should not call it.",Function `public.check_user_is_admin()` can be executed by the `authenticated` role as a `SECURITY DEFINER` function via `/rest/v1/rpc/check_user_is_admin`. Revoke `EXECUTE` or switch it to `SECURITY INVOKER` if that is not intentional.,https://supabase.com/docs/guides/database/database-linter?lint=0029_authenticated_security_definer_function_executable,"{""name"":""check_user_is_admin"",""schema"":""public"",""language"":""plpgsql"",""arguments"":"""",""security_definer"":true}",authenticated_security_definer_function_executable_public_check_user_is_admin_
authenticated_security_definer_function_executable,Signed-In Users Can Execute SECURITY DEFINER Function,WARN,EXTERNAL,"[""SECURITY""]","Detects `SECURITY DEFINER` functions that are callable by signed-in users. Revoke `EXECUTE`, switch the function to `SECURITY INVOKER`, or move it out of your exposed API schema if signed-in users should not call it.",Function `public.check_user_is_moderator()` can be executed by the `authenticated` role as a `SECURITY DEFINER` function via `/rest/v1/rpc/check_user_is_moderator`. Revoke `EXECUTE` or switch it to `SECURITY INVOKER` if that is not intentional.,https://supabase.com/docs/guides/database/database-linter?lint=0029_authenticated_security_definer_function_executable,"{""name"":""check_user_is_moderator"",""schema"":""public"",""language"":""plpgsql"",""arguments"":"""",""security_definer"":true}",authenticated_security_definer_function_executable_public_check_user_is_moderator_
authenticated_security_definer_function_executable,Signed-In Users Can Execute SECURITY DEFINER Function,WARN,EXTERNAL,"[""SECURITY""]","Detects `SECURITY DEFINER` functions that are callable by signed-in users. Revoke `EXECUTE`, switch the function to `SECURITY INVOKER`, or move it out of your exposed API schema if signed-in users should not call it.",Function `public.cleanup_expired_admin_sessions()` can be executed by the `authenticated` role as a `SECURITY DEFINER` function via `/rest/v1/rpc/cleanup_expired_admin_sessions`. Revoke `EXECUTE` or switch it to `SECURITY INVOKER` if that is not intentional.,https://supabase.com/docs/guides/database/database-linter?lint=0029_authenticated_security_definer_function_executable,"{""name"":""cleanup_expired_admin_sessions"",""schema"":""public"",""language"":""plpgsql"",""arguments"":"""",""security_definer"":true}",authenticated_security_definer_function_executable_public_cleanup_expired_admin_sessions_
authenticated_security_definer_function_executable,Signed-In Users Can Execute SECURITY DEFINER Function,WARN,EXTERNAL,"[""SECURITY""]","Detects `SECURITY DEFINER` functions that are callable by signed-in users. Revoke `EXECUTE`, switch the function to `SECURITY INVOKER`, or move it out of your exposed API schema if signed-in users should not call it.",Function `public.cleanup_expired_processing_jobs()` can be executed by the `authenticated` role as a `SECURITY DEFINER` function via `/rest/v1/rpc/cleanup_expired_processing_jobs`. Revoke `EXECUTE` or switch it to `SECURITY INVOKER` if that is not intentional.,https://supabase.com/docs/guides/database/database-linter?lint=0029_authenticated_security_definer_function_executable,"{""name"":""cleanup_expired_processing_jobs"",""schema"":""public"",""language"":""plpgsql"",""arguments"":"""",""security_definer"":true}",authenticated_security_definer_function_executable_public_cleanup_expired_processing_jobs_
authenticated_security_definer_function_executable,Signed-In Users Can Execute SECURITY DEFINER Function,WARN,EXTERNAL,"[""SECURITY""]","Detects `SECURITY DEFINER` functions that are callable by signed-in users. Revoke `EXECUTE`, switch the function to `SECURITY INVOKER`, or move it out of your exposed API schema if signed-in users should not call it.",Function `public.create_admin_notification()` can be executed by the `authenticated` role as a `SECURITY DEFINER` function via `/rest/v1/rpc/create_admin_notification`. Revoke `EXECUTE` or switch it to `SECURITY INVOKER` if that is not intentional.,https://supabase.com/docs/guides/database/database-linter?lint=0029_authenticated_security_definer_function_executable,"{""name"":""create_admin_notification"",""schema"":""public"",""language"":""plpgsql"",""arguments"":"""",""security_definer"":true}",authenticated_security_definer_function_executable_public_create_admin_notification_
authenticated_security_definer_function_executable,Signed-In Users Can Execute SECURITY DEFINER Function,WARN,EXTERNAL,"[""SECURITY""]","Detects `SECURITY DEFINER` functions that are callable by signed-in users. Revoke `EXECUTE`, switch the function to `SECURITY INVOKER`, or move it out of your exposed API schema if signed-in users should not call it.","Function `public.create_admin_session(p_user_id uuid, p_email text)` can be executed by the `authenticated` role as a `SECURITY DEFINER` function via `/rest/v1/rpc/create_admin_session`. Revoke `EXECUTE` or switch it to `SECURITY INVOKER` if that is not intentional.",https://supabase.com/docs/guides/database/database-linter?lint=0029_authenticated_security_definer_function_executable,"{""name"":""create_admin_session"",""schema"":""public"",""language"":""plpgsql"",""arguments"":""p_user_id uuid, p_email text"",""security_definer"":true}","authenticated_security_definer_function_executable_public_create_admin_session_p_user_id uuid, p_email text"
authenticated_security_definer_function_executable,Signed-In Users Can Execute SECURITY DEFINER Function,WARN,EXTERNAL,"[""SECURITY""]","Detects `SECURITY DEFINER` functions that are callable by signed-in users. Revoke `EXECUTE`, switch the function to `SECURITY INVOKER`, or move it out of your exposed API schema if signed-in users should not call it.","Function `public.create_community_profile(p_full_name text, p_email text, p_county text, p_bio text, p_interests jsonb, p_areas_of_interest jsonb)` can be executed by the `authenticated` role as a `SECURITY DEFINER` function via `/rest/v1/rpc/create_community_profile`. Revoke `EXECUTE` or switch it to `SECURITY INVOKER` if that is not intentional.",https://supabase.com/docs/guides/database/database-linter?lint=0029_authenticated_security_definer_function_executable,"{""name"":""create_community_profile"",""schema"":""public"",""language"":""plpgsql"",""arguments"":""p_full_name text, p_email text, p_county text, p_bio text, p_interests jsonb, p_areas_of_interest jsonb"",""security_definer"":true}","authenticated_security_definer_function_executable_public_create_community_profile_p_full_name text, p_email text, p_county text, p_bio text, p_interests jsonb, p_areas_of_interest jsonb"
authenticated_security_definer_function_executable,Signed-In Users Can Execute SECURITY DEFINER Function,WARN,EXTERNAL,"[""SECURITY""]","Detects `SECURITY DEFINER` functions that are callable by signed-in users. Revoke `EXECUTE`, switch the function to `SECURITY INVOKER`, or move it out of your exposed API schema if signed-in users should not call it.","Function `public.create_notification(p_user_id uuid, p_source_type text, p_source_id uuid, p_actor_id uuid, p_title text, p_message text, p_link text, p_image_url text, p_priority text, p_metadata jsonb)` can be executed by the `authenticated` role as a `SECURITY DEFINER` function via `/rest/v1/rpc/create_notification`. Revoke `EXECUTE` or switch it to `SECURITY INVOKER` if that is not intentional.",https://supabase.com/docs/guides/database/database-linter?lint=0029_authenticated_security_definer_function_executable,"{""name"":""create_notification"",""schema"":""public"",""language"":""plpgsql"",""arguments"":""p_user_id uuid, p_source_type text, p_source_id uuid, p_actor_id uuid, p_title text, p_message text, p_link text, p_image_url text, p_priority text, p_metadata jsonb"",""security_definer"":true}","authenticated_security_definer_function_executable_public_create_notification_p_user_id uuid, p_source_type text, p_source_id uuid, p_actor_id uuid, p_title text, p_message text, p_link text, p_image_url text, p_priority text, p_metadata jsonb"
authenticated_security_definer_function_executable,Signed-In Users Can Execute SECURITY DEFINER Function,WARN,EXTERNAL,"[""SECURITY""]","Detects `SECURITY DEFINER` functions that are callable by signed-in users. Revoke `EXECUTE`, switch the function to `SECURITY INVOKER`, or move it out of your exposed API schema if signed-in users should not call it.",Function `public.escalate_stale_pending()` can be executed by the `authenticated` role as a `SECURITY DEFINER` function via `/rest/v1/rpc/escalate_stale_pending`. Revoke `EXECUTE` or switch it to `SECURITY INVOKER` if that is not intentional.,https://supabase.com/docs/guides/database/database-linter?lint=0029_authenticated_security_definer_function_executable,"{""name"":""escalate_stale_pending"",""schema"":""public"",""language"":""plpgsql"",""arguments"":"""",""security_definer"":true}",authenticated_security_definer_function_executable_public_escalate_stale_pending_
authenticated_security_definer_function_executable,Signed-In Users Can Execute SECURITY DEFINER Function,WARN,EXTERNAL,"[""SECURITY""]","Detects `SECURITY DEFINER` functions that are callable by signed-in users. Revoke `EXECUTE`, switch the function to `SECURITY INVOKER`, or move it out of your exposed API schema if signed-in users should not call it.",Function `public.get_activity_timeline(days_back integer)` can be executed by the `authenticated` role as a `SECURITY DEFINER` function via `/rest/v1/rpc/get_activity_timeline`. Revoke `EXECUTE` or switch it to `SECURITY INVOKER` if that is not intentional.,https://supabase.com/docs/guides/database/database-linter?lint=0029_authenticated_security_definer_function_executable,"{""name"":""get_activity_timeline"",""schema"":""public"",""language"":""plpgsql"",""arguments"":""days_back integer"",""security_definer"":true}",authenticated_security_definer_function_executable_public_get_activity_timeline_days_back integer
authenticated_security_definer_function_executable,Signed-In Users Can Execute SECURITY DEFINER Function,WARN,EXTERNAL,"[""SECURITY""]","Detects `SECURITY DEFINER` functions that are callable by signed-in users. Revoke `EXECUTE`, switch the function to `SECURITY INVOKER`, or move it out of your exposed API schema if signed-in users should not call it.",Function `public.get_bill_by_slug_or_id(identifier text)` can be executed by the `authenticated` role as a `SECURITY DEFINER` function via `/rest/v1/rpc/get_bill_by_slug_or_id`. Revoke `EXECUTE` or switch it to `SECURITY INVOKER` if that is not intentional.,https://supabase.com/docs/guides/database/database-linter?lint=0029_authenticated_security_definer_function_executable,"{""name"":""get_bill_by_slug_or_id"",""schema"":""public"",""language"":""sql"",""arguments"":""identifier text"",""security_definer"":true}",authenticated_security_definer_function_executable_public_get_bill_by_slug_or_id_identifier text
authenticated_security_definer_function_executable,Signed-In Users Can Execute SECURITY DEFINER Function,WARN,EXTERNAL,"[""SECURITY""]","Detects `SECURITY DEFINER` functions that are callable by signed-in users. Revoke `EXECUTE`, switch the function to `SECURITY INVOKER`, or move it out of your exposed API schema if signed-in users should not call it.",Function `public.get_community_intelligence()` can be executed by the `authenticated` role as a `SECURITY DEFINER` function via `/rest/v1/rpc/get_community_intelligence`. Revoke `EXECUTE` or switch it to `SECURITY INVOKER` if that is not intentional.,https://supabase.com/docs/guides/database/database-linter?lint=0029_authenticated_security_definer_function_executable,"{""name"":""get_community_intelligence"",""schema"":""public"",""language"":""plpgsql"",""arguments"":"""",""security_definer"":true}",authenticated_security_definer_function_executable_public_get_community_intelligence_
authenticated_security_definer_function_executable,Signed-In Users Can Execute SECURITY DEFINER Function,WARN,EXTERNAL,"[""SECURITY""]","Detects `SECURITY DEFINER` functions that are callable by signed-in users. Revoke `EXECUTE`, switch the function to `SECURITY INVOKER`, or move it out of your exposed API schema if signed-in users should not call it.",Function `public.get_dashboard_stats()` can be executed by the `authenticated` role as a `SECURITY DEFINER` function via `/rest/v1/rpc/get_dashboard_stats`. Revoke `EXECUTE` or switch it to `SECURITY INVOKER` if that is not intentional.,https://supabase.com/docs/guides/database/database-linter?lint=0029_authenticated_security_definer_function_executable,"{""name"":""get_dashboard_stats"",""schema"":""public"",""language"":""plpgsql"",""arguments"":"""",""security_definer"":true}",authenticated_security_definer_function_executable_public_get_dashboard_stats_
authenticated_security_definer_function_executable,Signed-In Users Can Execute SECURITY DEFINER Function,WARN,EXTERNAL,"[""SECURITY""]","Detects `SECURITY DEFINER` functions that are callable by signed-in users. Revoke `EXECUTE`, switch the function to `SECURITY INVOKER`, or move it out of your exposed API schema if signed-in users should not call it.",Function `public.get_enrichment_chip_counts(chip_tags text[])` can be executed by the `authenticated` role as a `SECURITY DEFINER` function via `/rest/v1/rpc/get_enrichment_chip_counts`. Revoke `EXECUTE` or switch it to `SECURITY INVOKER` if that is not intentional.,https://supabase.com/docs/guides/database/database-linter?lint=0029_authenticated_security_definer_function_executable,"{""name"":""get_enrichment_chip_counts"",""schema"":""public"",""language"":""plpgsql"",""arguments"":""chip_tags text[]"",""security_definer"":true}",authenticated_security_definer_function_executable_public_get_enrichment_chip_counts_chip_tags text[]
authenticated_security_definer_function_executable,Signed-In Users Can Execute SECURITY DEFINER Function,WARN,EXTERNAL,"[""SECURITY""]","Detects `SECURITY DEFINER` functions that are callable by signed-in users. Revoke `EXECUTE`, switch the function to `SECURITY INVOKER`, or move it out of your exposed API schema if signed-in users should not call it.",Function `public.get_mailing_mesh_status()` can be executed by the `authenticated` role as a `SECURITY DEFINER` function via `/rest/v1/rpc/get_mailing_mesh_status`. Revoke `EXECUTE` or switch it to `SECURITY INVOKER` if that is not intentional.,https://supabase.com/docs/guides/database/database-linter?lint=0029_authenticated_security_definer_function_executable,"{""name"":""get_mailing_mesh_status"",""schema"":""public"",""language"":""plpgsql"",""arguments"":"""",""security_definer"":true}",authenticated_security_definer_function_executable_public_get_mailing_mesh_status_
authenticated_security_definer_function_executable,Signed-In Users Can Execute SECURITY DEFINER Function,WARN,EXTERNAL,"[""SECURITY""]","Detects `SECURITY DEFINER` functions that are callable by signed-in users. Revoke `EXECUTE`, switch the function to `SECURITY INVOKER`, or move it out of your exposed API schema if signed-in users should not call it.","Function `public.get_next_translation_task(p_lang_code text, p_user_id uuid)` can be executed by the `authenticated` role as a `SECURITY DEFINER` function via `/rest/v1/rpc/get_next_translation_task`. Revoke `EXECUTE` or switch it to `SECURITY INVOKER` if that is not intentional.",https://supabase.com/docs/guides/database/database-linter?lint=0029_authenticated_security_definer_function_executable,"{""name"":""get_next_translation_task"",""schema"":""public"",""language"":""plpgsql"",""arguments"":""p_lang_code text, p_user_id uuid"",""security_definer"":true}","authenticated_security_definer_function_executable_public_get_next_translation_task_p_lang_code text, p_user_id uuid"
authenticated_security_definer_function_executable,Signed-In Users Can Execute SECURITY DEFINER Function,WARN,EXTERNAL,"[""SECURITY""]","Detects `SECURITY DEFINER` functions that are callable by signed-in users. Revoke `EXECUTE`, switch the function to `SECURITY INVOKER`, or move it out of your exposed API schema if signed-in users should not call it.",Function `public.get_processing_job_status(job_id uuid)` can be executed by the `authenticated` role as a `SECURITY DEFINER` function via `/rest/v1/rpc/get_processing_job_status`. Revoke `EXECUTE` or switch it to `SECURITY INVOKER` if that is not intentional.,https://supabase.com/docs/guides/database/database-linter?lint=0029_authenticated_security_definer_function_executable,"{""name"":""get_processing_job_status"",""schema"":""public"",""language"":""plpgsql"",""arguments"":""job_id uuid"",""security_definer"":true}",authenticated_security_definer_function_executable_public_get_processing_job_status_job_id uuid
authenticated_security_definer_function_executable,Signed-In Users Can Execute SECURITY DEFINER Function,WARN,EXTERNAL,"[""SECURITY""]","Detects `SECURITY DEFINER` functions that are callable by signed-in users. Revoke `EXECUTE`, switch the function to `SECURITY INVOKER`, or move it out of your exposed API schema if signed-in users should not call it.",Function `public.get_public_stats()` can be executed by the `authenticated` role as a `SECURITY DEFINER` function via `/rest/v1/rpc/get_public_stats`. Revoke `EXECUTE` or switch it to `SECURITY INVOKER` if that is not intentional.,https://supabase.com/docs/guides/database/database-linter?lint=0029_authenticated_security_definer_function_executable,"{""name"":""get_public_stats"",""schema"":""public"",""language"":""plpgsql"",""arguments"":"""",""security_definer"":true}",authenticated_security_definer_function_executable_public_get_public_stats_
authenticated_security_definer_function_executable,Signed-In Users Can Execute SECURITY DEFINER Function,WARN,EXTERNAL,"[""SECURITY""]","Detects `SECURITY DEFINER` functions that are callable by signed-in users. Revoke `EXECUTE`, switch the function to `SECURITY INVOKER`, or move it out of your exposed API schema if signed-in users should not call it.","Function `public.get_resource_view_count(p_resource_id text, p_resource_type text)` can be executed by the `authenticated` role as a `SECURITY DEFINER` function via `/rest/v1/rpc/get_resource_view_count`. Revoke `EXECUTE` or switch it to `SECURITY INVOKER` if that is not intentional.",https://supabase.com/docs/guides/database/database-linter?lint=0029_authenticated_security_definer_function_executable,"{""name"":""get_resource_view_count"",""schema"":""public"",""language"":""sql"",""arguments"":""p_resource_id text, p_resource_type text"",""security_definer"":true}","authenticated_security_definer_function_executable_public_get_resource_view_count_p_resource_id text, p_resource_type text"
authenticated_security_definer_function_executable,Signed-In Users Can Execute SECURITY DEFINER Function,WARN,EXTERNAL,"[""SECURITY""]","Detects `SECURITY DEFINER` functions that are callable by signed-in users. Revoke `EXECUTE`, switch the function to `SECURITY INVOKER`, or move it out of your exposed API schema if signed-in users should not call it.",Function `public.get_translation_progress(p_project_slug text)` can be executed by the `authenticated` role as a `SECURITY DEFINER` function via `/rest/v1/rpc/get_translation_progress`. Revoke `EXECUTE` or switch it to `SECURITY INVOKER` if that is not intentional.,https://supabase.com/docs/guides/database/database-linter?lint=0029_authenticated_security_definer_function_executable,"{""name"":""get_translation_progress"",""schema"":""public"",""language"":""plpgsql"",""arguments"":""p_project_slug text"",""security_definer"":true}",authenticated_security_definer_function_executable_public_get_translation_progress_p_project_slug text
authenticated_security_definer_function_executable,Signed-In Users Can Execute SECURITY DEFINER Function,WARN,EXTERNAL,"[""SECURITY""]","Detects `SECURITY DEFINER` functions that are callable by signed-in users. Revoke `EXECUTE`, switch the function to `SECURITY INVOKER`, or move it out of your exposed API schema if signed-in users should not call it.",Function `public.get_trending_bills(limit_count integer)` can be executed by the `authenticated` role as a `SECURITY DEFINER` function via `/rest/v1/rpc/get_trending_bills`. Revoke `EXECUTE` or switch it to `SECURITY INVOKER` if that is not intentional.,https://supabase.com/docs/guides/database/database-linter?lint=0029_authenticated_security_definer_function_executable,"{""name"":""get_trending_bills"",""schema"":""public"",""language"":""plpgsql"",""arguments"":""limit_count integer"",""security_definer"":true}",authenticated_security_definer_function_executable_public_get_trending_bills_limit_count integer
authenticated_security_definer_function_executable,Signed-In Users Can Execute SECURITY DEFINER Function,WARN,EXTERNAL,"[""SECURITY""]","Detects `SECURITY DEFINER` functions that are callable by signed-in users. Revoke `EXECUTE`, switch the function to `SECURITY INVOKER`, or move it out of your exposed API schema if signed-in users should not call it.",Function `public.handle_admin_promotion()` can be executed by the `authenticated` role as a `SECURITY DEFINER` function via `/rest/v1/rpc/handle_admin_promotion`. Revoke `EXECUTE` or switch it to `SECURITY INVOKER` if that is not intentional.,https://supabase.com/docs/guides/database/database-linter?lint=0029_authenticated_security_definer_function_executable,"{""name"":""handle_admin_promotion"",""schema"":""public"",""language"":""plpgsql"",""arguments"":"""",""security_definer"":true}",authenticated_security_definer_function_executable_public_handle_admin_promotion_
authenticated_security_definer_function_executable,Signed-In Users Can Execute SECURITY DEFINER Function,WARN,EXTERNAL,"[""SECURITY""]","Detects `SECURITY DEFINER` functions that are callable by signed-in users. Revoke `EXECUTE`, switch the function to `SECURITY INVOKER`, or move it out of your exposed API schema if signed-in users should not call it.",Function `public.handle_new_user()` can be executed by the `authenticated` role as a `SECURITY DEFINER` function via `/rest/v1/rpc/handle_new_user`. Revoke `EXECUTE` or switch it to `SECURITY INVOKER` if that is not intentional.,https://supabase.com/docs/guides/database/database-linter?lint=0029_authenticated_security_definer_function_executable,"{""name"":""handle_new_user"",""schema"":""public"",""language"":""plpgsql"",""arguments"":"""",""security_definer"":true}",authenticated_security_definer_function_executable_public_handle_new_user_
authenticated_security_definer_function_executable,Signed-In Users Can Execute SECURITY DEFINER Function,WARN,EXTERNAL,"[""SECURITY""]","Detects `SECURITY DEFINER` functions that are callable by signed-in users. Revoke `EXECUTE`, switch the function to `SECURITY INVOKER`, or move it out of your exposed API schema if signed-in users should not call it.",Function `public.has_admin_role(_user_id uuid)` can be executed by the `authenticated` role as a `SECURITY DEFINER` function via `/rest/v1/rpc/has_admin_role`. Revoke `EXECUTE` or switch it to `SECURITY INVOKER` if that is not intentional.,https://supabase.com/docs/guides/database/database-linter?lint=0029_authenticated_security_definer_function_executable,"{""name"":""has_admin_role"",""schema"":""public"",""language"":""sql"",""arguments"":""_user_id uuid"",""security_definer"":true}",authenticated_security_definer_function_executable_public_has_admin_role__user_id uuid
authenticated_security_definer_function_executable,Signed-In Users Can Execute SECURITY DEFINER Function,WARN,EXTERNAL,"[""SECURITY""]","Detects `SECURITY DEFINER` functions that are callable by signed-in users. Revoke `EXECUTE`, switch the function to `SECURITY INVOKER`, or move it out of your exposed API schema if signed-in users should not call it.",Function `public.increment_bill_views(p_bill_id uuid)` can be executed by the `authenticated` role as a `SECURITY DEFINER` function via `/rest/v1/rpc/increment_bill_views`. Revoke `EXECUTE` or switch it to `SECURITY INVOKER` if that is not intentional.,https://supabase.com/docs/guides/database/database-linter?lint=0029_authenticated_security_definer_function_executable,"{""name"":""increment_bill_views"",""schema"":""public"",""language"":""plpgsql"",""arguments"":""p_bill_id uuid"",""security_definer"":true}",authenticated_security_definer_function_executable_public_increment_bill_views_p_bill_id uuid
authenticated_security_definer_function_executable,Signed-In Users Can Execute SECURITY DEFINER Function,WARN,EXTERNAL,"[""SECURITY""]","Detects `SECURITY DEFINER` functions that are callable by signed-in users. Revoke `EXECUTE`, switch the function to `SECURITY INVOKER`, or move it out of your exposed API schema if signed-in users should not call it.",Function `public.increment_contribution_points(p_user_id uuid)` can be executed by the `authenticated` role as a `SECURITY DEFINER` function via `/rest/v1/rpc/increment_contribution_points`. Revoke `EXECUTE` or switch it to `SECURITY INVOKER` if that is not intentional.,https://supabase.com/docs/guides/database/database-linter?lint=0029_authenticated_security_definer_function_executable,"{""name"":""increment_contribution_points"",""schema"":""public"",""language"":""plpgsql"",""arguments"":""p_user_id uuid"",""security_definer"":true}",authenticated_security_definer_function_executable_public_increment_contribution_points_p_user_id uuid
authenticated_security_definer_function_executable,Signed-In Users Can Execute SECURITY DEFINER Function,WARN,EXTERNAL,"[""SECURITY""]","Detects `SECURITY DEFINER` functions that are callable by signed-in users. Revoke `EXECUTE`, switch the function to `SECURITY INVOKER`, or move it out of your exposed API schema if signed-in users should not call it.",Function `public.increment_template_usage(template_id uuid)` can be executed by the `authenticated` role as a `SECURITY DEFINER` function via `/rest/v1/rpc/increment_template_usage`. Revoke `EXECUTE` or switch it to `SECURITY INVOKER` if that is not intentional.,https://supabase.com/docs/guides/database/database-linter?lint=0029_authenticated_security_definer_function_executable,"{""name"":""increment_template_usage"",""schema"":""public"",""language"":""plpgsql"",""arguments"":""template_id uuid"",""security_definer"":true}",authenticated_security_definer_function_executable_public_increment_template_usage_template_id uuid
authenticated_security_definer_function_executable,Signed-In Users Can Execute SECURITY DEFINER Function,WARN,EXTERNAL,"[""SECURITY""]","Detects `SECURITY DEFINER` functions that are callable by signed-in users. Revoke `EXECUTE`, switch the function to `SECURITY INVOKER`, or move it out of your exposed API schema if signed-in users should not call it.",Function `public.increment_template_views(template_id uuid)` can be executed by the `authenticated` role as a `SECURITY DEFINER` function via `/rest/v1/rpc/increment_template_views`. Revoke `EXECUTE` or switch it to `SECURITY INVOKER` if that is not intentional.,https://supabase.com/docs/guides/database/database-linter?lint=0029_authenticated_security_definer_function_executable,"{""name"":""increment_template_views"",""schema"":""public"",""language"":""plpgsql"",""arguments"":""template_id uuid"",""security_definer"":true}",authenticated_security_definer_function_executable_public_increment_template_views_template_id uuid
authenticated_security_definer_function_executable,Signed-In Users Can Execute SECURITY DEFINER Function,WARN,EXTERNAL,"[""SECURITY""]","Detects `SECURITY DEFINER` functions that are callable by signed-in users. Revoke `EXECUTE`, switch the function to `SECURITY INVOKER`, or move it out of your exposed API schema if signed-in users should not call it.",Function `public.increment_user_action(action_type_param text)` can be executed by the `authenticated` role as a `SECURITY DEFINER` function via `/rest/v1/rpc/increment_user_action`. Revoke `EXECUTE` or switch it to `SECURITY INVOKER` if that is not intentional.,https://supabase.com/docs/guides/database/database-linter?lint=0029_authenticated_security_definer_function_executable,"{""name"":""increment_user_action"",""schema"":""public"",""language"":""plpgsql"",""arguments"":""action_type_param text"",""security_definer"":true}",authenticated_security_definer_function_executable_public_increment_user_action_action_type_param text
authenticated_security_definer_function_executable,Signed-In Users Can Execute SECURITY DEFINER Function,WARN,EXTERNAL,"[""SECURITY""]","Detects `SECURITY DEFINER` functions that are callable by signed-in users. Revoke `EXECUTE`, switch the function to `SECURITY INVOKER`, or move it out of your exposed API schema if signed-in users should not call it.",Function `public.is_admin()` can be executed by the `authenticated` role as a `SECURITY DEFINER` function via `/rest/v1/rpc/is_admin`. Revoke `EXECUTE` or switch it to `SECURITY INVOKER` if that is not intentional.,https://supabase.com/docs/guides/database/database-linter?lint=0029_authenticated_security_definer_function_executable,"{""name"":""is_admin"",""schema"":""public"",""language"":""plpgsql"",""arguments"":"""",""security_definer"":true}",authenticated_security_definer_function_executable_public_is_admin_
authenticated_security_definer_function_executable,Signed-In Users Can Execute SECURITY DEFINER Function,WARN,EXTERNAL,"[""SECURITY""]","Detects `SECURITY DEFINER` functions that are callable by signed-in users. Revoke `EXECUTE`, switch the function to `SECURITY INVOKER`, or move it out of your exposed API schema if signed-in users should not call it.",Function `public.is_admin(user_id uuid)` can be executed by the `authenticated` role as a `SECURITY DEFINER` function via `/rest/v1/rpc/is_admin`. Revoke `EXECUTE` or switch it to `SECURITY INVOKER` if that is not intentional.,https://supabase.com/docs/guides/database/database-linter?lint=0029_authenticated_security_definer_function_executable,"{""name"":""is_admin"",""schema"":""public"",""language"":""plpgsql"",""arguments"":""user_id uuid"",""security_definer"":true}",authenticated_security_definer_function_executable_public_is_admin_user_id uuid
authenticated_security_definer_function_executable,Signed-In Users Can Execute SECURITY DEFINER Function,WARN,EXTERNAL,"[""SECURITY""]","Detects `SECURITY DEFINER` functions that are callable by signed-in users. Revoke `EXECUTE`, switch the function to `SECURITY INVOKER`, or move it out of your exposed API schema if signed-in users should not call it.",Function `public.is_member_of_room(room_id text)` can be executed by the `authenticated` role as a `SECURITY DEFINER` function via `/rest/v1/rpc/is_member_of_room`. Revoke `EXECUTE` or switch it to `SECURITY INVOKER` if that is not intentional.,https://supabase.com/docs/guides/database/database-linter?lint=0029_authenticated_security_definer_function_executable,"{""name"":""is_member_of_room"",""schema"":""public"",""language"":""sql"",""arguments"":""room_id text"",""security_definer"":true}",authenticated_security_definer_function_executable_public_is_member_of_room_room_id text
authenticated_security_definer_function_executable,Signed-In Users Can Execute SECURITY DEFINER Function,WARN,EXTERNAL,"[""SECURITY""]","Detects `SECURITY DEFINER` functions that are callable by signed-in users. Revoke `EXECUTE`, switch the function to `SECURITY INVOKER`, or move it out of your exposed API schema if signed-in users should not call it.","Function `public.link_community_profile(p_profile_id uuid, p_auth_user_id uuid)` can be executed by the `authenticated` role as a `SECURITY DEFINER` function via `/rest/v1/rpc/link_community_profile`. Revoke `EXECUTE` or switch it to `SECURITY INVOKER` if that is not intentional.",https://supabase.com/docs/guides/database/database-linter?lint=0029_authenticated_security_definer_function_executable,"{""name"":""link_community_profile"",""schema"":""public"",""language"":""plpgsql"",""arguments"":""p_profile_id uuid, p_auth_user_id uuid"",""security_definer"":true}","authenticated_security_definer_function_executable_public_link_community_profile_p_profile_id uuid, p_auth_user_id uuid"
authenticated_security_definer_function_executable,Signed-In Users Can Execute SECURITY DEFINER Function,WARN,EXTERNAL,"[""SECURITY""]","Detects `SECURITY DEFINER` functions that are callable by signed-in users. Revoke `EXECUTE`, switch the function to `SECURITY INVOKER`, or move it out of your exposed API schema if signed-in users should not call it.","Function `public.log_action(p_action text, p_actor uuid, p_table text, p_id text, p_payload jsonb, p_ip_hash text)` can be executed by the `authenticated` role as a `SECURITY DEFINER` function via `/rest/v1/rpc/log_action`. Revoke `EXECUTE` or switch it to `SECURITY INVOKER` if that is not intentional.",https://supabase.com/docs/guides/database/database-linter?lint=0029_authenticated_security_definer_function_executable,"{""name"":""log_action"",""schema"":""public"",""language"":""plpgsql"",""arguments"":""p_action text, p_actor uuid, p_table text, p_id text, p_payload jsonb, p_ip_hash text"",""security_definer"":true}","authenticated_security_definer_function_executable_public_log_action_p_action text, p_actor uuid, p_table text, p_id text, p_payload jsonb, p_ip_hash text"
authenticated_security_definer_function_executable,Signed-In Users Can Execute SECURITY DEFINER Function,WARN,EXTERNAL,"[""SECURITY""]","Detects `SECURITY DEFINER` functions that are callable by signed-in users. Revoke `EXECUTE`, switch the function to `SECURITY INVOKER`, or move it out of your exposed API schema if signed-in users should not call it.",Function `public.mark_all_notifications_read()` can be executed by the `authenticated` role as a `SECURITY DEFINER` function via `/rest/v1/rpc/mark_all_notifications_read`. Revoke `EXECUTE` or switch it to `SECURITY INVOKER` if that is not intentional.,https://supabase.com/docs/guides/database/database-linter?lint=0029_authenticated_security_definer_function_executable,"{""name"":""mark_all_notifications_read"",""schema"":""public"",""language"":""plpgsql"",""arguments"":"""",""security_definer"":true}",authenticated_security_definer_function_executable_public_mark_all_notifications_read_
authenticated_security_definer_function_executable,Signed-In Users Can Execute SECURITY DEFINER Function,WARN,EXTERNAL,"[""SECURITY""]","Detects `SECURITY DEFINER` functions that are callable by signed-in users. Revoke `EXECUTE`, switch the function to `SECURITY INVOKER`, or move it out of your exposed API schema if signed-in users should not call it.",Function `public.mark_notifications_read(p_notification_ids uuid[])` can be executed by the `authenticated` role as a `SECURITY DEFINER` function via `/rest/v1/rpc/mark_notifications_read`. Revoke `EXECUTE` or switch it to `SECURITY INVOKER` if that is not intentional.,https://supabase.com/docs/guides/database/database-linter?lint=0029_authenticated_security_definer_function_executable,"{""name"":""mark_notifications_read"",""schema"":""public"",""language"":""plpgsql"",""arguments"":""p_notification_ids uuid[]"",""security_definer"":true}",authenticated_security_definer_function_executable_public_mark_notifications_read_p_notification_ids uuid[]
authenticated_security_definer_function_executable,Signed-In Users Can Execute SECURITY DEFINER Function,WARN,EXTERNAL,"[""SECURITY""]","Detects `SECURITY DEFINER` functions that are callable by signed-in users. Revoke `EXECUTE`, switch the function to `SECURITY INVOKER`, or move it out of your exposed API schema if signed-in users should not call it.",Function `public.notify_badge_earned()` can be executed by the `authenticated` role as a `SECURITY DEFINER` function via `/rest/v1/rpc/notify_badge_earned`. Revoke `EXECUTE` or switch it to `SECURITY INVOKER` if that is not intentional.,https://supabase.com/docs/guides/database/database-linter?lint=0029_authenticated_security_definer_function_executable,"{""name"":""notify_badge_earned"",""schema"":""public"",""language"":""plpgsql"",""arguments"":"""",""security_definer"":true}",authenticated_security_definer_function_executable_public_notify_badge_earned_
authenticated_security_definer_function_executable,Signed-In Users Can Execute SECURITY DEFINER Function,WARN,EXTERNAL,"[""SECURITY""]","Detects `SECURITY DEFINER` functions that are callable by signed-in users. Revoke `EXECUTE`, switch the function to `SECURITY INVOKER`, or move it out of your exposed API schema if signed-in users should not call it.",Function `public.notify_bill_followed()` can be executed by the `authenticated` role as a `SECURITY DEFINER` function via `/rest/v1/rpc/notify_bill_followed`. Revoke `EXECUTE` or switch it to `SECURITY INVOKER` if that is not intentional.,https://supabase.com/docs/guides/database/database-linter?lint=0029_authenticated_security_definer_function_executable,"{""name"":""notify_bill_followed"",""schema"":""public"",""language"":""plpgsql"",""arguments"":"""",""security_definer"":true}",authenticated_security_definer_function_executable_public_notify_bill_followed_
authenticated_security_definer_function_executable,Signed-In Users Can Execute SECURITY DEFINER Function,WARN,EXTERNAL,"[""SECURITY""]","Detects `SECURITY DEFINER` functions that are callable by signed-in users. Revoke `EXECUTE`, switch the function to `SECURITY INVOKER`, or move it out of your exposed API schema if signed-in users should not call it.",Function `public.notify_bill_response()` can be executed by the `authenticated` role as a `SECURITY DEFINER` function via `/rest/v1/rpc/notify_bill_response`. Revoke `EXECUTE` or switch it to `SECURITY INVOKER` if that is not intentional.,https://supabase.com/docs/guides/database/database-linter?lint=0029_authenticated_security_definer_function_executable,"{""name"":""notify_bill_response"",""schema"":""public"",""language"":""plpgsql"",""arguments"":"""",""security_definer"":true}",authenticated_security_definer_function_executable_public_notify_bill_response_
authenticated_security_definer_function_executable,Signed-In Users Can Execute SECURITY DEFINER Function,WARN,EXTERNAL,"[""SECURITY""]","Detects `SECURITY DEFINER` functions that are callable by signed-in users. Revoke `EXECUTE`, switch the function to `SECURITY INVOKER`, or move it out of your exposed API schema if signed-in users should not call it.",Function `public.notify_bill_status_change()` can be executed by the `authenticated` role as a `SECURITY DEFINER` function via `/rest/v1/rpc/notify_bill_status_change`. Revoke `EXECUTE` or switch it to `SECURITY INVOKER` if that is not intentional.,https://supabase.com/docs/guides/database/database-linter?lint=0029_authenticated_security_definer_function_executable,"{""name"":""notify_bill_status_change"",""schema"":""public"",""language"":""plpgsql"",""arguments"":"""",""security_definer"":true}",authenticated_security_definer_function_executable_public_notify_bill_status_change_
authenticated_security_definer_function_executable,Signed-In Users Can Execute SECURITY DEFINER Function,WARN,EXTERNAL,"[""SECURITY""]","Detects `SECURITY DEFINER` functions that are callable by signed-in users. Revoke `EXECUTE`, switch the function to `SECURITY INVOKER`, or move it out of your exposed API schema if signed-in users should not call it.",Function `public.notify_bill_status_change_from_history()` can be executed by the `authenticated` role as a `SECURITY DEFINER` function via `/rest/v1/rpc/notify_bill_status_change_from_history`. Revoke `EXECUTE` or switch it to `SECURITY INVOKER` if that is not intentional.,https://supabase.com/docs/guides/database/database-linter?lint=0029_authenticated_security_definer_function_executable,"{""name"":""notify_bill_status_change_from_history"",""schema"":""public"",""language"":""plpgsql"",""arguments"":"""",""security_definer"":true}",authenticated_security_definer_function_executable_public_notify_bill_status_change_from_history_
authenticated_security_definer_function_executable,Signed-In Users Can Execute SECURITY DEFINER Function,WARN,EXTERNAL,"[""SECURITY""]","Detects `SECURITY DEFINER` functions that are callable by signed-in users. Revoke `EXECUTE`, switch the function to `SECURITY INVOKER`, or move it out of your exposed API schema if signed-in users should not call it.",Function `public.notify_campaign_update()` can be executed by the `authenticated` role as a `SECURITY DEFINER` function via `/rest/v1/rpc/notify_campaign_update`. Revoke `EXECUTE` or switch it to `SECURITY INVOKER` if that is not intentional.,https://supabase.com/docs/guides/database/database-linter?lint=0029_authenticated_security_definer_function_executable,"{""name"":""notify_campaign_update"",""schema"":""public"",""language"":""plpgsql"",""arguments"":"""",""security_definer"":true}",authenticated_security_definer_function_executable_public_notify_campaign_update_
authenticated_security_definer_function_executable,Signed-In Users Can Execute SECURITY DEFINER Function,WARN,EXTERNAL,"[""SECURITY""]","Detects `SECURITY DEFINER` functions that are callable by signed-in users. Revoke `EXECUTE`, switch the function to `SECURITY INVOKER`, or move it out of your exposed API schema if signed-in users should not call it.",Function `public.notify_chat_mention()` can be executed by the `authenticated` role as a `SECURITY DEFINER` function via `/rest/v1/rpc/notify_chat_mention`. Revoke `EXECUTE` or switch it to `SECURITY INVOKER` if that is not intentional.,https://supabase.com/docs/guides/database/database-linter?lint=0029_authenticated_security_definer_function_executable,"{""name"":""notify_chat_mention"",""schema"":""public"",""language"":""plpgsql"",""arguments"":"""",""security_definer"":true}",authenticated_security_definer_function_executable_public_notify_chat_mention_
authenticated_security_definer_function_executable,Signed-In Users Can Execute SECURITY DEFINER Function,WARN,EXTERNAL,"[""SECURITY""]","Detects `SECURITY DEFINER` functions that are callable by signed-in users. Revoke `EXECUTE`, switch the function to `SECURITY INVOKER`, or move it out of your exposed API schema if signed-in users should not call it.",Function `public.notify_community_member_joined()` can be executed by the `authenticated` role as a `SECURITY DEFINER` function via `/rest/v1/rpc/notify_community_member_joined`. Revoke `EXECUTE` or switch it to `SECURITY INVOKER` if that is not intentional.,https://supabase.com/docs/guides/database/database-linter?lint=0029_authenticated_security_definer_function_executable,"{""name"":""notify_community_member_joined"",""schema"":""public"",""language"":""plpgsql"",""arguments"":"""",""security_definer"":true}",authenticated_security_definer_function_executable_public_notify_community_member_joined_
authenticated_security_definer_function_executable,Signed-In Users Can Execute SECURITY DEFINER Function,WARN,EXTERNAL,"[""SECURITY""]","Detects `SECURITY DEFINER` functions that are callable by signed-in users. Revoke `EXECUTE`, switch the function to `SECURITY INVOKER`, or move it out of your exposed API schema if signed-in users should not call it.",Function `public.notify_constitution_reading_milestone()` can be executed by the `authenticated` role as a `SECURITY DEFINER` function via `/rest/v1/rpc/notify_constitution_reading_milestone`. Revoke `EXECUTE` or switch it to `SECURITY INVOKER` if that is not intentional.,https://supabase.com/docs/guides/database/database-linter?lint=0029_authenticated_security_definer_function_executable,"{""name"":""notify_constitution_reading_milestone"",""schema"":""public"",""language"":""plpgsql"",""arguments"":"""",""security_definer"":true}",authenticated_security_definer_function_executable_public_notify_constitution_reading_milestone_
authenticated_security_definer_function_executable,Signed-In Users Can Execute SECURITY DEFINER Function,WARN,EXTERNAL,"[""SECURITY""]","Detects `SECURITY DEFINER` functions that are callable by signed-in users. Revoke `EXECUTE`, switch the function to `SECURITY INVOKER`, or move it out of your exposed API schema if signed-in users should not call it.",Function `public.notify_credit_change()` can be executed by the `authenticated` role as a `SECURITY DEFINER` function via `/rest/v1/rpc/notify_credit_change`. Revoke `EXECUTE` or switch it to `SECURITY INVOKER` if that is not intentional.,https://supabase.com/docs/guides/database/database-linter?lint=0029_authenticated_security_definer_function_executable,"{""name"":""notify_credit_change"",""schema"":""public"",""language"":""plpgsql"",""arguments"":"""",""security_definer"":true}",authenticated_security_definer_function_executable_public_notify_credit_change_
authenticated_security_definer_function_executable,Signed-In Users Can Execute SECURITY DEFINER Function,WARN,EXTERNAL,"[""SECURITY""]","Detects `SECURITY DEFINER` functions that are callable by signed-in users. Revoke `EXECUTE`, switch the function to `SECURITY INVOKER`, or move it out of your exposed API schema if signed-in users should not call it.",Function `public.notify_followers_bill_status_change()` can be executed by the `authenticated` role as a `SECURITY DEFINER` function via `/rest/v1/rpc/notify_followers_bill_status_change`. Revoke `EXECUTE` or switch it to `SECURITY INVOKER` if that is not intentional.,https://supabase.com/docs/guides/database/database-linter?lint=0029_authenticated_security_definer_function_executable,"{""name"":""notify_followers_bill_status_change"",""schema"":""public"",""language"":""plpgsql"",""arguments"":"""",""security_definer"":true}",authenticated_security_definer_function_executable_public_notify_followers_bill_status_change_
authenticated_security_definer_function_executable,Signed-In Users Can Execute SECURITY DEFINER Function,WARN,EXTERNAL,"[""SECURITY""]","Detects `SECURITY DEFINER` functions that are callable by signed-in users. Revoke `EXECUTE`, switch the function to `SECURITY INVOKER`, or move it out of your exposed API schema if signed-in users should not call it.",Function `public.notify_moderation_action()` can be executed by the `authenticated` role as a `SECURITY DEFINER` function via `/rest/v1/rpc/notify_moderation_action`. Revoke `EXECUTE` or switch it to `SECURITY INVOKER` if that is not intentional.,https://supabase.com/docs/guides/database/database-linter?lint=0029_authenticated_security_definer_function_executable,"{""name"":""notify_moderation_action"",""schema"":""public"",""language"":""plpgsql"",""arguments"":"""",""security_definer"":true}",authenticated_security_definer_function_executable_public_notify_moderation_action_
authenticated_security_definer_function_executable,Signed-In Users Can Execute SECURITY DEFINER Function,WARN,EXTERNAL,"[""SECURITY""]","Detects `SECURITY DEFINER` functions that are callable by signed-in users. Revoke `EXECUTE`, switch the function to `SECURITY INVOKER`, or move it out of your exposed API schema if signed-in users should not call it.",Function `public.notify_new_bill_dropped()` can be executed by the `authenticated` role as a `SECURITY DEFINER` function via `/rest/v1/rpc/notify_new_bill_dropped`. Revoke `EXECUTE` or switch it to `SECURITY INVOKER` if that is not intentional.,https://supabase.com/docs/guides/database/database-linter?lint=0029_authenticated_security_definer_function_executable,"{""name"":""notify_new_bill_dropped"",""schema"":""public"",""language"":""plpgsql"",""arguments"":"""",""security_definer"":true}",authenticated_security_definer_function_executable_public_notify_new_bill_dropped_
authenticated_security_definer_function_executable,Signed-In Users Can Execute SECURITY DEFINER Function,WARN,EXTERNAL,"[""SECURITY""]","Detects `SECURITY DEFINER` functions that are callable by signed-in users. Revoke `EXECUTE`, switch the function to `SECURITY INVOKER`, or move it out of your exposed API schema if signed-in users should not call it.",Function `public.notify_new_blog_post()` can be executed by the `authenticated` role as a `SECURITY DEFINER` function via `/rest/v1/rpc/notify_new_blog_post`. Revoke `EXECUTE` or switch it to `SECURITY INVOKER` if that is not intentional.,https://supabase.com/docs/guides/database/database-linter?lint=0029_authenticated_security_definer_function_executable,"{""name"":""notify_new_blog_post"",""schema"":""public"",""language"":""plpgsql"",""arguments"":"""",""security_definer"":true}",authenticated_security_definer_function_executable_public_notify_new_blog_post_
authenticated_security_definer_function_executable,Signed-In Users Can Execute SECURITY DEFINER Function,WARN,EXTERNAL,"[""SECURITY""]","Detects `SECURITY DEFINER` functions that are callable by signed-in users. Revoke `EXECUTE`, switch the function to `SECURITY INVOKER`, or move it out of your exposed API schema if signed-in users should not call it.",Function `public.notify_new_campaign()` can be executed by the `authenticated` role as a `SECURITY DEFINER` function via `/rest/v1/rpc/notify_new_campaign`. Revoke `EXECUTE` or switch it to `SECURITY INVOKER` if that is not intentional.,https://supabase.com/docs/guides/database/database-linter?lint=0029_authenticated_security_definer_function_executable,"{""name"":""notify_new_campaign"",""schema"":""public"",""language"":""plpgsql"",""arguments"":"""",""security_definer"":true}",authenticated_security_definer_function_executable_public_notify_new_campaign_
authenticated_security_definer_function_executable,Signed-In Users Can Execute SECURITY DEFINER Function,WARN,EXTERNAL,"[""SECURITY""]","Detects `SECURITY DEFINER` functions that are callable by signed-in users. Revoke `EXECUTE`, switch the function to `SECURITY INVOKER`, or move it out of your exposed API schema if signed-in users should not call it.",Function `public.notify_new_civic_event()` can be executed by the `authenticated` role as a `SECURITY DEFINER` function via `/rest/v1/rpc/notify_new_civic_event`. Revoke `EXECUTE` or switch it to `SECURITY INVOKER` if that is not intentional.,https://supabase.com/docs/guides/database/database-linter?lint=0029_authenticated_security_definer_function_executable,"{""name"":""notify_new_civic_event"",""schema"":""public"",""language"":""plpgsql"",""arguments"":"""",""security_definer"":true}",authenticated_security_definer_function_executable_public_notify_new_civic_event_
authenticated_security_definer_function_executable,Signed-In Users Can Execute SECURITY DEFINER Function,WARN,EXTERNAL,"[""SECURITY""]","Detects `SECURITY DEFINER` functions that are callable by signed-in users. Revoke `EXECUTE`, switch the function to `SECURITY INVOKER`, or move it out of your exposed API schema if signed-in users should not call it.",Function `public.notify_new_community_member()` can be executed by the `authenticated` role as a `SECURITY DEFINER` function via `/rest/v1/rpc/notify_new_community_member`. Revoke `EXECUTE` or switch it to `SECURITY INVOKER` if that is not intentional.,https://supabase.com/docs/guides/database/database-linter?lint=0029_authenticated_security_definer_function_executable,"{""name"":""notify_new_community_member"",""schema"":""public"",""language"":""plpgsql"",""arguments"":"""",""security_definer"":true}",authenticated_security_definer_function_executable_public_notify_new_community_member_
authenticated_security_definer_function_executable,Signed-In Users Can Execute SECURITY DEFINER Function,WARN,EXTERNAL,"[""SECURITY""]","Detects `SECURITY DEFINER` functions that are callable by signed-in users. Revoke `EXECUTE`, switch the function to `SECURITY INVOKER`, or move it out of your exposed API schema if signed-in users should not call it.",Function `public.notify_new_volunteer_opportunity()` can be executed by the `authenticated` role as a `SECURITY DEFINER` function via `/rest/v1/rpc/notify_new_volunteer_opportunity`. Revoke `EXECUTE` or switch it to `SECURITY INVOKER` if that is not intentional.,https://supabase.com/docs/guides/database/database-linter?lint=0029_authenticated_security_definer_function_executable,"{""name"":""notify_new_volunteer_opportunity"",""schema"":""public"",""language"":""plpgsql"",""arguments"":"""",""security_definer"":true}",authenticated_security_definer_function_executable_public_notify_new_volunteer_opportunity_
authenticated_security_definer_function_executable,Signed-In Users Can Execute SECURITY DEFINER Function,WARN,EXTERNAL,"[""SECURITY""]","Detects `SECURITY DEFINER` functions that are callable by signed-in users. Revoke `EXECUTE`, switch the function to `SECURITY INVOKER`, or move it out of your exposed API schema if signed-in users should not call it.",Function `public.notify_resource_view()` can be executed by the `authenticated` role as a `SECURITY DEFINER` function via `/rest/v1/rpc/notify_resource_view`. Revoke `EXECUTE` or switch it to `SECURITY INVOKER` if that is not intentional.,https://supabase.com/docs/guides/database/database-linter?lint=0029_authenticated_security_definer_function_executable,"{""name"":""notify_resource_view"",""schema"":""public"",""language"":""plpgsql"",""arguments"":"""",""security_definer"":true}",authenticated_security_definer_function_executable_public_notify_resource_view_
authenticated_security_definer_function_executable,Signed-In Users Can Execute SECURITY DEFINER Function,WARN,EXTERNAL,"[""SECURITY""]","Detects `SECURITY DEFINER` functions that are callable by signed-in users. Revoke `EXECUTE`, switch the function to `SECURITY INVOKER`, or move it out of your exposed API schema if signed-in users should not call it.",Function `public.notify_resource_view_connection()` can be executed by the `authenticated` role as a `SECURITY DEFINER` function via `/rest/v1/rpc/notify_resource_view_connection`. Revoke `EXECUTE` or switch it to `SECURITY INVOKER` if that is not intentional.,https://supabase.com/docs/guides/database/database-linter?lint=0029_authenticated_security_definer_function_executable,"{""name"":""notify_resource_view_connection"",""schema"":""public"",""language"":""plpgsql"",""arguments"":"""",""security_definer"":true}",authenticated_security_definer_function_executable_public_notify_resource_view_connection_
authenticated_security_definer_function_executable,Signed-In Users Can Execute SECURITY DEFINER Function,WARN,EXTERNAL,"[""SECURITY""]","Detects `SECURITY DEFINER` functions that are callable by signed-in users. Revoke `EXECUTE`, switch the function to `SECURITY INVOKER`, or move it out of your exposed API schema if signed-in users should not call it.",Function `public.notify_settings_change()` can be executed by the `authenticated` role as a `SECURITY DEFINER` function via `/rest/v1/rpc/notify_settings_change`. Revoke `EXECUTE` or switch it to `SECURITY INVOKER` if that is not intentional.,https://supabase.com/docs/guides/database/database-linter?lint=0029_authenticated_security_definer_function_executable,"{""name"":""notify_settings_change"",""schema"":""public"",""language"":""plpgsql"",""arguments"":"""",""security_definer"":true}",authenticated_security_definer_function_executable_public_notify_settings_change_
authenticated_security_definer_function_executable,Signed-In Users Can Execute SECURITY DEFINER Function,WARN,EXTERNAL,"[""SECURITY""]","Detects `SECURITY DEFINER` functions that are callable by signed-in users. Revoke `EXECUTE`, switch the function to `SECURITY INVOKER`, or move it out of your exposed API schema if signed-in users should not call it.",Function `public.notify_signature_nps()` can be executed by the `authenticated` role as a `SECURITY DEFINER` function via `/rest/v1/rpc/notify_signature_nps`. Revoke `EXECUTE` or switch it to `SECURITY INVOKER` if that is not intentional.,https://supabase.com/docs/guides/database/database-linter?lint=0029_authenticated_security_definer_function_executable,"{""name"":""notify_signature_nps"",""schema"":""public"",""language"":""plpgsql"",""arguments"":"""",""security_definer"":true}",authenticated_security_definer_function_executable_public_notify_signature_nps_
authenticated_security_definer_function_executable,Signed-In Users Can Execute SECURITY DEFINER Function,WARN,EXTERNAL,"[""SECURITY""]","Detects `SECURITY DEFINER` functions that are callable by signed-in users. Revoke `EXECUTE`, switch the function to `SECURITY INVOKER`, or move it out of your exposed API schema if signed-in users should not call it.",Function `public.notify_system_settings_change()` can be executed by the `authenticated` role as a `SECURITY DEFINER` function via `/rest/v1/rpc/notify_system_settings_change`. Revoke `EXECUTE` or switch it to `SECURITY INVOKER` if that is not intentional.,https://supabase.com/docs/guides/database/database-linter?lint=0029_authenticated_security_definer_function_executable,"{""name"":""notify_system_settings_change"",""schema"":""public"",""language"":""plpgsql"",""arguments"":"""",""security_definer"":true}",authenticated_security_definer_function_executable_public_notify_system_settings_change_
authenticated_security_definer_function_executable,Signed-In Users Can Execute SECURITY DEFINER Function,WARN,EXTERNAL,"[""SECURITY""]","Detects `SECURITY DEFINER` functions that are callable by signed-in users. Revoke `EXECUTE`, switch the function to `SECURITY INVOKER`, or move it out of your exposed API schema if signed-in users should not call it.",Function `public.notify_volunteer_status_change()` can be executed by the `authenticated` role as a `SECURITY DEFINER` function via `/rest/v1/rpc/notify_volunteer_status_change`. Revoke `EXECUTE` or switch it to `SECURITY INVOKER` if that is not intentional.,https://supabase.com/docs/guides/database/database-linter?lint=0029_authenticated_security_definer_function_executable,"{""name"":""notify_volunteer_status_change"",""schema"":""public"",""language"":""plpgsql"",""arguments"":"""",""security_definer"":true}",authenticated_security_definer_function_executable_public_notify_volunteer_status_change_
authenticated_security_definer_function_executable,Signed-In Users Can Execute SECURITY DEFINER Function,WARN,EXTERNAL,"[""SECURITY""]","Detects `SECURITY DEFINER` functions that are callable by signed-in users. Revoke `EXECUTE`, switch the function to `SECURITY INVOKER`, or move it out of your exposed API schema if signed-in users should not call it.",Function `public.notify_volunteer_status_change_full()` can be executed by the `authenticated` role as a `SECURITY DEFINER` function via `/rest/v1/rpc/notify_volunteer_status_change_full`. Revoke `EXECUTE` or switch it to `SECURITY INVOKER` if that is not intentional.,https://supabase.com/docs/guides/database/database-linter?lint=0029_authenticated_security_definer_function_executable,"{""name"":""notify_volunteer_status_change_full"",""schema"":""public"",""language"":""plpgsql"",""arguments"":"""",""security_definer"":true}",authenticated_security_definer_function_executable_public_notify_volunteer_status_change_full_
authenticated_security_definer_function_executable,Signed-In Users Can Execute SECURITY DEFINER Function,WARN,EXTERNAL,"[""SECURITY""]","Detects `SECURITY DEFINER` functions that are callable by signed-in users. Revoke `EXECUTE`, switch the function to `SECURITY INVOKER`, or move it out of your exposed API schema if signed-in users should not call it.","Function `public.redeem_perk(p_user_id uuid, p_perk_id uuid)` can be executed by the `authenticated` role as a `SECURITY DEFINER` function via `/rest/v1/rpc/redeem_perk`. Revoke `EXECUTE` or switch it to `SECURITY INVOKER` if that is not intentional.",https://supabase.com/docs/guides/database/database-linter?lint=0029_authenticated_security_definer_function_executable,"{""name"":""redeem_perk"",""schema"":""public"",""language"":""plpgsql"",""arguments"":""p_user_id uuid, p_perk_id uuid"",""security_definer"":true}","authenticated_security_definer_function_executable_public_redeem_perk_p_user_id uuid, p_perk_id uuid"
authenticated_security_definer_function_executable,Signed-In Users Can Execute SECURITY DEFINER Function,WARN,EXTERNAL,"[""SECURITY""]","Detects `SECURITY DEFINER` functions that are callable by signed-in users. Revoke `EXECUTE`, switch the function to `SECURITY INVOKER`, or move it out of your exposed API schema if signed-in users should not call it.","Function `public.seed_constitution_batch(p_chapter_data jsonb, p_section_data jsonb)` can be executed by the `authenticated` role as a `SECURITY DEFINER` function via `/rest/v1/rpc/seed_constitution_batch`. Revoke `EXECUTE` or switch it to `SECURITY INVOKER` if that is not intentional.",https://supabase.com/docs/guides/database/database-linter?lint=0029_authenticated_security_definer_function_executable,"{""name"":""seed_constitution_batch"",""schema"":""public"",""language"":""plpgsql"",""arguments"":""p_chapter_data jsonb, p_section_data jsonb"",""security_definer"":true}","authenticated_security_definer_function_executable_public_seed_constitution_batch_p_chapter_data jsonb, p_section_data jsonb"
authenticated_security_definer_function_executable,Signed-In Users Can Execute SECURITY DEFINER Function,WARN,EXTERNAL,"[""SECURITY""]","Detects `SECURITY DEFINER` functions that are callable by signed-in users. Revoke `EXECUTE`, switch the function to `SECURITY INVOKER`, or move it out of your exposed API schema if signed-in users should not call it.",Function `public.send_event_reminders()` can be executed by the `authenticated` role as a `SECURITY DEFINER` function via `/rest/v1/rpc/send_event_reminders`. Revoke `EXECUTE` or switch it to `SECURITY INVOKER` if that is not intentional.,https://supabase.com/docs/guides/database/database-linter?lint=0029_authenticated_security_definer_function_executable,"{""name"":""send_event_reminders"",""schema"":""public"",""language"":""plpgsql"",""arguments"":"""",""security_definer"":true}",authenticated_security_definer_function_executable_public_send_event_reminders_
authenticated_security_definer_function_executable,Signed-In Users Can Execute SECURITY DEFINER Function,WARN,EXTERNAL,"[""SECURITY""]","Detects `SECURITY DEFINER` functions that are callable by signed-in users. Revoke `EXECUTE`, switch the function to `SECURITY INVOKER`, or move it out of your exposed API schema if signed-in users should not call it.",Function `public.send_reading_percentile_notifications()` can be executed by the `authenticated` role as a `SECURITY DEFINER` function via `/rest/v1/rpc/send_reading_percentile_notifications`. Revoke `EXECUTE` or switch it to `SECURITY INVOKER` if that is not intentional.,https://supabase.com/docs/guides/database/database-linter?lint=0029_authenticated_security_definer_function_executable,"{""name"":""send_reading_percentile_notifications"",""schema"":""public"",""language"":""plpgsql"",""arguments"":"""",""security_definer"":true}",authenticated_security_definer_function_executable_public_send_reading_percentile_notifications_
authenticated_security_definer_function_executable,Signed-In Users Can Execute SECURITY DEFINER Function,WARN,EXTERNAL,"[""SECURITY""]","Detects `SECURITY DEFINER` functions that are callable by signed-in users. Revoke `EXECUTE`, switch the function to `SECURITY INVOKER`, or move it out of your exposed API schema if signed-in users should not call it.","Function `public.st_estimatedextent(text, text)` can be executed by the `authenticated` role as a `SECURITY DEFINER` function via `/rest/v1/rpc/st_estimatedextent`. Revoke `EXECUTE` or switch it to `SECURITY INVOKER` if that is not intentional.",https://supabase.com/docs/guides/database/database-linter?lint=0029_authenticated_security_definer_function_executable,"{""name"":""st_estimatedextent"",""schema"":""public"",""language"":""c"",""arguments"":""text, text"",""security_definer"":true}","authenticated_security_definer_function_executable_public_st_estimatedextent_text, text"
authenticated_security_definer_function_executable,Signed-In Users Can Execute SECURITY DEFINER Function,WARN,EXTERNAL,"[""SECURITY""]","Detects `SECURITY DEFINER` functions that are callable by signed-in users. Revoke `EXECUTE`, switch the function to `SECURITY INVOKER`, or move it out of your exposed API schema if signed-in users should not call it.","Function `public.st_estimatedextent(text, text, text)` can be executed by the `authenticated` role as a `SECURITY DEFINER` function via `/rest/v1/rpc/st_estimatedextent`. Revoke `EXECUTE` or switch it to `SECURITY INVOKER` if that is not intentional.",https://supabase.com/docs/guides/database/database-linter?lint=0029_authenticated_security_definer_function_executable,"{""name"":""st_estimatedextent"",""schema"":""public"",""language"":""c"",""arguments"":""text, text, text"",""security_definer"":true}","authenticated_security_definer_function_executable_public_st_estimatedextent_text, text, text"
authenticated_security_definer_function_executable,Signed-In Users Can Execute SECURITY DEFINER Function,WARN,EXTERNAL,"[""SECURITY""]","Detects `SECURITY DEFINER` functions that are callable by signed-in users. Revoke `EXECUTE`, switch the function to `SECURITY INVOKER`, or move it out of your exposed API schema if signed-in users should not call it.","Function `public.st_estimatedextent(text, text, text, boolean)` can be executed by the `authenticated` role as a `SECURITY DEFINER` function via `/rest/v1/rpc/st_estimatedextent`. Revoke `EXECUTE` or switch it to `SECURITY INVOKER` if that is not intentional.",https://supabase.com/docs/guides/database/database-linter?lint=0029_authenticated_security_definer_function_executable,"{""name"":""st_estimatedextent"",""schema"":""public"",""language"":""c"",""arguments"":""text, text, text, boolean"",""security_definer"":true}","authenticated_security_definer_function_executable_public_st_estimatedextent_text, text, text, boolean"
authenticated_security_definer_function_executable,Signed-In Users Can Execute SECURITY DEFINER Function,WARN,EXTERNAL,"[""SECURITY""]","Detects `SECURITY DEFINER` functions that are callable by signed-in users. Revoke `EXECUTE`, switch the function to `SECURITY INVOKER`, or move it out of your exposed API schema if signed-in users should not call it.","Function `public.submit_signature(bill_id_param uuid, template_id_param uuid, name_param text, email_param text, constituency_param text, county_param text, comments_param text)` can be executed by the `authenticated` role as a `SECURITY DEFINER` function via `/rest/v1/rpc/submit_signature`. Revoke `EXECUTE` or switch it to `SECURITY INVOKER` if that is not intentional.",https://supabase.com/docs/guides/database/database-linter?lint=0029_authenticated_security_definer_function_executable,"{""name"":""submit_signature"",""schema"":""public"",""language"":""plpgsql"",""arguments"":""bill_id_param uuid, template_id_param uuid, name_param text, email_param text, constituency_param text, county_param text, comments_param text"",""security_definer"":true}","authenticated_security_definer_function_executable_public_submit_signature_bill_id_param uuid, template_id_param uuid, name_param text, email_param text, constituency_param text, county_param text, comments_param text"
authenticated_security_definer_function_executable,Signed-In Users Can Execute SECURITY DEFINER Function,WARN,EXTERNAL,"[""SECURITY""]","Detects `SECURITY DEFINER` functions that are callable by signed-in users. Revoke `EXECUTE`, switch the function to `SECURITY INVOKER`, or move it out of your exposed API schema if signed-in users should not call it.",Function `public.track_article_view()` can be executed by the `authenticated` role as a `SECURITY DEFINER` function via `/rest/v1/rpc/track_article_view`. Revoke `EXECUTE` or switch it to `SECURITY INVOKER` if that is not intentional.,https://supabase.com/docs/guides/database/database-linter?lint=0029_authenticated_security_definer_function_executable,"{""name"":""track_article_view"",""schema"":""public"",""language"":""plpgsql"",""arguments"":"""",""security_definer"":true}",authenticated_security_definer_function_executable_public_track_article_view_
authenticated_security_definer_function_executable,Signed-In Users Can Execute SECURITY DEFINER Function,WARN,EXTERNAL,"[""SECURITY""]","Detects `SECURITY DEFINER` functions that are callable by signed-in users. Revoke `EXECUTE`, switch the function to `SECURITY INVOKER`, or move it out of your exposed API schema if signed-in users should not call it.","Function `public.track_resource_view(p_resource_id text, p_resource_type text, p_view_type text, p_user_id uuid, p_ip_address inet, p_user_agent text)` can be executed by the `authenticated` role as a `SECURITY DEFINER` function via `/rest/v1/rpc/track_resource_view`. Revoke `EXECUTE` or switch it to `SECURITY INVOKER` if that is not intentional.",https://supabase.com/docs/guides/database/database-linter?lint=0029_authenticated_security_definer_function_executable,"{""name"":""track_resource_view"",""schema"":""public"",""language"":""sql"",""arguments"":""p_resource_id text, p_resource_type text, p_view_type text, p_user_id uuid, p_ip_address inet, p_user_agent text"",""security_definer"":true}","authenticated_security_definer_function_executable_public_track_resource_view_p_resource_id text, p_resource_type text, p_view_type text, p_user_id uuid, p_ip_address inet, p_user_agent text"
authenticated_security_definer_function_executable,Signed-In Users Can Execute SECURITY DEFINER Function,WARN,EXTERNAL,"[""SECURITY""]","Detects `SECURITY DEFINER` functions that are callable by signed-in users. Revoke `EXECUTE`, switch the function to `SECURITY INVOKER`, or move it out of your exposed API schema if signed-in users should not call it.",Function `public.trigger_ai_translation_draft()` can be executed by the `authenticated` role as a `SECURITY DEFINER` function via `/rest/v1/rpc/trigger_ai_translation_draft`. Revoke `EXECUTE` or switch it to `SECURITY INVOKER` if that is not intentional.,https://supabase.com/docs/guides/database/database-linter?lint=0029_authenticated_security_definer_function_executable,"{""name"":""trigger_ai_translation_draft"",""schema"":""public"",""language"":""plpgsql"",""arguments"":"""",""security_definer"":true}",authenticated_security_definer_function_executable_public_trigger_ai_translation_draft_
authenticated_security_definer_function_executable,Signed-In Users Can Execute SECURITY DEFINER Function,WARN,EXTERNAL,"[""SECURITY""]","Detects `SECURITY DEFINER` functions that are callable by signed-in users. Revoke `EXECUTE`, switch the function to `SECURITY INVOKER`, or move it out of your exposed API schema if signed-in users should not call it.",Function `public.trigger_civic_rewards()` can be executed by the `authenticated` role as a `SECURITY DEFINER` function via `/rest/v1/rpc/trigger_civic_rewards`. Revoke `EXECUTE` or switch it to `SECURITY INVOKER` if that is not intentional.,https://supabase.com/docs/guides/database/database-linter?lint=0029_authenticated_security_definer_function_executable,"{""name"":""trigger_civic_rewards"",""schema"":""public"",""language"":""plpgsql"",""arguments"":"""",""security_definer"":true}",authenticated_security_definer_function_executable_public_trigger_civic_rewards_
authenticated_security_definer_function_executable,Signed-In Users Can Execute SECURITY DEFINER Function,WARN,EXTERNAL,"[""SECURITY""]","Detects `SECURITY DEFINER` functions that are callable by signed-in users. Revoke `EXECUTE`, switch the function to `SECURITY INVOKER`, or move it out of your exposed API schema if signed-in users should not call it.",Function `public.trigger_process_broadcast_queue()` can be executed by the `authenticated` role as a `SECURITY DEFINER` function via `/rest/v1/rpc/trigger_process_broadcast_queue`. Revoke `EXECUTE` or switch it to `SECURITY INVOKER` if that is not intentional.,https://supabase.com/docs/guides/database/database-linter?lint=0029_authenticated_security_definer_function_executable,"{""name"":""trigger_process_broadcast_queue"",""schema"":""public"",""language"":""plpgsql"",""arguments"":"""",""security_definer"":true}",authenticated_security_definer_function_executable_public_trigger_process_broadcast_queue_
authenticated_security_definer_function_executable,Signed-In Users Can Execute SECURITY DEFINER Function,WARN,EXTERNAL,"[""SECURITY""]","Detects `SECURITY DEFINER` functions that are callable by signed-in users. Revoke `EXECUTE`, switch the function to `SECURITY INVOKER`, or move it out of your exposed API schema if signed-in users should not call it.",Function `public.update_bill_follow_count()` can be executed by the `authenticated` role as a `SECURITY DEFINER` function via `/rest/v1/rpc/update_bill_follow_count`. Revoke `EXECUTE` or switch it to `SECURITY INVOKER` if that is not intentional.,https://supabase.com/docs/guides/database/database-linter?lint=0029_authenticated_security_definer_function_executable,"{""name"":""update_bill_follow_count"",""schema"":""public"",""language"":""plpgsql"",""arguments"":"""",""security_definer"":true}",authenticated_security_definer_function_executable_public_update_bill_follow_count_
authenticated_security_definer_function_executable,Signed-In Users Can Execute SECURITY DEFINER Function,WARN,EXTERNAL,"[""SECURITY""]","Detects `SECURITY DEFINER` functions that are callable by signed-in users. Revoke `EXECUTE`, switch the function to `SECURITY INVOKER`, or move it out of your exposed API schema if signed-in users should not call it.",Function `public.update_discussion_reply_count()` can be executed by the `authenticated` role as a `SECURITY DEFINER` function via `/rest/v1/rpc/update_discussion_reply_count`. Revoke `EXECUTE` or switch it to `SECURITY INVOKER` if that is not intentional.,https://supabase.com/docs/guides/database/database-linter?lint=0029_authenticated_security_definer_function_executable,"{""name"":""update_discussion_reply_count"",""schema"":""public"",""language"":""plpgsql"",""arguments"":"""",""security_definer"":true}",authenticated_security_definer_function_executable_public_update_discussion_reply_count_
authenticated_security_definer_function_executable,Signed-In Users Can Execute SECURITY DEFINER Function,WARN,EXTERNAL,"[""SECURITY""]","Detects `SECURITY DEFINER` functions that are callable by signed-in users. Revoke `EXECUTE`, switch the function to `SECURITY INVOKER`, or move it out of your exposed API schema if signed-in users should not call it.","Function `public.update_processing_job_progress(job_id uuid, new_progress integer, new_step text, new_status text, log_entry jsonb)` can be executed by the `authenticated` role as a `SECURITY DEFINER` function via `/rest/v1/rpc/update_processing_job_progress`. Revoke `EXECUTE` or switch it to `SECURITY INVOKER` if that is not intentional.",https://supabase.com/docs/guides/database/database-linter?lint=0029_authenticated_security_definer_function_executable,"{""name"":""update_processing_job_progress"",""schema"":""public"",""language"":""plpgsql"",""arguments"":""job_id uuid, new_progress integer, new_step text, new_status text, log_entry jsonb"",""security_definer"":true}","authenticated_security_definer_function_executable_public_update_processing_job_progress_job_id uuid, new_progress integer, new_step text, new_status text, log_entry jsonb"
authenticated_security_definer_function_executable,Signed-In Users Can Execute SECURITY DEFINER Function,WARN,EXTERNAL,"[""SECURITY""]","Detects `SECURITY DEFINER` functions that are callable by signed-in users. Revoke `EXECUTE`, switch the function to `SECURITY INVOKER`, or move it out of your exposed API schema if signed-in users should not call it.","Function `public.user_wants_notification(p_user_id uuid, p_category text)` can be executed by the `authenticated` role as a `SECURITY DEFINER` function via `/rest/v1/rpc/user_wants_notification`. Revoke `EXECUTE` or switch it to `SECURITY INVOKER` if that is not intentional.",https://supabase.com/docs/guides/database/database-linter?lint=0029_authenticated_security_definer_function_executable,"{""name"":""user_wants_notification"",""schema"":""public"",""language"":""plpgsql"",""arguments"":""p_user_id uuid, p_category text"",""security_definer"":true}","authenticated_security_definer_function_executable_public_user_wants_notification_p_user_id uuid, p_category text"
authenticated_security_definer_function_executable,Signed-In Users Can Execute SECURITY DEFINER Function,WARN,EXTERNAL,"[""SECURITY""]","Detects `SECURITY DEFINER` functions that are callable by signed-in users. Revoke `EXECUTE`, switch the function to `SECURITY INVOKER`, or move it out of your exposed API schema if signed-in users should not call it.","Function `public.verify_signature_otp(signature_id_param uuid, otp_code_param text)` can be executed by the `authenticated` role as a `SECURITY DEFINER` function via `/rest/v1/rpc/verify_signature_otp`. Revoke `EXECUTE` or switch it to `SECURITY INVOKER` if that is not intentional.",https://supabase.com/docs/guides/database/database-linter?lint=0029_authenticated_security_definer_function_executable,"{""name"":""verify_signature_otp"",""schema"":""public"",""language"":""plpgsql"",""arguments"":""signature_id_param uuid, otp_code_param text"",""security_definer"":true}","authenticated_security_definer_function_executable_public_verify_signature_otp_signature_id_param uuid, otp_code_param text"
auth_leaked_password_protection,Leaked Password Protection Disabled,WARN,EXTERNAL,"[""SECURITY""]",Leaked password protection is currently disabled.,Supabase Auth prevents the use of compromised passwords by checking against HaveIBeenPwned.org. Enable this feature to enhance security.,https://supabase.com/docs/guides/auth/password-security#password-strength-and-leaked-password-protection,"{""type"":""auth"",""entity"":""Auth""}",auth_leaked_password_protection
vulnerable_postgres_version,Current Postgres version has security patches available,WARN,EXTERNAL,"[""SECURITY""]",Upgrade your postgres database to apply important security patches,"We have detected that the current version of postgres, supabase-postgres-15.8.1.111, has outstanding security patches available. Upgrade your database to receive the latest security patches.",https://supabase.com/docs/guides/platform/upgrading,"{""type"":""compliance"",""entity"":""Config""}",vulnerable_postgres_version